experiment,condition,dim,run,seed,algo,best_f,PSRR_DB,penalty,is_feasible,runtime_sec
pressure,frozen,12,0,42,ABC,-116.09809531011298,116.09809531011298,0,1,36.712003400025424
pressure,frozen,12,0,42,GWO,-104.97267187183058,104.97267187183058,0,1,32.1855593000073
pressure,frozen,12,0,42,FA,-114.92840826489888,114.92840826489888,0,1,88.29208350001136
pressure,frozen,12,0,42,PSO,-115.69578488702876,115.69578488702876,0,1,19.524543899984565
pressure,frozen,12,0,42,GA,-116.0425241148285,116.0425241148285,0,1,41.16143999999622
pressure,frozen,12,0,42,ACO,-109.98251756921051,109.98251756921051,0,1,36.78890849999152
pressure,frozen,12,1,1042,ABC,-110.2911746823488,110.2911746823488,0,1,42.5274475000333
pressure,frozen,12,1,1042,GWO,-104.26400790478884,104.26400790478884,0,1,31.823116299987305
pressure,frozen,12,1,1042,FA,-110.27444988515802,110.27444988515802,0,1,88.28038979996927
pressure,frozen,12,1,1042,PSO,-109.4928212645697,109.4928212645697,0,1,20.465623199997932
pressure,frozen,12,1,1042,GA,-110.25584715437682,110.25584715437682,0,1,38.140661699988414
pressure,frozen,12,1,1042,ACO,-109.84381488726756,109.84381488726756,0,1,36.6648057999555
pressure,frozen,12,2,2042,ABC,-110.07747200849052,110.07747200849052,0,1,42.60307090001879
pressure,frozen,12,2,2042,GWO,-94.16274207877862,94.16274207877862,0,1,32.16198069998063
pressure,frozen,12,2,2042,FA,-107.96115962635842,107.96115962635842,0,1,90.57383400003891
pressure,frozen,12,2,2042,PSO,-109.95589724018733,109.95589724018733,0,1,17.693051800015382
pressure,frozen,12,2,2042,GA,-110.1447754978774,110.1447754978774,0,1,39.53356199996779
pressure,frozen,12,2,2042,ACO,-110.1820682126521,110.1820682126521,0,1,36.77524109999649
pressure,frozen,12,3,3042,ABC,-111.2645463036128,111.2645463036128,0,1,41.95778890000656
pressure,frozen,12,3,3042,GWO,-111.370455519222,111.370455519222,0,1,33.1405289999675
pressure,frozen,12,3,3042,FA,-111.087065666736,111.087065666736,0,1,87.09796779998578
pressure,frozen,12,3,3042,PSO,-111.5633984566664,111.5633984566664,0,1,21.343719099997543
pressure,frozen,12,3,3042,GA,-111.48029720215756,111.48029720215756,0,1,40.04707289999351
pressure,frozen,12,3,3042,ACO,-111.56332951505344,111.56332951505344,0,1,38.779863300034776
pressure,frozen,12,4,4042,ABC,892.3565685883492,107.64343141165084,1,0,42.404498400050215
pressure,frozen,12,4,4042,GWO,903.7047090609028,96.2952909390971,1,0,30.603052699996624
pressure,frozen,12,4,4042,FA,899.1198004279743,100.88019957202567,1,0,169.0602417999762
pressure,frozen,12,4,4042,PSO,906.0813067741336,93.91869322586643,1,0,22.12857790000271
pressure,frozen,12,4,4042,GA,905.0467244172596,94.9532755827405,1,0,45.91703090001829
pressure,frozen,12,4,4042,ACO,903.65476578792,96.34523421208004,1,0,40.02799430000596
pressure,frozen,12,5,5042,ABC,-100.73757776983707,100.73757776983707,0,1,40.96822700003395
pressure,frozen,12,5,5042,GWO,903.6657305591162,96.3342694408838,1,0,32.64922750002006
pressure,frozen,12,5,5042,FA,905.029609789044,94.97039021095604,1,0,85.35442410001997
pressure,frozen,12,5,5042,PSO,-101.81071357813194,101.81071357813194,0,1,18.8823010000051
pressure,frozen,12,5,5042,GA,895.8559217336469,104.1440782663531,1,0,38.11611090000952
pressure,frozen,12,5,5042,ACO,903.6328367214556,96.36716327854444,1,0,40.33573620003881
pressure,frozen,12,6,6042,ABC,-102.77485077568063,102.77485077568063,0,1,41.3951019999804
pressure,frozen,12,6,6042,GWO,-90.15111253776487,90.15111253776487,0,1,34.87665689998539
pressure,frozen,12,6,6042,FA,907.2119721972008,92.7880278027992,1,0,88.10175529995468
pressure,frozen,12,6,6042,PSO,-102.27440202846998,102.27440202846998,0,1,17.37894259998575
pressure,frozen,12,6,6042,GA,904.6162802271364,95.38371977286371,1,0,41.64922800002387
pressure,frozen,12,6,6042,ACO,903.6472116235224,96.35278837647772,1,0,41.97456289996626
pressure,frozen,12,7,7042,ABC,-115.29300612166534,115.29300612166534,0,1,41.679256599978544
pressure,frozen,12,7,7042,GWO,888.9966862949461,111.00331370505388,1,0,33.440164000028744
pressure,frozen,12,7,7042,FA,-112.46366037437365,112.46366037437365,0,1,89.73041479999665
pressure,frozen,12,7,7042,PSO,-115.39862772574992,115.39862772574992,0,1,17.615560700010974
pressure,frozen,12,7,7042,GA,-115.33268915041984,115.33268915041984,0,1,40.69264879997354
pressure,frozen,12,7,7042,ACO,-115.40123914761472,115.40123914761472,0,1,40.96198139997432
pressure,frozen,12,8,8042,ABC,-111.38176499475595,111.38176499475595,0,1,41.782174599997234
pressure,frozen,12,8,8042,GWO,895.2033726821031,104.79662731789686,1,0,31.07194850000087
pressure,frozen,12,8,8042,FA,895.2033726821031,104.79662731789686,1,0,167.3583884999971
pressure,frozen,12,8,8042,PSO,-111.38344741638252,111.38344741638252,0,1,21.69112730002962
pressure,frozen,12,8,8042,GA,-111.38316782725296,111.38316782725296,0,1,44.69769110000925
pressure,frozen,12,8,8042,ACO,-110.69745982256792,110.69745982256792,0,1,40.50252039998304
pressure,frozen,12,9,9042,ABC,-108.42994788468052,108.42994788468052,0,1,41.82913279999048
pressure,frozen,12,9,9042,GWO,-93.45732852724332,93.45732852724332,0,1,33.259089900006074
pressure,frozen,12,9,9042,FA,-108.70860269749257,108.70860269749257,0,1,92.85262050002348
pressure,frozen,12,9,9042,PSO,-103.89233959752364,103.89233959752364,0,1,16.801877999969292
pressure,frozen,12,9,9042,GA,-108.5301703592985,108.5301703592985,0,1,44.86520060000476
pressure,frozen,12,9,9042,ACO,-103.89233959752356,103.89233959752356,0,1,42.04044709994923
pressure,frozen,12,10,10042,ABC,-95.95682335034464,95.95682335034464,0,1,42.05148279998684
pressure,frozen,12,10,10042,GWO,903.664288099732,96.33571190026804,1,0,34.18543959996896
pressure,frozen,12,10,10042,FA,907.7739550019168,92.22604499808313,1,0,84.33610590000171
pressure,frozen,12,10,10042,PSO,-96.4300877934452,96.4300877934452,0,1,18.95054920000257
pressure,frozen,12,10,10042,GA,905.720214165356,94.27978583464386,1,0,39.307299299980514
pressure,frozen,12,10,10042,ACO,903.5775609544612,96.4224390455389,1,0,36.81164119997993
pressure,frozen,12,11,11042,ABC,-110.05752238261616,110.05752238261616,0,1,40.04077959997812
pressure,frozen,12,11,11042,GWO,-93.9711980627969,93.9711980627969,0,1,34.26104720000876
pressure,frozen,12,11,11042,FA,-108.3174998866682,108.3174998866682,0,1,92.86330389999785
pressure,frozen,12,11,11042,PSO,-108.33419109813512,108.33419109813512,0,1,15.60429639997892
pressure,frozen,12,11,11042,GA,-109.92151076418044,109.92151076418044,0,1,44.473958000016864
pressure,frozen,12,11,11042,ACO,-110.06693447291104,110.06693447291104,0,1,38.11283709999407
pressure,frozen,12,12,12042,ABC,-96.5369961802908,96.5369961802908,0,1,41.720580300025176
pressure,frozen,12,12,12042,GWO,903.6639863866078,96.33601361339214,1,0,32.14502899994841
pressure,frozen,12,12,12042,FA,906.717162227558,93.28283777244188,1,0,90.40367760002846
pressure,frozen,12,12,12042,PSO,-99.42783512967016,99.42783512967016,0,1,17.85612809995655
pressure,frozen,12,12,12042,GA,-99.4020808824594,99.4020808824594,0,1,40.0754803000018
pressure,frozen,12,12,12042,ACO,903.6615847228776,96.33841527712224,1,0,41.30598810000811
pressure,frozen,12,13,13042,ABC,903.6615629100472,96.33843708995272,1,0,44.36923469998874
pressure,frozen,12,13,13042,GWO,903.6653398256852,96.33466017431488,1,0,30.944799799995963
pressure,frozen,12,13,13042,FA,905.8099429425696,94.19005705743038,1,0,86.53010440000799
pressure,frozen,12,13,13042,PSO,1905.369894720972,94.63010527902829,2,0,19.27453279995825
pressure,frozen,12,13,13042,GA,904.9065661218418,95.09343387815822,1,0,43.71149239997612
pressure,frozen,12,13,13042,ACO,903.6595546953448,96.34044530465523,1,0,40.09389369998826
pressure,frozen,12,14,14042,ABC,-95.181179461396,95.181179461396,0,1,43.24125620000996
pressure,frozen,12,14,14042,GWO,903.6718496506747,96.32815034932511,1,0,33.8155460000271
pressure,frozen,12,14,14042,FA,905.902568630572,94.097431369428,1,0,81.472482400015
pressure,frozen,12,14,14042,PSO,904.146006424201,95.85399357579894,1,0,20.772472999989983
pressure,frozen,12,14,14042,GA,-94.97799616451182,94.97799616451182,0,1,39.23437040002318
pressure,frozen,12,14,14042,ACO,903.6569550043436,96.3430449956564,1,0,42.06255259999307
pressure,frozen,12,15,15042,ABC,-108.13761535419378,108.13761535419378,0,1,40.49786519998452
pressure,frozen,12,15,15042,GWO,894.0112470503102,105.98875294968975,1,0,33.09921079996275
pressure,frozen,12,15,15042,FA,894.0112470503102,105.98875294968975,1,0,159.60114330000945
pressure,frozen,12,15,15042,PSO,-110.00162305425106,110.00162305425106,0,1,20.619327199994583
pressure,frozen,12,15,15042,GA,886.1469960251521,113.85300397484782,1,0,43.78346500004409
pressure,frozen,12,15,15042,ACO,-112.8649262506786,112.8649262506786,0,1,43.205993499956094
pressure,frozen,12,16,16042,ABC,-109.12789047770504,109.12789047770504,0,1,43.12134299997706
pressure,frozen,12,16,16042,GWO,903.6648328315164,96.33516716848374,1,0,31.5918837999925
pressure,frozen,12,16,16042,FA,-109.37351196465318,109.37351196465318,0,1,90.18526030000066
pressure,frozen,12,16,16042,PSO,-107.28618831434416,107.28618831434416,0,1,15.822025600005873
pressure,frozen,12,16,16042,GA,-107.28367004614636,107.28367004614636,0,1,40.66092709999066
pressure,frozen,12,16,16042,ACO,903.6588448538522,96.34115514614776,1,0,39.18891540000914
pressure,frozen,12,17,17042,ABC,-111.25123274689425,111.25123274689425,0,1,44.01469939999515
pressure,frozen,12,17,17042,GWO,-90.01484107825038,90.01484107825038,0,1,30.918453499965835
pressure,frozen,12,17,17042,FA,-109.23224984826636,109.23224984826636,0,1,92.4322022999986
pressure,frozen,12,17,17042,PSO,-111.30791333811968,111.30791333811968,0,1,15.08873489999678
pressure,frozen,12,17,17042,GA,-111.30937764630336,111.30937764630336,0,1,43.79802889999701
pressure,frozen,12,17,17042,ACO,-104.75798600154712,104.75798600154712,0,1,41.43807370000286
pressure,frozen,12,18,18042,ABC,-115.12253380806372,115.12253380806372,0,1,42.5948677000124
pressure,frozen,12,18,18042,GWO,-115.16464014825732,115.16464014825732,0,1,34.57284460001392
pressure,frozen,12,18,18042,FA,-100.17014723769184,100.17014723769184,0,1,91.22671969997464
pressure,frozen,12,18,18042,PSO,-113.3588625097746,113.3588625097746,0,1,13.725246799993329
pressure,frozen,12,18,18042,GA,-115.16431246634204,115.16431246634204,0,1,45.63008489995264
pressure,frozen,12,18,18042,ACO,-115.15426549600848,115.15426549600848,0,1,44.41740249999566
pressure,frozen,12,19,19042,ABC,-102.14502255048944,102.14502255048944,0,1,42.661605899978895
pressure,frozen,12,19,19042,GWO,903.669501584895,96.33049841510508,1,0,33.84568570001284
pressure,frozen,12,19,19042,FA,907.9757011205425,92.02429887945765,1,0,89.00183600001037
pressure,frozen,12,19,19042,PSO,-104.91399598873956,104.91399598873956,0,1,14.374825600010809
pressure,frozen,12,19,19042,GA,-104.8874370868353,104.8874370868353,0,1,44.492098499962594
pressure,frozen,12,19,19042,ACO,903.662121187564,96.33787881243585,1,0,42.36300820001634
pressure,frozen,12,20,20042,ABC,-110.46231003326996,110.46231003326996,0,1,39.942894499981776
pressure,frozen,12,20,20042,GWO,-101.5651613329177,101.5651613329177,0,1,29.063949199975468
pressure,frozen,12,20,20042,FA,-109.54613595555804,109.54613595555804,0,1,87.90241520002019
pressure,frozen,12,20,20042,PSO,-110.09369703941444,110.09369703941444,0,1,18.88751899998169
pressure,frozen,12,20,20042,GA,-110.58191414460966,110.58191414460966,0,1,40.2880267999717
pressure,frozen,12,20,20042,ACO,-110.09602822484112,110.09602822484112,0,1,40.712644599960186
pressure,frozen,12,21,21042,ABC,-107.45170523681524,107.45170523681524,0,1,41.44887839996954
pressure,frozen,12,21,21042,GWO,903.6229849604662,96.37701503953382,1,0,33.34371980000287
pressure,frozen,12,21,21042,FA,-98.50485183545936,98.50485183545936,0,1,84.23130819998914
pressure,frozen,12,21,21042,PSO,-107.45956520812106,107.45956520812106,0,1,16.908870899991598
pressure,frozen,12,21,21042,GA,-107.4488151466131,107.4488151466131,0,1,39.00871089997236
pressure,frozen,12,21,21042,ACO,903.6156582345312,96.38434176546872,1,0,36.03407819999848
pressure,frozen,12,22,22042,ABC,-114.63255696203242,114.63255696203242,0,1,40.56028930004686
pressure,frozen,12,22,22042,GWO,-107.36593736878602,107.36593736878602,0,1,30.375784900039434
pressure,frozen,12,22,22042,FA,-110.8950833181381,110.8950833181381,0,1,90.57815950002988
pressure,frozen,12,22,22042,PSO,-114.95584203191596,114.95584203191596,0,1,14.72017380001489
pressure,frozen,12,22,22042,GA,-114.78105364282628,114.78105364282628,0,1,44.91010749997804
pressure,frozen,12,22,22042,ACO,-115.04469514715672,115.04469514715672,0,1,42.36693160003051
pressure,frozen,12,23,23042,ABC,900.3650512874977,99.6349487125022,1,0,35.26871039997786
pressure,frozen,12,23,23042,GWO,903.9067989378422,96.0932010621578,1,0,32.23829529999057
pressure,frozen,12,23,23042,FA,904.2984083671691,95.70159163283073,1,0,83.93139449995942
pressure,frozen,12,23,23042,PSO,904.1790364236608,95.82096357633924,1,0,19.30338940001093
pressure,frozen,12,23,23042,GA,904.0913491790816,95.90865082091824,1,0,40.95137710002018
pressure,frozen,12,23,23042,ACO,903.6612997053606,96.33870029463937,1,0,41.14906039997004
pressure,frozen,12,24,24042,ABC,903.660876702014,96.33912329798588,1,0,35.86029280000366
pressure,frozen,12,24,24042,GWO,903.6663145543126,96.33368544568738,1,0,34.584723600011785
pressure,frozen,12,24,24042,FA,905.4223868755108,94.577613124489,1,0,82.01421330001904
pressure,frozen,12,24,24042,PSO,-91.69175728754612,91.69175728754612,0,1,19.35559880000073
pressure,frozen,12,24,24042,GA,903.6997822636332,96.3002177363667,1,0,49.61629759997595
pressure,frozen,12,24,24042,ACO,903.6621201208663,96.3378798791335,1,0,37.06907130003674
pressure,frozen,12,25,25042,ABC,-100.88837549522658,100.88837549522658,0,1,39.883186499995645
pressure,frozen,12,25,25042,GWO,903.6655351531622,96.33446484683788,1,0,35.9305519000045
pressure,frozen,12,25,25042,FA,892.8946012340099,107.10539876599007,1,0,75.23880349996034
pressure,frozen,12,25,25042,PSO,893.3748599842451,106.62514001575497,1,0,21.047740800015163
pressure,frozen,12,25,25042,GA,892.8275246988496,107.17247530115036,1,0,46.15557020000415
pressure,frozen,12,25,25042,ACO,903.6611464459954,96.33885355400452,1,0,35.59582919999957
pressure,frozen,12,26,26042,ABC,-107.66472841077922,107.66472841077922,0,1,37.62238570000045
pressure,frozen,12,26,26042,GWO,898.1729832799012,101.82701672009874,1,0,35.175411300035194
pressure,frozen,12,26,26042,FA,-105.28685585812975,105.28685585812975,0,1,81.24594660004368
pressure,frozen,12,26,26042,PSO,-107.7856791387968,107.7856791387968,0,1,21.757988600002136
pressure,frozen,12,26,26042,GA,-107.40128770609115,107.40128770609115,0,1,46.16342250001617
pressure,frozen,12,26,26042,ACO,-107.7852831223009,107.7852831223009,0,1,41.26970359997358
pressure,frozen,12,27,27042,ABC,-107.80550836082294,107.80550836082294,0,1,37.00514419999672
pressure,frozen,12,27,27042,GWO,892.1843982939382,107.81560170606176,1,0,34.022931799991056
pressure,frozen,12,27,27042,FA,-103.19822004038777,103.19822004038777,0,1,81.27497249998851
pressure,frozen,12,27,27042,PSO,-108.7839024142764,108.7839024142764,0,1,21.05918300000485
pressure,frozen,12,27,27042,GA,889.1640033410059,110.83599665899403,1,0,48.254583499976434
pressure,frozen,12,27,27042,ACO,-109.12546604146164,109.12546604146164,0,1,41.59415530000115
pressure,frozen,12,28,28042,ABC,-116.27586401100704,116.27586401100704,0,1,36.58038940001279
pressure,frozen,12,28,28042,GWO,-116.16992218273153,116.16992218273153,0,1,35.00903100002324
pressure,frozen,12,28,28042,FA,-116.21838341099333,116.21838341099333,0,1,84.99211910000304
pressure,frozen,12,28,28042,PSO,-115.25967292285958,115.25967292285958,0,1,21.804512700007763
pressure,frozen,12,28,28042,GA,-116.17616411655972,116.17616411655972,0,1,46.50711300002877
pressure,frozen,12,28,28042,ACO,-115.62002178374462,115.62002178374462,0,1,42.42034259997308
pressure,frozen,12,29,29042,ABC,-99.1685210472772,99.1685210472772,0,1,32.50312629999826
pressure,frozen,12,29,29042,GWO,903.8626561665868,96.137343833413,1,0,35.96122870000545
pressure,frozen,12,29,29042,FA,906.1062951180844,93.89370488191568,1,0,84.77452300000004
pressure,frozen,12,29,29042,PSO,904.9377927008236,95.06220729917636,1,0,20.195247200026643
pressure,frozen,12,29,29042,GA,-93.55861417147106,93.55861417147106,0,1,44.842598899966106
pressure,frozen,12,29,29042,ACO,903.6608438552466,96.33915614475332,1,0,34.028698200010695
pressure,relaxed,12,0,42,ABC,-116.17063775554084,116.17063775554084,0,1,46.20787879999261
pressure,relaxed,12,0,42,GWO,-108.42859168715844,108.42859168715844,0,1,30.55241619999288
pressure,relaxed,12,0,42,FA,-116.14252533959566,116.14252533959566,0,1,90.3434710999718
pressure,relaxed,12,0,42,PSO,-116.13731199281948,116.13731199281948,0,1,20.386601399979558
pressure,relaxed,12,0,42,GA,-116.17030167121364,116.17030167121364,0,1,41.57043429999612
pressure,relaxed,12,0,42,ACO,-110.03183405250915,110.03183405250915,0,1,37.33235909999348
pressure,relaxed,12,1,1042,ABC,-110.29055552784584,110.29055552784584,0,1,47.3214628000278
pressure,relaxed,12,1,1042,GWO,-102.41338121644476,102.41338121644476,0,1,31.43838369997684
pressure,relaxed,12,1,1042,FA,-109.79560502963392,109.79560502963392,0,1,85.34530640003504
pressure,relaxed,12,1,1042,PSO,-110.29507750032047,110.29507750032047,0,1,21.0757679999806
pressure,relaxed,12,1,1042,GA,-110.29188592076314,110.29188592076314,0,1,42.70131370000309
pressure,relaxed,12,1,1042,ACO,-109.8437981208037,109.8437981208037,0,1,40.73782659997232
pressure,relaxed,12,2,2042,ABC,-110.50035331600864,110.50035331600864,0,1,49.15021690004505
pressure,relaxed,12,2,2042,GWO,-98.41430552086888,98.41430552086888,0,1,33.457010000012815
pressure,relaxed,12,2,2042,FA,-108.69955928723137,108.69955928723137,0,1,88.45771240000613
pressure,relaxed,12,2,2042,PSO,-109.23995399043736,109.23995399043736,0,1,21.28421419998631
pressure,relaxed,12,2,2042,GA,-110.49036616289482,110.49036616289482,0,1,41.32269130001077
pressure,relaxed,12,2,2042,ACO,-98.41512266808596,98.41512266808596,0,1,41.590544699982274
pressure,relaxed,12,3,3042,ABC,-113.2165439154067,113.2165439154067,0,1,46.663105500047095
pressure,relaxed,12,3,3042,GWO,-96.33795346953836,96.33795346953836,0,1,34.26659809995908
pressure,relaxed,12,3,3042,FA,-95.34070494277304,95.34070494277304,0,1,84.91425240004901
pressure,relaxed,12,3,3042,PSO,-113.2828618496632,113.2828618496632,0,1,20.55916060000891
pressure,relaxed,12,3,3042,GA,-113.0848385833795,113.0848385833795,0,1,43.78905520000262
pressure,relaxed,12,3,3042,ACO,-102.29654653407556,102.29654653407556,0,1,40.29748000000836
pressure,relaxed,12,4,4042,ABC,-104.24945619264376,104.24945619264376,0,1,45.38149020000128
pressure,relaxed,12,4,4042,GWO,-96.4027416684638,96.4027416684638,0,1,34.68192510004155
pressure,relaxed,12,4,4042,FA,-94.89486296807247,94.89486296807247,0,1,90.30565240001306
pressure,relaxed,12,4,4042,PSO,-94.67548094949036,94.67548094949036,0,1,20.99267710000277
pressure,relaxed,12,4,4042,GA,-104.81872671736912,104.81872671736912,0,1,45.80048299999908
pressure,relaxed,12,4,4042,ACO,-96.34062984826748,96.34062984826748,0,1,38.11135410005227
pressure,relaxed,12,5,5042,ABC,-102.5959799892318,102.5959799892318,0,1,44.39904550003121
pressure,relaxed,12,5,5042,GWO,-96.33576655427686,96.33576655427686,0,1,31.716406200022902
pressure,relaxed,12,5,5042,FA,-101.48681450657,101.48681450657,0,1,84.6343580999528
pressure,relaxed,12,5,5042,PSO,-95.59686602850678,95.59686602850678,0,1,21.59716990002198
pressure,relaxed,12,5,5042,GA,-102.66332188900066,102.66332188900066,0,1,42.07240280002589
pressure,relaxed,12,5,5042,ACO,-96.3473917782938,96.3473917782938,0,1,41.581582099956
pressure,relaxed,12,6,6042,ABC,-103.40485100713326,103.40485100713326,0,1,44.67264530004468
pressure,relaxed,12,6,6042,GWO,-96.34137781497309,96.34137781497309,0,1,32.16138190001948
pressure,relaxed,12,6,6042,FA,-94.98814468146516,94.98814468146516,0,1,93.33872749999864
pressure,relaxed,12,6,6042,PSO,-101.71823080031017,101.71823080031017,0,1,19.837282499996945
pressure,relaxed,12,6,6042,GA,-103.12661072024125,103.12661072024125,0,1,42.23253470001509
pressure,relaxed,12,6,6042,ACO,-96.40994855278451,96.40994855278451,0,1,37.741704699990805
pressure,relaxed,12,7,7042,ABC,-115.79460641734622,115.79460641734622,0,1,45.44615919998614
pressure,relaxed,12,7,7042,GWO,-97.28422587381748,97.28422587381748,0,1,33.764609100006055
pressure,relaxed,12,7,7042,FA,-115.78432055784609,115.78432055784609,0,1,84.98509999999078
pressure,relaxed,12,7,7042,PSO,-115.36644275864352,115.36644275864352,0,1,21.33808489999501
pressure,relaxed,12,7,7042,GA,-113.17607770545688,113.17607770545688,0,1,43.5305529999896
pressure,relaxed,12,7,7042,ACO,-115.82888116509542,115.82888116509542,0,1,38.32766539999284
pressure,relaxed,12,8,8042,ABC,-111.38082247600072,111.38082247600072,0,1,45.97097509994637
pressure,relaxed,12,8,8042,GWO,-104.79662731789686,104.79662731789686,0,1,35.70926500001224
pressure,relaxed,12,8,8042,FA,-110.66905586990288,110.66905586990288,0,1,92.0447541999747
pressure,relaxed,12,8,8042,PSO,-111.21207520074212,111.21207520074212,0,1,22.0835654999828
pressure,relaxed,12,8,8042,GA,-111.38330160345062,111.38330160345062,0,1,42.890637499978766
pressure,relaxed,12,8,8042,ACO,-111.38331900258903,111.38331900258903,0,1,33.49373009998817
pressure,relaxed,12,9,9042,ABC,-109.1979720718071,109.1979720718071,0,1,46.59992780000903
pressure,relaxed,12,9,9042,GWO,-96.33701339435368,96.33701339435368,0,1,32.337934500013944
pressure,relaxed,12,9,9042,FA,-105.63520641794182,105.63520641794182,0,1,88.26296249998268
pressure,relaxed,12,9,9042,PSO,-109.23963342063456,109.23963342063456,0,1,21.607113900012337
pressure,relaxed,12,9,9042,GA,-96.35394154689251,96.35394154689251,0,1,43.18631099996856
pressure,relaxed,12,9,9042,ACO,-103.89233959752356,103.89233959752356,0,1,38.15501529996982
pressure,relaxed,12,10,10042,ABC,-96.74694233394791,96.74694233394791,0,1,44.9911618999904
pressure,relaxed,12,10,10042,GWO,-96.33346897619371,96.33346897619371,0,1,33.217141500033904
pressure,relaxed,12,10,10042,FA,-95.78121467572264,95.78121467572264,0,1,92.1990313999704
pressure,relaxed,12,10,10042,PSO,-95.85221327344092,95.85221327344092,0,1,20.427477699995507
pressure,relaxed,12,10,10042,GA,-96.20276133178254,96.20276133178254,0,1,43.37475979997544
pressure,relaxed,12,10,10042,ACO,-96.35420080995203,96.35420080995203,0,1,36.60967169998912
pressure,relaxed,12,11,11042,ABC,-110.20191381384964,110.20191381384964,0,1,46.229894100048114
pressure,relaxed,12,11,11042,GWO,-99.18180744945018,99.18180744945018,0,1,36.62443590001203
pressure,relaxed,12,11,11042,FA,-109.98097621458396,109.98097621458396,0,1,86.39488949999213
pressure,relaxed,12,11,11042,PSO,-110.20489444996636,110.20489444996636,0,1,21.19063740002457
pressure,relaxed,12,11,11042,GA,-110.19717793240848,110.19717793240848,0,1,39.47971879999386
pressure,relaxed,12,11,11042,ACO,-108.20068236947972,108.20068236947972,0,1,37.932374399970286
pressure,relaxed,12,12,12042,ABC,-100.51704198160564,100.51704198160564,0,1,45.134081900003366
pressure,relaxed,12,12,12042,GWO,-96.33747318873831,96.33747318873831,0,1,32.34478729998227
pressure,relaxed,12,12,12042,FA,-97.10565639267458,97.10565639267458,0,1,92.79273530002683
pressure,relaxed,12,12,12042,PSO,-99.03185739264433,99.03185739264433,0,1,20.614763599995054
pressure,relaxed,12,12,12042,GA,-95.04239782195594,95.04239782195594,0,1,45.643345099990256
pressure,relaxed,12,12,12042,ACO,-96.33883707940082,96.33883707940082,0,1,34.51091599999927
pressure,relaxed,12,13,13042,ABC,-96.37698395580146,96.37698395580146,0,1,42.54536950000329
pressure,relaxed,12,13,13042,GWO,-96.33618890765062,96.33618890765062,0,1,32.19836660003057
pressure,relaxed,12,13,13042,FA,-94.92001289000918,94.92001289000918,0,1,88.1071501999977
pressure,relaxed,12,13,13042,PSO,-95.79345298058644,95.79345298058644,0,1,22.571300900017377
pressure,relaxed,12,13,13042,GA,-96.33797125096672,96.33797125096672,0,1,42.93885499995668
pressure,relaxed,12,13,13042,ACO,-96.33813603481136,96.33813603481136,0,1,38.57655239995802
pressure,relaxed,12,14,14042,ABC,-96.43639614618895,96.43639614618895,0,1,45.91643959999783
pressure,relaxed,12,14,14042,GWO,-96.55219740024737,96.55219740024737,0,1,33.029008999990765
pressure,relaxed,12,14,14042,FA,-93.83199787744353,93.83199787744353,0,1,86.38944060000358
pressure,relaxed,12,14,14042,PSO,-94.502963121321,94.502963121321,0,1,21.50272649998078
pressure,relaxed,12,14,14042,GA,-94.09647082332924,94.09647082332924,0,1,41.265595700009726
pressure,relaxed,12,14,14042,ACO,-96.33826944750147,96.33826944750147,0,1,37.29246970004169
pressure,relaxed,12,15,15042,ABC,-113.57742609505225,113.57742609505225,0,1,43.47450760001084
pressure,relaxed,12,15,15042,GWO,-96.32542321064368,96.32542321064368,0,1,30.50794390001101
pressure,relaxed,12,15,15042,FA,-107.04170795079796,107.04170795079796,0,1,90.04857919999631
pressure,relaxed,12,15,15042,PSO,-96.05484281333356,96.05484281333356,0,1,21.074038100021426
pressure,relaxed,12,15,15042,GA,-108.888198083749,108.888198083749,0,1,42.26250589999836
pressure,relaxed,12,15,15042,ACO,-113.60515067788948,113.60515067788948,0,1,39.91514559998177
pressure,relaxed,12,16,16042,ABC,-109.76414177009856,109.76414177009856,0,1,42.231779300025664
pressure,relaxed,12,16,16042,GWO,-96.3447755618597,96.3447755618597,0,1,33.60505600000033
pressure,relaxed,12,16,16042,FA,-109.70808421921058,109.70808421921058,0,1,84.1715753999888
pressure,relaxed,12,16,16042,PSO,-95.7478779368672,95.7478779368672,0,1,19.56785829999717
pressure,relaxed,12,16,16042,GA,-95.72112719634744,95.72112719634744,0,1,43.89174920000369
pressure,relaxed,12,16,16042,ACO,-96.3405006431939,96.3405006431939,0,1,38.053905500040855
pressure,relaxed,12,17,17042,ABC,-111.53210108935144,111.53210108935144,0,1,41.20525030000135
pressure,relaxed,12,17,17042,GWO,-96.33613006472191,96.33613006472191,0,1,31.9132972000516
pressure,relaxed,12,17,17042,FA,-109.64458644251458,109.64458644251458,0,1,88.48587159998715
pressure,relaxed,12,17,17042,PSO,-111.7271431678432,111.7271431678432,0,1,21.15456759999506
pressure,relaxed,12,17,17042,GA,-96.34349384423216,96.34349384423216,0,1,43.977591199975
pressure,relaxed,12,17,17042,ACO,-96.33868237580263,96.33868237580263,0,1,35.94405029999325
pressure,relaxed,12,18,18042,ABC,-115.38168517836736,115.38168517836736,0,1,42.93133749999106
pressure,relaxed,12,18,18042,GWO,-96.33603486237932,96.33603486237932,0,1,34.15662139997585
pressure,relaxed,12,18,18042,FA,-95.83760702589562,95.83760702589562,0,1,85.98660560004646
pressure,relaxed,12,18,18042,PSO,-95.05893600340302,95.05893600340302,0,1,20.976167000015263
pressure,relaxed,12,18,18042,GA,-115.30860025312944,115.30860025312944,0,1,42.52652269997634
pressure,relaxed,12,18,18042,ACO,-110.16568294899464,110.16568294899464,0,1,35.394943799998146
pressure,relaxed,12,19,19042,ABC,-105.3932924473777,105.3932924473777,0,1,43.10980559996096
pressure,relaxed,12,19,19042,GWO,-96.33759618217285,96.33759618217285,0,1,33.24911010003416
pressure,relaxed,12,19,19042,FA,-94.08141274807248,94.08141274807248,0,1,87.3624610999832
pressure,relaxed,12,19,19042,PSO,-104.72440741738868,104.72440741738868,0,1,21.959670900017954
pressure,relaxed,12,19,19042,GA,-105.28459987613596,105.28459987613596,0,1,43.88524090003921
pressure,relaxed,12,19,19042,ACO,-96.3384826014282,96.3384826014282,0,1,34.677106700022705
pressure,relaxed,12,20,20042,ABC,-110.72975528657504,110.72975528657504,0,1,41.82054929999868
pressure,relaxed,12,20,20042,GWO,-101.5651613329177,101.5651613329177,0,1,34.74916760000633
pressure,relaxed,12,20,20042,FA,-101.5651613329177,101.5651613329177,0,1,161.96749170002295
pressure,relaxed,12,20,20042,PSO,-110.1084342170413,110.1084342170413,0,1,18.492520200030413
pressure,relaxed,12,20,20042,GA,-110.72433730015057,110.72433730015057,0,1,22.42503270000452
pressure,relaxed,12,20,20042,ACO,-110.72978099413416,110.72978099413416,0,1,20.264700200001244
pressure,relaxed,12,21,21042,ABC,-107.55722979850104,107.55722979850104,0,1,45.44075639999937
pressure,relaxed,12,21,21042,GWO,-96.35575361757262,96.35575361757262,0,1,31.229656999988947
pressure,relaxed,12,21,21042,FA,-107.51340857174746,107.51340857174746,0,1,87.88069669995457
pressure,relaxed,12,21,21042,PSO,-107.55762203481768,107.55762203481768,0,1,21.22237600001972
pressure,relaxed,12,21,21042,GA,-100.62800830854904,100.62800830854904,0,1,26.66122160002124
pressure,relaxed,12,21,21042,ACO,-96.76411981379069,96.76411981379069,0,1,20.402728100016247
pressure,relaxed,12,22,22042,ABC,-115.07357727531146,115.07357727531146,0,1,43.655685500008985
pressure,relaxed,12,22,22042,GWO,-112.88330602627695,112.88330602627695,0,1,32.45726649998687
pressure,relaxed,12,22,22042,FA,-115.06935399775888,115.06935399775888,0,1,85.5777677000151
pressure,relaxed,12,22,22042,PSO,-114.75999502126864,114.75999502126864,0,1,23.07741049997276
pressure,relaxed,12,22,22042,GA,-115.08220945575614,115.08220945575614,0,1,25.29971209994983
pressure,relaxed,12,22,22042,ACO,-115.08232172073303,115.08232172073303,0,1,20.218145399994683
pressure,relaxed,12,23,23042,ABC,-98.2190521842778,98.2190521842778,0,1,44.38026770000579
pressure,relaxed,12,23,23042,GWO,-96.33853693527446,96.33853693527446,0,1,30.14450689998921
pressure,relaxed,12,23,23042,FA,-95.01495073045643,95.01495073045643,0,1,84.49337509996258
pressure,relaxed,12,23,23042,PSO,-95.2753903834301,95.2753903834301,0,1,22.553745199984405
pressure,relaxed,12,23,23042,GA,-95.92206468541572,95.92206468541572,0,1,26.201679399993736
pressure,relaxed,12,23,23042,ACO,-96.33789774428782,96.33789774428782,0,1,20.19581300002756
pressure,relaxed,12,24,24042,ABC,-96.33954253220752,96.33954253220752,0,1,40.93685019999975
pressure,relaxed,12,24,24042,GWO,-96.333561217145,96.333561217145,0,1,30.928120099997614
pressure,relaxed,12,24,24042,FA,-95.09178232202616,95.09178232202616,0,1,84.7662130999961
pressure,relaxed,12,24,24042,PSO,-94.97856167777938,94.97856167777938,0,1,21.76756619999651
pressure,relaxed,12,24,24042,GA,-94.7055020131193,94.7055020131193,0,1,25.808579900010955
pressure,relaxed,12,24,24042,ACO,-96.33929832293234,96.33929832293234,0,1,20.13606140000047
pressure,relaxed,12,25,25042,ABC,-102.50129631156244,102.50129631156244,0,1,41.15706290001981
pressure,relaxed,12,25,25042,GWO,-96.33708427941188,96.33708427941188,0,1,34.325980499968864
pressure,relaxed,12,25,25042,FA,-91.6751920438935,91.6751920438935,0,1,84.4194822999998
pressure,relaxed,12,25,25042,PSO,-104.89488172315536,104.89488172315536,0,1,21.16407420003088
pressure,relaxed,12,25,25042,GA,-96.33787747493676,96.33787747493676,0,1,23.91554150002776
pressure,relaxed,12,25,25042,ACO,-96.34491180400715,96.34491180400715,0,1,20.08250889996998
pressure,relaxed,12,26,26042,ABC,-108.0665004500899,108.0665004500899,0,1,42.72736259998055
pressure,relaxed,12,26,26042,GWO,-96.33729459732,96.33729459732,0,1,28.353880500013474
pressure,relaxed,12,26,26042,FA,-94.09558096485604,94.09558096485604,0,1,86.33517950004898
pressure,relaxed,12,26,26042,PSO,-95.62553854275994,95.62553854275994,0,1,22.28716860001441
pressure,relaxed,12,26,26042,GA,-96.33989778007016,96.33989778007016,0,1,24.5485085999826
pressure,relaxed,12,26,26042,ACO,-96.341323449887,96.341323449887,0,1,20.241832299972884
pressure,relaxed,12,27,27042,ABC,-110.07177063679038,110.07177063679038,0,1,41.61318459996255
pressure,relaxed,12,27,27042,GWO,-96.4021900693092,96.4021900693092,0,1,33.006381699990015
pressure,relaxed,12,27,27042,FA,-95.71272985283682,95.71272985283682,0,1,90.69473719998496
pressure,relaxed,12,27,27042,PSO,-110.25993600160064,110.25993600160064,0,1,18.62081669998588
pressure,relaxed,12,27,27042,GA,-106.77768763223013,106.77768763223013,0,1,23.17520179995336
pressure,relaxed,12,27,27042,ACO,-96.34167552341734,96.34167552341734,0,1,20.21996739995666
pressure,relaxed,12,28,28042,ABC,-116.3915664357588,116.3915664357588,0,1,38.31089689995861
pressure,relaxed,12,28,28042,GWO,-96.33596749549768,96.33596749549768,0,1,31.988842300022952
pressure,relaxed,12,28,28042,FA,-116.3585571520793,116.3585571520793,0,1,88.49208669998916
pressure,relaxed,12,28,28042,PSO,-116.41553438791873,116.41553438791873,0,1,20.04783610004233
pressure,relaxed,12,28,28042,GA,-116.32643934009737,116.32643934009737,0,1,22.600005200016312
pressure,relaxed,12,28,28042,ACO,-107.86251810474177,107.86251810474177,0,1,20.17430760001298
pressure,relaxed,12,29,29042,ABC,-100.92746464563918,100.92746464563918,0,1,34.6186065999791
pressure,relaxed,12,29,29042,GWO,-96.37086304120028,96.37086304120028,0,1,32.04335029999493
pressure,relaxed,12,29,29042,FA,-94.90327378738456,94.90327378738456,0,1,75.88073330000043
pressure,relaxed,12,29,29042,PSO,-96.00303564452604,96.00303564452604,0,1,10.536163999990094
pressure,relaxed,12,29,29042,GA,-95.89396200256505,95.89396200256505,0,1,21.894327600020915
pressure,relaxed,12,29,29042,ACO,-96.3381594105318,96.3381594105318,0,1,20.12138099997537
