case,case_name,dim,run,seed,algo,pop,best_fitness,PSRR_DB,penalty,is_feasible,VREF,TC,LOOP_GAIN_DB,PHASE_MARGIN_DEG,GAIN_MARGIN_DB,POWER_UW,viol_vref,viol_tc,viol_loop_gain,viol_phase_margin,viol_gain_margin,viol_power,first_feasible_eval,best_feasible_found,best_feasible_fitness,best_feasible_PSRR,best_feasible_VREF,best_feasible_TC,best_feasible_LOOP_GAIN_DB,best_feasible_PHASE_MARGIN_DEG,best_feasible_GAIN_MARGIN_DB,best_feasible_POWER_UW,runtime_sec,eval_budget,actual_evals,last_improvement_eval,convergence_auc,sim_evals_worker_cum,sim_ok_worker_cum,sim_failures_worker_cum,server_restarts_worker_cum,psrr_def,PSRR_WC_DB,PSRR_100HZ_DB,best_feasible_PSRR_WC_DB,best_feasible_PSRR_100HZ_DB,evaluator_recovers_timeouts,x_w_pdiff,x_w_ncasc,x_w_pmir,x_w_pass,x_l_all,x_iss,x_vbnv,xf_w_pdiff,xf_w_ncasc,xf_w_pmir,xf_w_pass,xf_l_all,xf_iss,xf_vbnv,c_VREF_min,c_VREF_max,c_TC_max,c_LoopGain_min,c_PhaseMargin_min,c_GainMargin_min,c_Power_max
hard,SKY130-BGR-hard,7,0,312345,ABC,40,-50.36674,50.36674,0,1,1.220633,22.5715,52.3757,69.665,18.5802,37.12788,0,0,0,0,0,0,246.0,1,-50.36674,50.36674,1.220633,22.5715,52.3757,69.665,18.5802,37.12788,15772.715839996934,150000,150000,105821.0,-45.81167790245268,150001,149975,measure_failed=26,0,PSRR_worst_case_10Hz_10MHz,50.36674,50.36674,50.36674,50.36674,1,3.99,1.005,1.0,21.37,0.795,6.46949930219248,1.2918550318223252,3.99,1.005,1.0,21.37,0.795,6.46949930219248,1.2918550318223252,1.218694,1.221112,24.2,52.2,64.2,18.2,48.9
hard,SKY130-BGR-hard,7,1,313345,ABC,40,-50.65116,50.65116,0,1,1.220826,21.72399,52.3479,69.424,18.2,41.6655,0,0,0,0,0,0,105.0,1,-50.65116,50.65116,1.220826,21.72399,52.3479,69.424,18.2,41.6655,16896.287251630798,150000,150000,121361.0,-47.63334290958606,150001,149987,measure_failed=14,0,PSRR_worst_case_10Hz_10MHz,50.65116,50.65116,50.65116,50.65116,1,3.73,1.095,1.0,22.375,0.8400000000000001,8.042839812743873,1.205710775512223,3.73,1.095,1.0,22.375,0.8400000000000001,8.042839812743873,1.205710775512223,1.218694,1.221112,24.2,52.2,64.2,18.2,48.9
hard,SKY130-BGR-hard,7,2,314345,ABC,40,-50.59383,50.59383,0,1,1.220804,21.99246,52.2173,69.343,18.204,41.02501,0,0,0,0,0,0,525.0,1,-50.59383,50.59383,1.220804,21.99246,52.2173,69.343,18.204,41.02501,16367.700797243044,150000,150000,62254.0,-43.50373831802212,150001,149986,measure_failed=15,0,PSRR_worst_case_10Hz_10MHz,50.59383,50.59383,50.59383,50.59383,1,3.59,1.455,1.0,21.48,0.8400000000000001,7.820722623650444,1.204166109252138,3.59,1.455,1.0,21.48,0.8400000000000001,7.820722623650444,1.204166109252138,1.218694,1.221112,24.2,52.2,64.2,18.2,48.9
hard,SKY130-BGR-hard,7,3,315345,ABC,40,-50.41886,50.41886,0,1,1.220803,22.07687,52.3441,69.648,18.2651,42.78312,0,0,0,0,0,0,526.0,1,-50.41886,50.41886,1.220803,22.07687,52.3441,69.648,18.2651,42.78312,17598.80061674118,150000,150000,31661.0,-38.593972599684,150001,149967,measure_failed=34,0,PSRR_worst_case_10Hz_10MHz,50.41886,50.41886,50.41886,50.41886,1,3.51,1.2,1.0,20.275,0.915,8.431296048259501,1.1450228772189208,3.51,1.2,1.0,20.275,0.915,8.431296048259501,1.1450228772189208,1.218694,1.221112,24.2,52.2,64.2,18.2,48.9
hard,SKY130-BGR-hard,7,4,316345,ABC,40,-50.76797,50.76797,0,1,1.22082,21.87303,52.2846,69.444,18.2007,42.66124,0,0,0,0,0,0,278.0,1,-50.76797,50.76797,1.22082,21.87303,52.2846,69.444,18.2007,42.66124,15374.42272619158,150000,150000,128875.0,-44.46210292605284,150001,149993,measure_failed=8,0,PSRR_worst_case_10Hz_10MHz,50.76797,50.76797,50.76797,50.76797,1,3.605,1.055,1.0,21.095,0.875,8.388720933515902,1.171324061672846,3.605,1.055,1.0,21.095,0.875,8.388720933515902,1.171324061672846,1.218694,1.221112,24.2,52.2,64.2,18.2,48.9
hard,SKY130-BGR-hard,7,5,317345,ABC,40,-50.75767,50.75767,0,1,1.220857,21.84258,52.2184,69.511,18.2193,43.36529,0,0,0,0,0,0,93.0,1,-50.75767,50.75767,1.220857,21.84258,52.2184,69.511,18.2193,43.36529,16617.364330640063,150000,150000,112071.0,-45.616165038500256,150001,149981,measure_failed=20,0,PSRR_worst_case_10Hz_10MHz,50.75767,50.75767,50.75767,50.75767,1,3.515,1.12,1.0,20.735,0.895,8.63277561162421,1.1594114261301256,3.515,1.12,1.0,20.735,0.895,8.63277561162421,1.1594114261301256,1.218694,1.221112,24.2,52.2,64.2,18.2,48.9
hard,SKY130-BGR-hard,7,6,318345,ABC,40,-50.52387,50.52387,0,1,1.220745,22.06799,52.5285,69.56,18.2561,41.27576,0,0,0,0,0,0,259.0,1,-50.52387,50.52387,1.220745,22.06799,52.5285,69.56,18.2561,41.27576,16485.434415187687,150000,150000,99889.0,-45.967252601450674,150001,149981,measure_failed=20,0,PSRR_worst_case_10Hz_10MHz,50.52387,50.52387,50.52387,50.52387,1,3.72,1.085,1.0,21.335,0.875,7.9085162892492225,1.1839934691639418,3.72,1.085,1.0,21.335,0.875,7.9085162892492225,1.1839934691639418,1.218694,1.221112,24.2,52.2,64.2,18.2,48.9
hard,SKY130-BGR-hard,7,7,319345,ABC,40,-50.82627,50.82627,0,1,1.220652,22.36261,52.248,69.066,18.244,38.02615,0,0,0,0,0,0,158.0,1,-50.82627,50.82627,1.220652,22.36261,52.248,69.066,18.244,38.02615,16193.919459760187,150000,150000,149707.0,-48.177103825558845,150001,149955,measure_failed=46,0,PSRR_worst_case_10Hz_10MHz,50.82627,50.82627,50.82627,50.82627,1,4.085,1.0,1.0,21.925,0.77,6.781140235605166,1.2858944637815513,4.085,1.0,1.0,21.925,0.77,6.781140235605166,1.2858944637815513,1.218694,1.221112,24.2,52.2,64.2,18.2,48.9
hard,SKY130-BGR-hard,7,8,320345,ABC,40,-50.31846,50.31846,0,1,1.220887,21.97607,52.2659,70.409,18.6181,43.72785,0,0,0,0,0,0,425.0,1,-50.31846,50.31846,1.220887,21.97607,52.2659,70.409,18.6181,43.72785,16782.807298554108,150000,150000,81149.0,-44.69229880469202,150001,149945,measure_failed=56,0,PSRR_worst_case_10Hz_10MHz,50.31846,50.31846,50.31846,50.31846,1,3.355,1.0,1.0,19.950000000000003,0.96,8.758390799683179,1.1325562451872788,3.355,1.0,1.0,19.950000000000003,0.96,8.758390799683179,1.1325562451872788,1.218694,1.221112,24.2,52.2,64.2,18.2,48.9
hard,SKY130-BGR-hard,7,9,321345,ABC,40,-50.42434,50.42434,0,1,1.220741,22.18225,52.3501,69.762,18.5009,39.72424,0,0,0,0,0,0,294.0,1,-50.42434,50.42434,1.220741,22.18225,52.3501,69.762,18.5009,39.72424,15846.90341853723,150000,150000,144094.0,-47.159097345113295,150001,149977,measure_failed=24,0,PSRR_worst_case_10Hz_10MHz,50.42434,50.42434,50.42434,50.42434,1,3.71,1.07,1.0,21.525,0.8350000000000001,7.369790074987267,1.2465415085880946,3.71,1.07,1.0,21.525,0.8350000000000001,7.369790074987267,1.2465415085880946,1.218694,1.221112,24.2,52.2,64.2,18.2,48.9
hard,SKY130-BGR-hard,7,10,322345,ABC,40,-50.57464,50.57464,0,1,1.220831,21.99694,52.2272,69.68,18.3369,42.09777,0,0,0,0,0,0,104.0,1,-50.57464,50.57464,1.220831,21.99694,52.2272,69.68,18.3369,42.09777,16694.9070120845,150000,150000,91252.0,-47.844394616588446,150001,150000,measure_failed=1,0,PSRR_worst_case_10Hz_10MHz,50.57464,50.57464,50.57464,50.57464,1,3.495,1.26,1.0,20.865,0.88,8.192946451847346,1.1832704630166015,3.495,1.26,1.0,20.865,0.88,8.192946451847346,1.1832704630166015,1.218694,1.221112,24.2,52.2,64.2,18.2,48.9
hard,SKY130-BGR-hard,7,11,323345,ABC,40,-50.40191,50.40191,0,1,1.220791,22.0473,52.4397,69.65,18.2308,43.33613,0,0,0,0,0,0,97.0,1,-50.40191,50.40191,1.220791,22.0473,52.4397,69.65,18.2308,43.33613,15663.036619177088,150000,150000,135111.0,-46.6590292582284,150001,149993,measure_failed=8,0,PSRR_worst_case_10Hz_10MHz,50.40191,50.40191,50.40191,50.40191,1,3.5500000000000003,1.075,1.0,20.135,0.935,8.6234722601431,1.1129371619347812,3.5500000000000003,1.075,1.0,20.135,0.935,8.6234722601431,1.1129371619347812,1.218694,1.221112,24.2,52.2,64.2,18.2,48.9
hard,SKY130-BGR-hard,7,12,324345,ABC,40,-50.43954,50.43954,0,1,1.220783,22.04745,52.4199,69.534,18.2146,41.95006,0,0,0,0,0,0,15.0,1,-50.43954,50.43954,1.220783,22.04745,52.4199,69.534,18.2146,41.95006,16219.405550075697,150000,150000,105646.0,-48.23484680779972,150001,149986,measure_failed=15,0,PSRR_worst_case_10Hz_10MHz,50.43954,50.43954,50.43954,50.43954,1,3.595,1.275,1.0,20.925,0.89,8.14222955562866,1.1629262365893922,3.595,1.275,1.0,20.925,0.89,8.14222955562866,1.1629262365893922,1.218694,1.221112,24.2,52.2,64.2,18.2,48.9
hard,SKY130-BGR-hard,7,13,325345,ABC,40,-49.70919,49.70919,0,1,1.220619,22.60155,52.6193,69.557,18.38,37.65472,0,0,0,0,0,0,539.0,1,-49.70919,49.70919,1.220619,22.60155,52.6193,69.557,18.38,37.65472,15577.881291817874,150000,150000,79314.0,-42.87761598377322,150001,149993,measure_failed=8,0,PSRR_worst_case_10Hz_10MHz,49.70919,49.70919,49.70919,49.70919,1,3.895,1.35,1.0,20.99,0.8350000000000001,6.652645619550315,1.2397646143546166,3.895,1.35,1.0,20.99,0.8350000000000001,6.652645619550315,1.2397646143546166,1.218694,1.221112,24.2,52.2,64.2,18.2,48.9
hard,SKY130-BGR-hard,7,14,326345,ABC,40,-50.10767,50.10767,0,1,1.220586,22.63195,52.5896,69.503,18.4513,35.60247,0,0,0,0,0,0,250.0,1,-50.10767,50.10767,1.220586,22.63195,52.5896,69.503,18.4513,35.60247,15684.759692359716,150000,150000,94196.0,-46.24471268775125,150001,149982,measure_failed=19,0,PSRR_worst_case_10Hz_10MHz,50.10767,50.10767,50.10767,50.10767,1,4.415,1.0,1.0,22.09,0.775,5.940347093273879,1.3032180302174718,4.415,1.0,1.0,22.09,0.775,5.940347093273879,1.3032180302174718,1.218694,1.221112,24.2,52.2,64.2,18.2,48.9
hard,SKY130-BGR-hard,7,15,327345,ABC,40,-50.56893,50.56893,0,1,1.220786,22.00271,52.3407,69.442,18.2138,41.45022,0,0,0,0,0,0,322.0,1,-50.56893,50.56893,1.220786,22.00271,52.3407,69.442,18.2138,41.45022,15995.946403535085,150000,150000,124953.0,-45.5242026586844,150001,149988,measure_failed=13,0,PSRR_worst_case_10Hz_10MHz,50.56893,50.56893,50.56893,50.56893,1,3.63,1.265,1.0,21.335,0.86,7.968595238986047,1.1874550888209376,3.63,1.265,1.0,21.335,0.86,7.968595238986047,1.1874550888209376,1.218694,1.221112,24.2,52.2,64.2,18.2,48.9
hard,SKY130-BGR-hard,7,16,328345,ABC,40,-50.52813,50.52813,0,1,1.22085,21.7881,52.4292,69.692,18.2059,44.26025,0,0,0,0,0,0,164.0,1,-50.52813,50.52813,1.22085,21.7881,52.4292,69.692,18.2059,44.26025,15781.92259898223,150000,150000,35264.0,-48.13578121207473,150001,149987,measure_failed=14,0,PSRR_worst_case_10Hz_10MHz,50.52813,50.52813,50.52813,50.52813,1,3.5500000000000003,1.0,1.0,20.58,0.94,8.943648902951812,1.0824897331353085,3.5500000000000003,1.0,1.0,20.58,0.94,8.943648902951812,1.0824897331353085,1.218694,1.221112,24.2,52.2,64.2,18.2,48.9
hard,SKY130-BGR-hard,7,17,329345,ABC,40,-50.60943,50.60943,0,1,1.220916,21.6926,52.2256,69.683,18.2078,44.87891,0,0,0,0,0,0,309.0,1,-50.60943,50.60943,1.220916,21.6926,52.2256,69.683,18.2078,44.87891,16090.839327136056,150000,150000,58575.0,-44.70493896605977,150001,149974,measure_failed=27,0,PSRR_worst_case_10Hz_10MHz,50.60943,50.60943,50.60943,50.60943,1,3.44,1.13,1.0,20.375,0.94,9.157700479018825,1.0972164951132852,3.44,1.13,1.0,20.375,0.94,9.157700479018825,1.0972164951132852,1.218694,1.221112,24.2,52.2,64.2,18.2,48.9
hard,SKY130-BGR-hard,7,18,330345,ABC,40,-50.43446,50.43446,0,1,1.220865,21.87719,52.3193,69.732,18.2289,44.04098,0,0,0,0,0,0,189.0,1,-50.43446,50.43446,1.220865,21.87719,52.3193,69.732,18.2289,44.04098,17607.2910659723,150000,150000,58573.0,-45.651395012233415,150001,149992,measure_failed=9,0,PSRR_worst_case_10Hz_10MHz,50.43446,50.43446,50.43446,50.43446,1,3.46,1.21,1.0,20.275,0.94,8.867351346985034,1.10198892193522,3.46,1.21,1.0,20.275,0.94,8.867351346985034,1.10198892193522,1.218694,1.221112,24.2,52.2,64.2,18.2,48.9
hard,SKY130-BGR-hard,7,19,331345,ABC,40,-50.41128,50.41128,0,1,1.22093,21.70725,52.2479,69.967,18.3178,45.77737,0,0,0,0,0,0,482.0,1,-50.41128,50.41128,1.22093,21.70725,52.2479,69.967,18.3178,45.77737,15413.31803131476,150000,150000,88351.0,-42.02409920039467,150001,149985,measure_failed=16,0,PSRR_worst_case_10Hz_10MHz,50.41128,50.41128,50.41128,50.41128,1,3.39,1.0,1.0,19.735,0.985,9.469562578141929,1.0307240790272094,3.39,1.0,1.0,19.735,0.985,9.469562578141929,1.0307240790272094,1.218694,1.221112,24.2,52.2,64.2,18.2,48.9
hard,SKY130-BGR-hard,7,20,332345,ABC,40,-50.41479,50.41479,0,1,1.220862,21.79285,52.4259,69.787,18.2282,44.84419,0,0,0,0,0,0,408.0,1,-50.41479,50.41479,1.220862,21.79285,52.4259,69.787,18.2282,44.84419,16393.696206841618,150000,150000,101092.0,-44.99941640660938,150001,149959,measure_failed=42,0,PSRR_worst_case_10Hz_10MHz,50.41479,50.41479,50.41479,50.41479,1,3.505,1.0,1.0,20.18,0.965,9.146304133113544,1.0327432378348824,3.505,1.0,1.0,20.18,0.965,9.146304133113544,1.0327432378348824,1.218694,1.221112,24.2,52.2,64.2,18.2,48.9
hard,SKY130-BGR-hard,7,21,333345,ABC,40,-50.63518,50.63518,0,1,1.220689,22.26264,52.3101,69.345,18.3444,38.25153,0,0,0,0,0,0,366.0,1,-50.63518,50.63518,1.220689,22.26264,52.3101,69.345,18.3444,38.25153,16334.195242511109,150000,150000,130710.0,-44.85428007955719,150001,149984,measure_failed=17,0,PSRR_worst_case_10Hz_10MHz,50.63518,50.63648,50.63518,50.63648,1,3.97,1.12,1.0,22.145,0.785,6.858969542308876,1.2754321523596934,3.97,1.12,1.0,22.145,0.785,6.858969542308876,1.2754321523596934,1.218694,1.221112,24.2,52.2,64.2,18.2,48.9
hard,SKY130-BGR-hard,7,22,334345,ABC,40,-50.51519,50.51519,0,1,1.220739,22.0681,52.5551,69.488,18.2021,41.83862,0,0,0,0,0,0,167.0,1,-50.51519,50.51519,1.220739,22.0681,52.5551,69.488,18.2021,41.83862,16659.132537107915,150000,150000,66972.0,-45.83046883165888,150001,149959,measure_failed=42,0,PSRR_worst_case_10Hz_10MHz,50.51519,50.51519,50.51519,50.51519,1,3.72,1.025,1.0,21.03,0.89,8.10405216578831,1.162474632439345,3.72,1.025,1.0,21.03,0.89,8.10405216578831,1.162474632439345,1.218694,1.221112,24.2,52.2,64.2,18.2,48.9
hard,SKY130-BGR-hard,7,23,335345,ABC,40,-50.89986,50.89986,0,1,1.220785,21.94316,52.3172,69.386,18.2191,41.79053,0,0,0,0,0,0,250.0,1,-50.89986,50.89986,1.220785,21.94316,52.3172,69.386,18.2191,41.79053,16447.56678565219,150000,150000,108617.0,-44.33350431569544,150001,149981,measure_failed=20,0,PSRR_worst_case_10Hz_10MHz,50.89986,50.89986,50.89986,50.89986,1,3.685,1.025,1.0,21.36,0.855,8.08677275211366,1.20332053920024,3.685,1.025,1.0,21.36,0.855,8.08677275211366,1.20332053920024,1.218694,1.221112,24.2,52.2,64.2,18.2,48.9
hard,SKY130-BGR-hard,7,24,336345,ABC,40,-50.22353,50.22353,0,1,1.220686,22.19815,52.8017,69.667,18.2356,41.28813,0,0,0,0,0,0,81.0,1,-50.22353,50.22353,1.220686,22.19815,52.8017,69.667,18.2356,41.28813,15948.567527746782,150000,150000,105097.0,-47.74629064766632,150001,149991,measure_failed=10,0,PSRR_worst_case_10Hz_10MHz,50.22353,50.22353,50.22353,50.22353,1,3.8,1.0,1.0,21.01,0.91,7.913540767968703,1.1316075562556651,3.8,1.0,1.0,21.01,0.91,7.913540767968703,1.1316075562556651,1.218694,1.221112,24.2,52.2,64.2,18.2,48.9
hard,SKY130-BGR-hard,7,25,337345,ABC,40,-50.17102,50.17102,0,1,1.220983,21.67156,52.2015,70.401,18.464,46.26891,0,0,0,0,0,0,810.0,1,-50.17102,50.17102,1.220983,21.67156,52.2015,70.401,18.464,46.26891,16515.068002343178,150000,150000,104290.0,-43.66628749148328,150001,149985,measure_failed=16,0,PSRR_worst_case_10Hz_10MHz,50.17102,50.17102,50.17102,50.17102,1,3.315,1.0,1.0,19.57,1.02,9.639649979301648,0.9459934182913614,3.315,1.0,1.0,19.57,1.02,9.639649979301648,0.9459934182913614,1.218694,1.221112,24.2,52.2,64.2,18.2,48.9
hard,SKY130-BGR-hard,7,26,338345,ABC,40,-50.52781,50.52781,0,1,1.220816,21.90785,52.4372,69.632,18.2194,43.13401,0,0,0,0,0,0,501.0,1,-50.52781,50.52781,1.220816,21.90785,52.4372,69.632,18.2194,43.13401,16106.238011289388,150000,150000,39426.0,-42.00615695854639,150001,149953,measure_failed=48,0,PSRR_worst_case_10Hz_10MHz,50.52781,50.52781,50.52781,50.52781,1,3.58,1.095,1.0,20.805,0.915,8.552960732168849,1.1313303775059746,3.58,1.095,1.0,20.805,0.915,8.552960732168849,1.1313303775059746,1.218694,1.221112,24.2,52.2,64.2,18.2,48.9
hard,SKY130-BGR-hard,7,27,339345,ABC,40,-50.69818,50.69818,0,1,1.22087,21.79271,52.2197,69.522,18.2068,43.05076,0,0,0,0,0,0,404.0,1,-50.69818,50.69818,1.22087,21.79271,52.2197,69.522,18.2068,43.05076,16305.230440255256,150000,150000,132319.0,-45.31187424946833,150001,149961,measure_failed=40,0,PSRR_worst_case_10Hz_10MHz,50.69818,50.69818,50.69818,50.69818,1,3.51,1.25,1.0,21.11,0.885,8.523387024874255,1.160691232407417,3.51,1.25,1.0,21.11,0.885,8.523387024874255,1.160691232407417,1.218694,1.221112,24.2,52.2,64.2,18.2,48.9
hard,SKY130-BGR-hard,7,28,340345,ABC,40,-50.51523,50.51523,0,1,1.220894,21.76746,52.2528,69.682,18.2036,45.13586,0,0,0,0,0,0,17.0,1,-50.51523,50.51523,1.220894,21.76746,52.2528,69.682,18.2036,45.13586,17047.20021142438,150000,150000,47277.0,-48.261346501776686,150001,149978,measure_failed=23,0,PSRR_worst_case_10Hz_10MHz,50.51523,50.51523,50.51523,50.51523,1,3.445,1.055,1.0,19.96,0.955,9.247206000438291,1.0653362068201024,3.445,1.055,1.0,19.96,0.955,9.247206000438291,1.0653362068201024,1.218694,1.221112,24.2,52.2,64.2,18.2,48.9
hard,SKY130-BGR-hard,7,29,341345,ABC,40,-50.46072,50.46072,0,1,1.22074,22.0383,52.4785,69.487,18.2649,40.81648,0,0,0,0,0,0,408.0,1,-50.46072,50.46072,1.22074,22.0383,52.4785,69.487,18.2649,40.81648,16430.96965315193,150000,150000,149783.0,-45.32715613635091,150001,149974,measure_failed=27,0,PSRR_worst_case_10Hz_10MHz,50.46072,50.46072,50.46072,50.46072,1,3.79,1.0,1.0,21.705,0.8500000000000001,7.749066010590668,1.2110562468953194,3.79,1.0,1.0,21.705,0.8500000000000001,7.749066010590668,1.2110562468953194,1.218694,1.221112,24.2,52.2,64.2,18.2,48.9
hard,SKY130-BGR-hard,7,0,312345,ACO,40,-51.04513,51.04513,0,1,1.220871,21.68844,52.2,69.456,18.2057,43.20234,0,0,0,0,0,0,306.0,1,-51.04513,51.04513,1.220871,21.68844,52.2,69.456,18.2057,43.20234,23114.377814387903,150000,150000,129000.0,-48.79893395935973,150001,150001,,0,PSRR_worst_case_10Hz_10MHz,51.04513,51.04513,51.04513,51.04513,1,3.585,1.0,1.0,21.39,0.87,8.575990508352422,1.1820779954873384,3.585,1.0,1.0,21.39,0.87,8.575990508352422,1.1820779954873384,1.218694,1.221112,24.2,52.2,64.2,18.2,48.9
hard,SKY130-BGR-hard,7,1,313345,ACO,40,-51.1024,51.1024,0,1,1.220851,21.72851,52.2,69.397,18.2,42.67715,0,0,0,0,0,0,129.0,1,-51.1024,51.1024,1.220851,21.72851,52.2,69.397,18.2,42.67715,22857.09739210829,150000,150000,131000.0,-48.83266477603184,150001,150001,,0,PSRR_worst_case_10Hz_10MHz,51.1024,51.10242,51.1024,51.10242,1,3.625,1.0,1.0,21.56,0.855,8.393852704057,1.1973209695455262,3.625,1.0,1.0,21.56,0.855,8.393852704057,1.1973209695455262,1.218694,1.221112,24.2,52.2,64.2,18.2,48.9
hard,SKY130-BGR-hard,7,2,314345,ACO,40,-51.02985,51.02985,0,1,1.220877,21.67344,52.2002,69.457,18.2,43.39575,0,0,0,0,0,0,125.0,1,-51.02985,51.02985,1.220877,21.67344,52.2002,69.457,18.2,43.39575,24379.918770669028,150000,150000,40760.0,-49.04654491216608,150001,149999,measure_failed=2,0,PSRR_worst_case_10Hz_10MHz,51.02985,51.02985,51.02985,51.02985,1,3.575,1.0,1.0,21.325000000000003,0.875,8.643089851851226,1.1763269390420232,3.575,1.0,1.0,21.325000000000003,0.875,8.643089851851226,1.1763269390420232,1.218694,1.221112,24.2,52.2,64.2,18.2,48.9
hard,SKY130-BGR-hard,7,3,315345,ACO,40,-50.96778,50.96778,0,1,1.220901,21.61841,52.2,69.517,18.2038,43.94592,0,0,0,0,0,0,241.0,1,-50.96778,50.96778,1.220901,21.61841,52.2,69.517,18.2038,43.94592,23304.046456476677,150000,150000,140120.0,-47.1030480703538,150001,150000,measure_failed=1,0,PSRR_worst_case_10Hz_10MHz,50.96778,50.96778,50.96778,50.96778,1,3.54,1.0,1.0,21.21,0.89,8.833854765438394,1.15797058010772,3.54,1.0,1.0,21.21,0.89,8.833854765438394,1.15797058010772,1.218694,1.221112,24.2,52.2,64.2,18.2,48.9
hard,SKY130-BGR-hard,7,4,316345,ACO,40,-51.06425,51.06425,0,1,1.220859,21.7234,52.2002,69.423,18.2,42.99581,0,0,0,0,0,0,129.0,1,-51.06425,51.06425,1.220859,21.7234,52.2002,69.423,18.2,42.99581,18236.039154293016,150000,150000,31040.0,-47.07403204131361,150001,149999,measure_failed=2,0,PSRR_worst_case_10Hz_10MHz,51.06425,51.06425,51.06425,51.06425,1,3.6,1.0,1.0,21.39,0.865,8.504415620096053,1.1881638481242842,3.6,1.0,1.0,21.39,0.865,8.50441561571901,1.188163850573744,1.218694,1.221112,24.2,52.2,64.2,18.2,48.9
hard,SKY130-BGR-hard,7,5,317345,ACO,40,-51.05377,51.05377,0,1,1.220819,21.73901,52.2003,69.248,18.2,41.16935,0,0,0,0,0,0,55.0,1,-51.05377,51.05377,1.220819,21.73901,52.2003,69.248,18.2,41.16935,20358.248101439327,150000,150000,82240.0,-48.84303061353742,150001,150001,,0,PSRR_worst_case_10Hz_10MHz,51.05377,51.05377,51.05377,51.05377,1,3.785,1.0,1.0,22.49,0.81,7.870605435761018,1.2431439376376172,3.785,1.0,1.0,22.49,0.81,7.870605435761018,1.2431439376376172,1.218694,1.221112,24.2,52.2,64.2,18.2,48.9
hard,SKY130-BGR-hard,7,6,318345,ACO,40,-50.79442,50.79442,0,1,1.220943,21.53825,52.2032,69.644,18.2,45.20848,0,0,0,0,0,0,251.0,1,-50.79442,50.79442,1.220943,21.53825,52.2032,69.644,18.2,45.20848,20315.23882541805,150000,150000,17000.0,-46.91773112727419,150001,150001,,0,PSRR_worst_case_10Hz_10MHz,50.79442,50.79442,50.79442,50.79442,1,3.47,1.0,1.0,20.73,0.93,9.271806663302698,1.1043316672828891,3.47,1.0,1.0,20.73,0.93,9.271806663302698,1.1043316672828891,1.218694,1.221112,24.2,52.2,64.2,18.2,48.9
hard,SKY130-BGR-hard,7,7,319345,ACO,40,-51.00856,51.00856,0,1,1.220882,21.66839,52.2021,69.468,18.2,43.56094,0,0,0,0,0,0,265.0,1,-51.00856,51.00856,1.220882,21.66839,52.2021,69.468,18.2,43.56094,22387.32037553564,150000,150000,21680.0,-48.74913765755105,150001,149998,measure_failed=3,0,PSRR_worst_case_10Hz_10MHz,51.00856,51.00856,51.00856,51.00856,1,3.565,1.0,1.0,21.265,0.88,8.700386866171867,1.1707916678094852,3.565,1.0,1.0,21.265,0.88,8.700386866171867,1.1707916678094852,1.218694,1.221112,24.2,52.2,64.2,18.2,48.9
hard,SKY130-BGR-hard,7,8,320345,ACO,40,-51.09737,51.09737,0,1,1.220784,21.85382,52.2,69.178,18.2,40.40746,0,0,0,0,0,0,194.0,1,-51.09737,51.09737,1.220784,21.85382,52.2,69.178,18.2,40.40746,20214.42167714052,150000,150000,24200.0,-47.27977300128668,150001,150001,,0,PSRR_worst_case_10Hz_10MHz,51.09737,51.09737,51.09737,51.09737,1,3.86,1.0,1.0,22.55,0.795,7.606453426902846,1.2567424465095365,3.86,1.0,1.0,22.55,0.795,7.606453426902846,1.2567424465095365,1.218694,1.221112,24.2,52.2,64.2,18.2,48.9
hard,SKY130-BGR-hard,7,9,321345,ACO,40,-50.98592,50.98592,0,1,1.220886,21.65839,52.2041,69.481,18.2,43.7144,0,0,0,0,0,0,96.0,1,-50.98592,50.98592,1.220886,21.65839,52.2041,69.481,18.2,43.7144,22037.719268705696,150000,150000,20920.0,-48.78464235488004,150001,150000,measure_failed=1,0,PSRR_worst_case_10Hz_10MHz,50.98592,50.98592,50.98592,50.98592,1,3.555,1.0,1.0,21.200000000000003,0.885,8.753627873541129,1.165384762406519,3.555,1.0,1.0,21.200000000000003,0.885,8.753627873541129,1.165384762406519,1.218694,1.221112,24.2,52.2,64.2,18.2,48.9
hard,SKY130-BGR-hard,7,10,322345,ACO,40,-50.948,50.948,0,1,1.220907,21.60341,52.2,69.531,18.2013,44.12198,0,0,0,0,0,0,53.0,1,-50.948,50.948,1.220907,21.60341,52.2,69.531,18.2013,44.12198,21685.041100127622,150000,150000,33160.0,-48.782013505381045,150001,149999,measure_failed=2,0,PSRR_worst_case_10Hz_10MHz,50.948,50.948,50.948,50.948,1,3.53,1.0,1.0,21.155,0.895,8.894915765243143,1.1517122973160632,3.53,1.0,1.0,21.155,0.895,8.894915765243143,1.1517122973160632,1.218694,1.221112,24.2,52.2,64.2,18.2,48.9
hard,SKY130-BGR-hard,7,11,323345,ACO,40,-51.11765,51.11765,0,1,1.220841,21.75847,52.2005,69.37,18.2,42.4582,0,0,0,0,0,0,198.0,1,-51.11765,51.11765,1.220841,21.75847,52.2005,69.37,18.2,42.4582,23355.92601646669,150000,150000,74600.0,-48.97642425236168,150001,150001,,0,PSRR_worst_case_10Hz_10MHz,51.11765,51.11767,51.11765,51.11767,1,3.64,1.0,1.0,21.58,0.8500000000000001,8.317936895104344,1.203162169492997,3.64,1.0,1.0,21.58,0.8500000000000001,8.317936895104344,1.203162169492997,1.218694,1.221112,24.2,52.2,64.2,18.2,48.9
hard,SKY130-BGR-hard,7,12,324345,ACO,40,-51.03018,51.03018,0,1,1.220877,21.67344,52.2,69.457,18.2,43.40147,0,0,0,0,0,0,15.0,1,-51.03018,51.03018,1.220877,21.67344,52.2,69.457,18.2,43.40147,23108.07441950776,150000,150000,145000.0,-50.3160429105194,150001,150000,measure_failed=1,0,PSRR_worst_case_10Hz_10MHz,51.03018,51.03018,51.03018,51.03018,1,3.575,1.0,1.0,21.33,0.875,8.645071279119671,1.176174922211795,3.575,1.0,1.0,21.33,0.875,8.645071279119671,1.176174922211795,1.218694,1.221112,24.2,52.2,64.2,18.2,48.9
hard,SKY130-BGR-hard,7,13,325345,ACO,40,-51.03016,51.03016,0,1,1.220878,21.66846,52.2001,69.458,18.2,43.40509,0,0,0,0,0,0,49.0,1,-51.03016,51.03016,1.220878,21.66846,52.2001,69.458,18.2,43.40509,19060.929511560127,150000,150000,21000.0,-48.85185262165082,150001,150000,measure_failed=1,0,PSRR_worst_case_10Hz_10MHz,51.03016,51.03016,51.03016,51.03016,1,3.575,1.0,1.0,21.335,0.875,8.646318343709954,1.1760440716952376,3.575,1.0,1.0,21.335,0.875,8.646318343709954,1.1760440716952376,1.218694,1.221112,24.2,52.2,64.2,18.2,48.9
hard,SKY130-BGR-hard,7,14,326345,ACO,40,-50.79457,50.79457,0,1,1.22094,21.54823,52.2023,69.639,18.2,45.19048,0,0,0,0,0,0,251.0,1,-50.79457,50.79457,1.22094,21.54823,52.2023,69.639,18.2,45.19048,20929.111531253904,150000,150000,30200.0,-46.97411262201748,150001,150000,measure_failed=1,0,PSRR_worst_case_10Hz_10MHz,50.79457,50.79457,50.79457,50.79457,1,3.47,1.0,1.0,20.705,0.93,9.265579930369514,1.1054196691330205,3.47,1.0,1.0,20.705,0.93,9.265579930369514,1.1054196691330205,1.218694,1.221112,24.2,52.2,64.2,18.2,48.9
hard,SKY130-BGR-hard,7,15,327345,ACO,40,-50.98591,50.98591,0,1,1.220886,21.66335,52.2039,69.48,18.2,43.71134,0,0,0,0,0,0,229.0,1,-50.98591,50.98591,1.220886,21.66335,52.2039,69.48,18.2,43.71134,22872.392569895837,150000,150000,29400.0,-46.89621605177368,150001,150000,measure_failed=1,0,PSRR_worst_case_10Hz_10MHz,50.98591,50.98591,50.98591,50.98591,1,3.555,1.0,1.0,21.195,0.885,8.752571801644029,1.1655010950288165,3.555,1.0,1.0,21.195,0.885,8.752571801644029,1.1655010950288165,1.218694,1.221112,24.2,52.2,64.2,18.2,48.9
hard,SKY130-BGR-hard,7,16,328345,ACO,40,-51.00856,51.00856,0,1,1.220882,21.66839,52.2021,69.468,18.2,43.5609,0,0,0,0,0,0,145.0,1,-51.00856,51.00856,1.220882,21.66839,52.2021,69.468,18.2,43.5609,21273.9168640282,150000,150000,31000.0,-48.69667411942746,150001,150000,measure_failed=1,0,PSRR_worst_case_10Hz_10MHz,51.00856,51.00856,51.00856,51.00856,1,3.565,1.0,1.0,21.265,0.88,8.700379649760116,1.170792301833146,3.565,1.0,1.0,21.265,0.88,8.700379649760116,1.170792301833146,1.218694,1.221112,24.2,52.2,64.2,18.2,48.9
hard,SKY130-BGR-hard,7,17,329345,ACO,40,-50.74961,50.74961,0,1,1.22095,21.52819,52.2022,69.673,18.2,45.49077,0,0,0,0,0,0,343.0,1,-50.74961,50.74961,1.22095,21.52819,52.2022,69.673,18.2,45.49077,16852.915690829977,150000,150000,26880.0,-46.8805956620044,150001,149999,measure_failed=2,0,PSRR_worst_case_10Hz_10MHz,50.74961,50.74961,50.74961,50.74961,1,3.455,1.0,1.0,20.58,0.94,9.369755414691756,1.089032527285156,3.455,1.0,1.0,20.58,0.94,9.369755406122014,1.08903252587082,1.218694,1.221112,24.2,52.2,64.2,18.2,48.9
hard,SKY130-BGR-hard,7,18,330345,ACO,40,-50.98603,50.98603,0,1,1.220887,21.65837,52.2042,69.482,18.2,43.71791,0,0,0,0,0,0,109.0,1,-50.98603,50.98603,1.220887,21.65837,52.2042,69.482,18.2,43.71791,17460.244239669293,150000,150000,17160.0,-47.19138470589804,150001,150000,measure_failed=1,0,PSRR_worst_case_10Hz_10MHz,50.98603,50.98603,50.98603,50.98603,1,3.555,1.0,1.0,21.205,0.885,8.754845017981554,1.165262332627345,3.555,1.0,1.0,21.205,0.885,8.75484502260893,1.1652623281695251,1.218694,1.221112,24.2,52.2,64.2,18.2,48.9
hard,SKY130-BGR-hard,7,19,331345,ACO,40,-51.08292,51.08292,0,1,1.220861,21.69855,52.2,69.43,18.202,42.88585,0,0,0,0,0,0,405.0,1,-51.08292,51.08292,1.220861,21.69855,52.2,69.43,18.202,42.88585,22712.08711057715,150000,150000,118120.0,-47.32751764415096,150001,149998,measure_failed=3,0,PSRR_worst_case_10Hz_10MHz,51.08292,51.08292,51.08292,51.08292,1,3.61,1.0,1.0,21.54,0.86,8.46619472310713,1.1912822901219449,3.61,1.0,1.0,21.54,0.86,8.46619472310713,1.1912822901219449,1.218694,1.221112,24.2,52.2,64.2,18.2,48.9
hard,SKY130-BGR-hard,7,20,332345,ACO,40,-50.90437,50.90437,0,1,1.220918,21.58336,52.2001,69.569,18.2032,44.43334,0,0,0,0,0,0,307.0,1,-50.90437,50.90437,1.220918,21.58336,52.2001,69.569,18.2032,44.43334,22577.835136506703,150000,150000,35280.0,-47.14411469613132,150001,149997,measure_failed=4,0,PSRR_worst_case_10Hz_10MHz,50.90437,50.90437,50.90437,50.90437,1,3.51,1.0,1.0,21.035,0.905,9.00291404877362,1.1397765307554586,3.51,1.0,1.0,21.035,0.905,9.00291404877362,1.1397765307554586,1.218694,1.221112,24.2,52.2,64.2,18.2,48.9
hard,SKY130-BGR-hard,7,21,333345,ACO,40,-51.06494,51.06494,0,1,1.220863,21.70348,52.2018,69.431,18.2,43.02895,0,0,0,0,0,0,194.0,1,-51.06494,51.06494,1.220863,21.70348,52.2018,69.431,18.2,43.02895,23107.58283743821,150000,150000,65960.0,-47.24753923003154,150001,150000,measure_failed=1,0,PSRR_worst_case_10Hz_10MHz,51.06494,51.06494,51.06494,51.06494,1,3.6,1.0,1.0,21.44,0.865,8.515874634340983,1.1871183700936832,3.6,1.0,1.0,21.44,0.865,8.515874634340983,1.1871183700936832,1.218694,1.221112,24.2,52.2,64.2,18.2,48.9
hard,SKY130-BGR-hard,7,22,334345,ACO,40,-51.04605,51.04605,0,1,1.220872,21.68346,52.2004,69.456,18.2043,43.21904,0,0,0,0,0,0,76.0,1,-51.04605,51.04605,1.220872,21.68346,52.2004,69.456,18.2043,43.21904,23098.288250958547,150000,150000,110720.0,-48.56459172771152,150001,149998,measure_failed=3,0,PSRR_worst_case_10Hz_10MHz,51.04605,51.04605,51.04605,51.04605,1,3.585,1.0,1.0,21.405,0.87,8.581771630728694,1.1815962490387164,3.585,1.0,1.0,21.405,0.87,8.581771630728694,1.1815962490387164,1.218694,1.221112,24.2,52.2,64.2,18.2,48.9
hard,SKY130-BGR-hard,7,23,335345,ACO,40,-51.00851,51.00851,0,1,1.220881,21.66841,52.2019,69.467,18.2,43.55748,0,0,0,0,0,0,112.0,1,-51.00851,51.00851,1.220881,21.66841,52.2019,69.467,18.2,43.5575,20234.93062028289,150000,150000,52680.0,-47.21110390732605,150001,149999,measure_failed=2,0,PSRR_worst_case_10Hz_10MHz,51.00851,51.00851,51.00851,51.00851,1,3.565,1.0,1.0,21.26,0.88,8.699195512126966,1.1709132613785542,3.565,1.0,1.0,21.26,0.88,8.699197586249028,1.1709132182081683,1.218694,1.221112,24.2,52.2,64.2,18.2,48.9
hard,SKY130-BGR-hard,7,24,336345,ACO,40,-51.00845,51.00845,0,1,1.220883,21.65844,52.2027,69.471,18.2,43.57445,0,0,0,0,0,0,184.0,1,-51.00845,51.00845,1.220883,21.65844,52.2027,69.471,18.2,43.57445,22660.092129642144,150000,150000,140480.0,-48.9106925601124,150001,150001,,0,PSRR_worst_case_10Hz_10MHz,51.00845,51.00845,51.00845,51.00845,1,3.565,1.0,1.0,21.285,0.88,8.705060925191543,1.1702815905452728,3.565,1.0,1.0,21.285,0.88,8.705060925191543,1.1702815905452728,1.218694,1.221112,24.2,52.2,64.2,18.2,48.9
hard,SKY130-BGR-hard,7,25,337345,ACO,40,-50.92631,50.92631,0,1,1.220911,21.60334,52.2003,69.547,18.2029,44.25736,0,0,0,0,0,0,75.0,1,-50.92631,50.92631,1.220911,21.60334,52.2003,69.547,18.2029,44.25736,22266.31849575229,150000,150000,74520.0,-48.76658132687551,150001,150000,measure_failed=1,0,PSRR_worst_case_10Hz_10MHz,50.92631,50.92631,50.92631,50.92631,1,3.52,1.0,1.0,21.075000000000003,0.9,8.941886396356859,1.1466780929860425,3.52,1.0,1.0,21.075000000000003,0.9,8.941886396356859,1.1466780929860425,1.218694,1.221112,24.2,52.2,64.2,18.2,48.9
hard,SKY130-BGR-hard,7,26,338345,ACO,40,-51.00856,51.00856,0,1,1.220882,21.66839,52.2021,69.468,18.2,43.56092,0,0,0,0,0,0,244.0,1,-51.00856,51.00856,1.220882,21.66839,52.2021,69.468,18.2,43.56092,21493.862269170582,150000,150000,104960.0,-47.14344758225055,150001,150001,,0,PSRR_worst_case_10Hz_10MHz,51.00856,51.00856,51.00856,51.00856,1,3.565,1.0,1.0,21.265,0.88,8.70038576214823,1.170791904391506,3.565,1.0,1.0,21.265,0.88,8.700385760994298,1.1707919043170814,1.218694,1.221112,24.2,52.2,64.2,18.2,48.9
hard,SKY130-BGR-hard,7,27,339345,ACO,40,-51.04665,51.04665,0,1,1.220875,21.66851,52.2001,69.459,18.2026,43.24662,0,0,0,0,0,0,149.0,1,-51.04665,51.04665,1.220875,21.66851,52.2001,69.459,18.2026,43.24662,23247.64098425582,150000,150000,109080.0,-47.02067494827299,150001,150001,,0,PSRR_worst_case_10Hz_10MHz,51.04665,51.04665,51.04665,51.04665,1,3.585,1.0,1.0,21.43,0.87,8.591319400847576,1.1807368591636576,3.585,1.0,1.0,21.43,0.87,8.591319400847576,1.1807368591636576,1.218694,1.221112,24.2,52.2,64.2,18.2,48.9
hard,SKY130-BGR-hard,7,28,340345,ACO,40,-51.02927,51.02927,0,1,1.220876,21.68339,52.2002,69.457,18.2002,43.38506,0,0,0,0,0,0,17.0,1,-51.02927,51.02927,1.220876,21.68339,52.2002,69.457,18.2002,43.38506,24375.064234720543,150000,150000,96120.0,-50.3664322092814,150001,150001,,0,PSRR_worst_case_10Hz_10MHz,51.02927,51.02927,51.02927,51.02927,1,3.575,1.0,1.0,21.315,0.875,8.63938483887921,1.1766241483639464,3.575,1.0,1.0,21.315,0.875,8.63938483887921,1.1766241483639464,1.218694,1.221112,24.2,52.2,64.2,18.2,48.9
hard,SKY130-BGR-hard,7,29,341345,ACO,40,-51.06501,51.06501,0,1,1.220862,21.71342,52.2013,69.428,18.2,43.01921,0,0,0,0,0,0,154.0,1,-51.06501,51.06501,1.220862,21.71342,52.2013,69.428,18.2,43.01921,21167.214322382584,150000,150000,32240.0,-47.2855003959693,150001,149999,measure_failed=2,0,PSRR_worst_case_10Hz_10MHz,51.06501,51.06501,51.06501,51.06501,1,3.6,1.0,1.0,21.425,0.865,8.512507416816602,1.1874501745601724,3.6,1.0,1.0,21.425,0.865,8.512507416816602,1.1874501745601724,1.218694,1.221112,24.2,52.2,64.2,18.2,48.9
hard,SKY130-BGR-hard,7,0,312345,FA,40,-26.66254,26.66254,0,1,1.220359,24.19556,52.2,64.266,27.929,27.59045,0,0,0,0,0,0,142.0,1,-26.66254,26.66254,1.220359,24.19556,52.2,64.266,27.929,27.59045,2036.407890163362,150000,150000,12918.0,-24.823999900332662,150001,150001,,0,PSRR_worst_case_10Hz_10MHz,26.66254,43.31965,26.66254,43.31965,1,5.6000000000000005,1.0,25.685,25.93,2.0,3.1617525377118194,1.0021206896390424,5.6000000000000005,1.0,25.685,25.93,2.0,3.1617525377118194,1.0021206896390424,1.218694,1.221112,24.2,52.2,64.2,18.2,48.9
hard,SKY130-BGR-hard,7,1,313345,FA,40,-50.61878,50.61878,0,1,1.220844,21.84281,52.3102,69.563,18.2029,43.85333,0,0,0,0,0,0,47.0,1,-50.61878,50.61878,1.220844,21.84281,52.3102,69.563,18.2029,43.85333,3298.5918621607125,150000,150000,18661.0,-48.539665457903055,150001,150001,,0,PSRR_worst_case_10Hz_10MHz,50.61878,50.61878,50.61878,50.61878,1,3.54,1.0,1.0,20.54,0.915,8.802406804142079,1.1188785193226969,3.54,1.0,1.0,20.54,0.915,8.802406804142079,1.1188785193226969,1.218694,1.221112,24.2,52.2,64.2,18.2,48.9
hard,SKY130-BGR-hard,7,2,314345,FA,40,-36.68905,36.68905,0,1,1.220669,23.89152,52.2001,64.2,23.9464,25.87324,0,0,0,0,0,0,85.0,1,-36.68905,36.68905,1.220669,23.89152,52.2001,64.2,23.9464,25.87324,2860.218059230596,150000,150000,16763.0,-34.805863903392684,150001,150001,,0,PSRR_worst_case_10Hz_10MHz,36.68905,43.67548,36.68905,43.67548,1,8.935,1.0,14.2,31.71,1.11,2.56128623924834,1.0426534662364295,8.935,1.0,14.2,31.71,1.11,2.56128623924834,1.0426534662364295,1.218694,1.221112,24.2,52.2,64.2,18.2,48.9
hard,SKY130-BGR-hard,7,3,315345,FA,40,-23.31635,23.31635,0,1,1.220917,23.9512,52.2,76.415,30.2822,40.40125,0,0,0,0,0,0,144.0,1,-23.31635,23.31635,1.220917,23.9512,52.2,76.415,30.2822,40.40125,2089.976099807769,150000,150000,14518.0,-19.75485469746465,150001,150001,,0,PSRR_worst_case_10Hz_10MHz,23.31635,43.54125,23.31635,43.54125,1,3.385,1.0,28.36,50.155,3.735,7.603490011161585,0.9387292848750248,3.385,1.0,28.36,50.155,3.735,7.603490011161585,0.9387292848750248,1.218694,1.221112,24.2,52.2,64.2,18.2,48.9
hard,SKY130-BGR-hard,7,4,316345,FA,40,-26.43872,26.43872,0,1,1.220356,24.19562,52.2,64.202,28.0746,27.60743,0,0,0,0,0,0,44.0,1,-26.43872,26.43872,1.220356,24.19562,52.2,64.202,28.0746,27.60743,2249.327131766826,150000,150000,14720.0,-22.911164896232645,150001,150001,,0,PSRR_worst_case_10Hz_10MHz,26.43872,43.29723,26.43872,43.29723,1,5.5600000000000005,1.0,26.7,26.385,2.0,3.1676677389294507,1.0624102352562463,5.5600000000000005,1.0,26.7,26.385,2.0,3.1676677389294507,1.0624102352562463,1.218694,1.221112,24.2,52.2,64.2,18.2,48.9
hard,SKY130-BGR-hard,7,5,317345,FA,40,-25.89724,25.89724,0,1,1.220411,24.11508,52.2,64.2,28.8515,27.84591,0,0,0,0,0,0,58.0,1,-25.89724,25.89724,1.220411,24.11508,52.2,64.2,28.8515,27.84591,2261.612744694576,150000,150000,14618.0,-24.09468975293169,150001,150001,,0,PSRR_worst_case_10Hz_10MHz,25.89724,43.0892,25.89724,43.0892,1,5.39,1.0,33.665,28.455,2.21,3.249859400110824,1.0598477765514536,5.39,1.0,33.665,28.455,2.21,3.249859400110824,1.0598477765514536,1.218694,1.221112,24.2,52.2,64.2,18.2,48.9
hard,SKY130-BGR-hard,7,6,318345,FA,40,-50.4619,50.4619,0,1,1.220926,21.58818,52.3307,69.811,18.2,45.58905,0,0,0,0,0,0,58.0,1,-50.4619,50.4619,1.220926,21.58818,52.3307,69.811,18.2,45.58905,2287.113271860406,150000,150000,12735.0,-46.70967275838506,150001,150001,,0,PSRR_worst_case_10Hz_10MHz,50.4619,50.4619,50.4619,50.4619,1,3.475,1.0,1.005,20.57,0.96,9.404170313993363,0.9534338965691532,3.475,1.0,1.005,20.57,0.96,9.404170313993363,0.9534338965691532,1.218694,1.221112,24.2,52.2,64.2,18.2,48.9
hard,SKY130-BGR-hard,7,7,319345,FA,40,-49.60782,49.60782,0,1,1.220407,23.5093,52.2075,68.766,18.2,38.666,0,0,0,0,0,0,51.0,1,-49.60782,49.60782,1.220407,23.5093,52.2075,68.766,18.2,38.666,2559.7113587167114,150000,150000,11202.0,-47.49078294171961,150001,150000,measure_failed=1,0,PSRR_worst_case_10Hz_10MHz,49.60782,49.60782,49.60782,49.60782,1,4.220000000000001,1.0,1.43,21.6,0.88,7.006283958769712,0.9355359240790522,4.220000000000001,1.0,1.43,21.6,0.88,7.006283958769712,0.9355359240790522,1.218694,1.221112,24.2,52.2,64.2,18.2,48.9
hard,SKY130-BGR-hard,7,8,320345,FA,40,-26.49003,26.49003,0,1,1.220361,24.19552,52.2,64.206,28.3349,27.68288,0,0,0,0,0,0,154.0,1,-26.49003,26.49003,1.220361,24.19552,52.2,64.206,28.3349,27.68288,3291.0711357127875,150000,150000,15604.0,-23.07401384572564,150001,150001,,0,PSRR_worst_case_10Hz_10MHz,26.49003,43.28009,26.49003,43.28009,1,5.44,1.0,28.3,27.025,2.02,3.193809605887909,0.9825471697164068,5.44,1.0,28.3,27.025,2.02,3.193809605887909,0.9825471697164068,1.218694,1.221112,24.2,52.2,64.2,18.2,48.9
hard,SKY130-BGR-hard,7,9,321345,FA,40,-26.30161,26.30161,0,1,1.220375,24.19525,52.2,64.201,28.5669,27.8267,0,0,0,0,0,0,88.0,1,-26.30161,26.30161,1.220375,24.19525,52.2,64.201,28.5669,27.8267,2186.763862159103,150000,150000,13589.0,-24.43242407249149,150001,150001,,0,PSRR_worst_case_10Hz_10MHz,26.30161,43.20434,26.30161,43.20434,1,5.425,1.0,31.015,27.51,2.145,3.243615612726372,0.9202082770364848,5.425,1.0,31.015,27.51,2.145,3.243615612726372,0.9202082770364848,1.218694,1.221112,24.2,52.2,64.2,18.2,48.9
hard,SKY130-BGR-hard,7,10,322345,FA,40,-27.75082,27.75082,0,1,1.220448,24.1938,52.2009,68.078,26.5032,28.63769,0,0,0,0,0,0,118.0,1,-27.75082,27.75082,1.220448,24.1938,52.2009,68.078,26.5032,28.63769,2868.931239120662,150000,150000,16163.0,-25.910018039011263,150001,150001,,0,PSRR_worst_case_10Hz_10MHz,27.75082,43.64182,27.75082,43.64182,1,5.0,1.0,14.045,23.585,2.0,3.524402035046903,1.04871452231674,5.0,1.0,14.045,23.585,2.0,3.524402035046903,1.04871452231674,1.218694,1.221112,24.2,52.2,64.2,18.2,48.9
hard,SKY130-BGR-hard,7,11,323345,FA,40,-28.12838,28.12838,0,1,1.220453,24.19867,52.2015,68.227,26.3748,28.66282,0,0,0,0,0,0,59.0,1,-28.12838,28.12838,1.220453,24.19867,52.2015,68.227,26.3748,28.66282,2912.250621696934,150000,150000,21740.0,-26.33631689807932,150001,150001,,0,PSRR_worst_case_10Hz_10MHz,28.12838,43.67227,28.12838,43.67227,1,4.98,1.0,13.55,23.275,2.0,3.533082109604621,0.911093122114462,4.98,1.0,13.55,23.275,2.0,3.533082109604621,0.911093122114462,1.218694,1.221112,24.2,52.2,64.2,18.2,48.9
hard,SKY130-BGR-hard,7,12,324345,FA,40,-50.34025,50.34025,0,1,1.220838,21.95213,52.3118,69.682,18.2,44.28268,0,0,0,0,0,0,15.0,1,-50.34025,50.34025,1.220838,21.95213,52.3118,69.682,18.2,44.28268,2606.584915228188,150000,150000,13585.0,-49.94603919459463,150001,150001,,0,PSRR_worst_case_10Hz_10MHz,50.34025,50.34025,50.34025,50.34025,1,3.555,1.0,1.04,20.685,0.94,8.951578625196143,0.9600091717184792,3.555,1.0,1.04,20.685,0.94,8.951578625196143,0.9600091717184792,1.218694,1.221112,24.2,52.2,64.2,18.2,48.9
hard,SKY130-BGR-hard,7,13,325345,FA,40,-44.08431,44.08431,0,1,1.220459,24.06943,52.2,66.7,19.0787,27.37028,0,0,0,0,0,0,54.0,1,-44.08431,44.08431,1.220459,24.06943,52.2,66.7,19.0787,27.37028,2326.678657544777,150000,150000,15369.0,-42.025158229888206,150001,150001,,0,PSRR_worst_case_10Hz_10MHz,44.08431,45.09447,44.08431,45.09447,1,7.735,1.0,5.0,24.0,0.92,3.083538609513947,1.116505704491528,7.735,1.0,5.0,24.0,0.92,3.083538609513947,1.116505704491528,1.218694,1.221112,24.2,52.2,64.2,18.2,48.9
hard,SKY130-BGR-hard,7,14,326345,FA,40,-23.47363,23.47363,0,1,1.220919,23.88166,52.2,74.326,30.8528,36.29684,0,0,0,0,0,0,177.0,1,-23.47363,23.47363,1.220919,23.88166,52.2,74.326,30.8528,36.29684,2088.481348387897,150000,150000,14162.0,-19.95886003513357,150001,150001,,0,PSRR_worst_case_10Hz_10MHz,23.47363,43.05162,23.47363,43.05162,1,3.66,1.0,32.475,46.045,3.645,6.178364140837445,1.0962924471737887,3.66,1.0,32.475,46.045,3.645,6.178364140837445,1.0962924471737887,1.218694,1.221112,24.2,52.2,64.2,18.2,48.9
hard,SKY130-BGR-hard,7,15,327345,FA,40,-40.80869,40.80869,0,1,1.220402,24.12022,52.2002,66.83,18.5173,27.84591,0,0,0,0,0,0,74.0,1,-40.80869,40.80869,1.220402,24.12022,52.2002,66.83,18.5173,27.84591,3160.839096069336,150000,150000,20245.0,-37.12152031676878,150001,150001,,0,PSRR_worst_case_10Hz_10MHz,40.80869,45.70045,40.80869,45.70045,1,8.83,1.0,5.32,28.84,0.885,3.249218697642701,0.92809209067817,8.83,1.0,5.32,28.84,0.885,3.249218697642701,0.92809209067817,1.218694,1.221112,24.2,52.2,64.2,18.2,48.9
hard,SKY130-BGR-hard,7,16,328345,FA,40,-26.70528,26.70528,0,1,1.220371,24.19532,52.2,64.674,27.8085,27.70015,0,0,0,0,0,0,343.0,1,-26.70528,26.70528,1.220371,24.19532,52.2,64.674,27.8085,27.70015,2110.6513313017786,150000,150000,13765.0,-24.891327696651302,150001,150001,,0,PSRR_worst_case_10Hz_10MHz,26.70528,43.3535,26.70528,43.3535,1,5.525,1.0,23.93,25.66,2.0,3.1997082300645614,1.0216180206494692,5.525,1.0,23.93,25.66,2.0,3.1997082300645614,1.0216180206494692,1.218694,1.221112,24.2,52.2,64.2,18.2,48.9
hard,SKY130-BGR-hard,7,17,329345,FA,40,-49.53205,49.53205,0,1,1.220835,21.59972,52.6046,69.617,18.2,42.32122,0,0,0,0,0,0,47.0,1,-49.53205,49.53205,1.220835,21.59972,52.6046,69.617,18.2,42.32122,2648.7229281496257,150000,150000,15395.0,-45.52125467856452,150001,150001,,0,PSRR_worst_case_10Hz_10MHz,49.53205,50.65857,49.53205,50.65857,1,3.795,1.0,1.005,22.880000000000003,0.875,8.270432771605591,1.177035351720071,3.795,1.0,1.005,22.880000000000003,0.875,8.270432771605591,1.177035351720071,1.218694,1.221112,24.2,52.2,64.2,18.2,48.9
hard,SKY130-BGR-hard,7,18,330345,FA,40,-36.55035,36.55035,0,1,1.220079,24.19615,52.6593,68.363,18.2,38.26937,0,0,0,0,0,0,59.0,1,-36.55035,36.55035,1.220079,24.19615,52.6593,68.363,18.2,38.26937,2383.398200850934,150000,150000,12571.0,-32.920683383322555,150001,150001,,0,PSRR_worst_case_10Hz_10MHz,36.55035,50.2719,36.55035,50.2719,1,5.705,1.0,4.1850000000000005,38.98,0.9,6.87209858753938,1.094566721255337,5.705,1.0,4.1850000000000005,38.98,0.9,6.87209858753938,1.094566721255337,1.218694,1.221112,24.2,52.2,64.2,18.2,48.9
hard,SKY130-BGR-hard,7,19,331345,FA,40,-48.88544,48.88544,0,1,1.220481,23.27945,52.2,68.938,18.2001,39.97861,0,0,0,0,0,0,84.0,1,-48.88544,48.88544,1.220481,23.27945,52.2,68.938,18.2001,39.97861,3684.678150299937,150000,150000,21780.0,-44.94074471393142,150001,150001,,0,PSRR_worst_case_10Hz_10MHz,48.88544,49.83744,48.88544,49.83744,1,4.125,1.0,1.425,22.16,0.905,7.461196975128509,0.9489546647117784,4.125,1.0,1.425,22.16,0.905,7.461196975128509,0.9489546647117784,1.218694,1.221112,24.2,52.2,64.2,18.2,48.9
hard,SKY130-BGR-hard,7,20,332345,FA,40,-50.18999,50.18999,0,1,1.220762,22.29109,52.2006,69.504,18.2,43.21382,0,0,0,0,0,0,41.0,1,-50.18999,50.18999,1.220762,22.29109,52.2006,69.504,18.2,43.21382,2313.4964052326977,150000,150000,12173.0,-46.146527201148,150001,150001,,0,PSRR_worst_case_10Hz_10MHz,50.18999,50.18999,50.18999,50.18999,1,3.585,1.0,1.07,20.43,0.915,8.5813131194669,0.9235415738780504,3.585,1.0,1.07,20.43,0.915,8.5813131194669,0.9235415738780504,1.218694,1.221112,24.2,52.2,64.2,18.2,48.9
hard,SKY130-BGR-hard,7,21,333345,FA,40,-24.94752,24.94752,0,1,1.220641,24.16515,52.2,69.566,30.0153,31.54777,0,0,0,0,0,0,47.0,1,-24.94752,24.94752,1.220641,24.16515,52.2,69.566,30.0153,31.54777,3333.0815719515085,150000,150000,21819.0,-21.476258743194958,150001,150001,,0,PSRR_worst_case_10Hz_10MHz,24.94752,43.05984,24.94752,43.05984,1,4.355,1.0,32.620000000000005,34.760000000000005,3.07,4.532670818061654,0.939709151991042,4.355,1.0,32.620000000000005,34.760000000000005,3.07,4.532670818061654,0.939709151991042,1.218694,1.221112,24.2,52.2,64.2,18.2,48.9
hard,SKY130-BGR-hard,7,22,334345,FA,40,-26.06138,26.06138,0,1,1.220389,24.19497,52.2,64.2,28.9576,28.0015,0,0,0,0,0,0,70.0,1,-26.06138,26.06138,1.220389,24.19497,52.2,64.2,28.9576,28.0015,3086.071803748608,150000,150000,14531.0,-24.270443406756048,150001,150001,,0,PSRR_worst_case_10Hz_10MHz,26.06138,43.12709,26.06138,43.12709,1,5.3100000000000005,1.0,34.795,28.715,2.235,3.3041463562974576,0.9702302903556416,5.3100000000000005,1.0,34.795,28.715,2.235,3.3041463562974576,0.9702302903556416,1.218694,1.221112,24.2,52.2,64.2,18.2,48.9
hard,SKY130-BGR-hard,7,23,335345,FA,40,-26.58978,26.58978,0,1,1.220355,24.19564,52.2002,64.201,27.8952,27.56824,0,0,0,0,0,0,48.0,1,-26.58978,26.58978,1.220355,24.19564,52.2002,64.201,27.8952,27.56824,2272.9192810691893,150000,150000,14109.0,-23.11773322195481,150001,150001,,0,PSRR_worst_case_10Hz_10MHz,26.58978,43.31513,26.58978,43.31513,1,5.64,1.0,25.73,25.87,2.0,3.1540896292385274,1.039620338269572,5.64,1.0,25.73,25.87,2.0,3.1540896292385274,1.039620338269572,1.218694,1.221112,24.2,52.2,64.2,18.2,48.9
hard,SKY130-BGR-hard,7,24,336345,FA,40,-40.13981,40.13981,0,1,1.220134,24.19506,52.2,68.3,18.2,44.40182,0,0,0,0,0,0,90.0,1,-40.13981,40.13981,1.220134,24.19506,52.2,68.3,18.2,44.40182,3273.7097975257784,150000,150000,14309.0,-38.06479033586758,150001,150001,,0,PSRR_worst_case_10Hz_10MHz,40.13981,50.84752,40.13981,50.84752,1,4.52,1.0,3.695,32.025000000000006,1.04,9.001007453485224,1.1429498892826853,4.52,1.0,3.695,32.025000000000006,1.04,9.001007453485224,1.1429498892826853,1.218694,1.221112,24.2,52.2,64.2,18.2,48.9
hard,SKY130-BGR-hard,7,25,337345,FA,40,-25.87668,25.87668,0,1,1.220384,24.1901,52.2,64.2,28.8892,27.94847,0,0,0,0,0,0,128.0,1,-25.87668,25.87668,1.220384,24.1901,52.2,64.2,28.8892,27.94847,2383.397011712193,150000,150000,14903.0,-24.011372857649054,150001,150001,,0,PSRR_worst_case_10Hz_10MHz,25.87668,43.13603,25.87668,43.13603,1,5.325,1.0,33.94,28.62,2.195,3.285786019507808,1.062798181505287,5.325,1.0,33.94,28.62,2.195,3.285786019507808,1.062798181505287,1.218694,1.221112,24.2,52.2,64.2,18.2,48.9
hard,SKY130-BGR-hard,7,26,338345,FA,40,-26.27319,26.27319,0,1,1.220376,24.19523,52.2,64.202,28.5682,27.83066,0,0,0,0,0,0,95.0,1,-26.27319,26.27319,1.220376,24.19523,52.2,64.202,28.5682,27.83066,2074.7320820000023,150000,150000,12525.0,-22.83056073443823,150001,150001,,0,PSRR_worst_case_10Hz_10MHz,26.27319,43.19977,26.27319,43.19977,1,5.43,1.0,31.075,27.525,2.15,3.244981848475078,0.9507266262914662,5.43,1.0,31.075,27.525,2.15,3.244981848475078,0.9507266262914662,1.218694,1.221112,24.2,52.2,64.2,18.2,48.9
hard,SKY130-BGR-hard,7,27,339345,FA,40,-37.01646,37.01646,0,1,1.220072,24.19132,52.7529,68.475,18.2,41.8255,0,0,0,0,0,0,64.0,1,-37.01646,37.01646,1.220072,24.19132,52.7529,68.475,18.2,41.8255,3255.5363083984703,150000,150000,16586.0,-33.3503609549797,150001,150001,,0,PSRR_worst_case_10Hz_10MHz,37.01646,50.85468,37.01646,50.85468,1,5.08,1.0,4.34,38.58,0.965,8.107013110754664,1.0772148276847917,5.08,1.0,4.34,38.58,0.965,8.107013110754664,1.0772148276847917,1.218694,1.221112,24.2,52.2,64.2,18.2,48.9
hard,SKY130-BGR-hard,7,28,340345,FA,40,-50.80658,50.80658,0,1,1.220916,21.57843,52.2222,69.597,18.2,44.41138,0,0,0,0,0,0,17.0,1,-50.80658,50.80658,1.220916,21.57843,52.2222,69.597,18.2,44.41138,2653.192756239325,150000,150000,15883.0,-50.42506247058313,150001,150001,,0,PSRR_worst_case_10Hz_10MHz,50.80658,50.80658,50.80658,50.80658,1,3.515,1.0,1.0,21.11,0.905,8.995305909369018,1.1238877257567332,3.515,1.0,1.0,21.11,0.905,8.995305909369018,1.1238877257567332,1.218694,1.221112,24.2,52.2,64.2,18.2,48.9
hard,SKY130-BGR-hard,7,29,341345,FA,40,-23.20402,23.20402,0,1,1.221086,23.62031,52.2,76.248,31.037,38.77598,0,0,0,0,0,0,48.0,1,-23.20402,23.20402,1.221086,23.62031,52.2,76.248,31.037,38.77598,1830.5290463063864,150000,150000,12431.0,-19.744016948312996,150001,150001,,0,PSRR_worst_case_10Hz_10MHz,23.20402,43.08125,23.20402,43.08125,1,3.415,1.0,31.595,52.02,3.88,7.037190605912645,0.9224727619419892,3.415,1.0,31.595,52.02,3.88,7.037190605912645,0.9224727619419892,1.218694,1.221112,24.2,52.2,64.2,18.2,48.9
hard,SKY130-BGR-hard,7,0,312345,GA,40,-44.87954,44.87954,0,1,1.220434,24.19904,52.2427,67.1,20.0718,27.46424,0,0,0,0,0,0,41.0,1,-44.87954,44.87954,1.220434,24.19904,52.2427,67.1,20.0718,27.46424,11241.965853447096,150000,150000,148840.0,-41.99301902326016,150001,150001,,0,PSRR_worst_case_10Hz_10MHz,44.87954,44.87974,44.87954,44.87974,1,6.5,1.0,4.995,21.175,0.995,3.116589617242851,1.026613740687346,6.5,1.0,4.995,21.175,0.995,3.116589617242851,1.026613740687346,1.218694,1.221112,24.2,52.2,64.2,18.2,48.9
hard,SKY130-BGR-hard,7,1,313345,GA,40,-48.64913,48.64913,0,1,1.220282,23.76997,52.3522,68.439,18.2002,33.77975,0,0,0,0,0,0,65.0,1,-48.64913,48.64913,1.220282,23.76997,52.3522,68.439,18.2002,33.77975,13325.633152836934,150000,150000,142600.0,-45.744998640524265,150001,150001,,0,PSRR_worst_case_10Hz_10MHz,48.64913,48.64913,48.64913,48.64913,1,5.2,1.0,1.615,22.325000000000003,0.81,5.311041682842023,0.9000000891657917,5.2,1.0,1.615,22.325000000000003,0.81,5.311041682842023,0.9000000891657917,1.218694,1.221112,24.2,52.2,64.2,18.2,48.9
hard,SKY130-BGR-hard,7,2,314345,GA,40,-44.90026,44.90026,0,1,1.220442,24.17405,52.2096,66.998,19.8409,27.39148,0,0,0,0,0,0,110.0,1,-44.90026,44.90026,1.220442,24.17405,52.2096,66.998,19.8409,27.39148,14131.947087273002,150000,150000,145360.0,-38.61055538670258,150001,150001,,0,PSRR_worst_case_10Hz_10MHz,44.90026,44.90026,44.90026,44.90026,1,6.71,1.0,4.92,21.365,0.98,3.091212140068584,0.91688935095672,6.71,1.0,4.92,21.365,0.98,3.091212140068584,0.91688935095672,1.218694,1.221112,24.2,52.2,64.2,18.2,48.9
hard,SKY130-BGR-hard,7,3,315345,GA,40,-39.96173,39.96173,0,1,1.220278,24.19717,52.2756,66.956,18.2098,28.75012,0,0,0,0,0,0,218.0,1,-39.96173,39.96173,1.220278,24.19717,52.2756,66.956,18.2098,28.75012,12555.11911188811,150000,150000,147760.0,-33.581166867645784,150001,150001,,0,PSRR_worst_case_10Hz_10MHz,39.96173,46.41277,39.96173,46.41277,1,8.8,1.0,5.155,31.155,0.865,3.564573554490842,1.0902253284554164,8.8,1.0,5.155,31.155,0.865,3.564573554490842,1.0902253284554164,1.218694,1.221112,24.2,52.2,64.2,18.2,48.9
hard,SKY130-BGR-hard,7,4,316345,GA,40,-38.50478,38.50478,0,1,1.22038,24.19515,52.2109,66.943,18.2,28.24528,0,0,0,0,0,0,92.0,1,-38.50478,38.50478,1.22038,24.19515,52.2109,66.943,18.2,28.24528,12554.067457290366,150000,150000,135120.0,-33.19319106420709,150001,150000,no_convergence=1,0,PSRR_worst_case_10Hz_10MHz,38.50478,46.12147,38.50478,46.12147,1,9.705,1.0,5.715,33.52,0.865,3.3880483302763573,1.066428145920648,9.705,1.0,5.715,33.52,0.865,3.3880483302763573,1.066428145920648,1.218694,1.221112,24.2,52.2,64.2,18.2,48.9
hard,SKY130-BGR-hard,7,5,317345,GA,40,-50.93697,50.93697,0,1,1.22069,22.25766,52.2328,69.289,18.348,38.26377,0,0,0,0,0,0,41.0,1,-50.93697,50.93697,1.22069,22.25766,52.2328,69.289,18.348,38.26377,11347.575331941249,150000,150000,27360.0,-48.66429994223295,150001,150001,,0,PSRR_worst_case_10Hz_10MHz,50.93697,50.93701,50.93697,50.93701,1,4.005,1.0,1.0,22.175,0.775,6.863196767016559,1.2875786178424031,4.005,1.0,1.0,22.175,0.775,6.863196767016559,1.2875786178424031,1.218694,1.221112,24.2,52.2,64.2,18.2,48.9
hard,SKY130-BGR-hard,7,6,318345,GA,40,-50.98441,50.98441,0,1,1.220858,21.77803,52.2013,69.586,18.2934,42.78764,0,0,0,0,0,0,60.0,1,-50.98441,50.98441,1.220858,21.77803,52.2013,69.586,18.2934,42.78764,12007.857915023342,150000,150000,97800.0,-47.35688392772619,150001,150001,,0,PSRR_worst_case_10Hz_10MHz,50.98441,50.98441,50.98441,50.98441,1,3.565,1.0,1.0,21.28,0.87,8.432146822208477,1.1914107626735295,3.565,1.0,1.0,21.28,0.87,8.432146822208477,1.1914107626735295,1.218694,1.221112,24.2,52.2,64.2,18.2,48.9
hard,SKY130-BGR-hard,7,7,319345,GA,40,-50.98432,50.98432,0,1,1.220658,22.33271,52.2394,69.074,18.2589,37.68248,0,0,0,0,0,0,110.0,1,-50.98432,50.98432,1.220658,22.33271,52.2394,69.074,18.2589,37.68248,13763.553396567702,150000,150000,83520.0,-46.21075510373402,150001,150000,measure_failed=1,0,PSRR_worst_case_10Hz_10MHz,50.98432,50.98432,50.98432,50.98432,1,4.155,1.0,1.0,22.285,0.76,6.661721343604287,1.295577291148844,4.155,1.0,1.0,22.285,0.76,6.661721343604287,1.295577291148844,1.218694,1.221112,24.2,52.2,64.2,18.2,48.9
hard,SKY130-BGR-hard,7,8,320345,GA,40,-50.96871,50.96871,0,1,1.220877,21.69826,52.2087,69.491,18.2124,43.58443,0,0,0,0,0,0,141.0,1,-50.96871,50.96871,1.220877,21.69826,52.2087,69.491,18.2124,43.58443,11894.356896409765,150000,150000,138080.0,-46.498386898079325,150001,150001,,0,PSRR_worst_case_10Hz_10MHz,50.96871,50.96871,50.96871,50.96871,1,3.555,1.0,1.0,21.130000000000003,0.885,8.708607812289886,1.1681973781914226,3.555,1.0,1.0,21.130000000000003,0.885,8.708607812289886,1.1681973781914226,1.218694,1.221112,24.2,52.2,64.2,18.2,48.9
hard,SKY130-BGR-hard,7,9,321345,GA,40,-42.70675,42.70675,0,1,1.220367,24.1954,52.2178,66.889,18.6103,27.97936,0,0,0,0,0,0,108.0,1,-42.70675,42.70675,1.220367,24.1954,52.2178,66.889,18.6103,27.97936,11139.530692620205,150000,150000,147760.0,-39.69424450589437,150001,150001,,0,PSRR_worst_case_10Hz_10MHz,42.70675,45.7154,42.70675,45.7154,1,8.14,1.0,4.859999999999999,26.655,0.88,3.296005194592856,1.0612736832550806,8.14,1.0,4.859999999999999,26.655,0.88,3.296005194592856,1.0612736832550806,1.218694,1.221112,24.2,52.2,64.2,18.2,48.9
hard,SKY130-BGR-hard,7,10,322345,GA,40,-51.00496,51.00496,0,1,1.220865,21.71337,52.2195,69.451,18.2027,43.2556,0,0,0,0,0,0,72.0,1,-51.00496,51.00496,1.220865,21.71337,52.2195,69.451,18.2027,43.2556,12120.287616491318,150000,150000,100880.0,-48.92569766240875,150001,150001,,0,PSRR_worst_case_10Hz_10MHz,51.00496,51.00496,51.00496,51.00496,1,3.585,1.0,1.0,21.29,0.875,8.594565521121329,1.177604724192034,3.585,1.0,1.0,21.29,0.875,8.594565521121329,1.177604724192034,1.218694,1.221112,24.2,52.2,64.2,18.2,48.9
hard,SKY130-BGR-hard,7,11,323345,GA,40,-50.94764,50.94764,0,1,1.220776,21.90857,52.2578,69.345,18.2716,40.27784,0,0,0,0,0,0,107.0,1,-50.94764,50.94764,1.220776,21.90857,52.2578,69.345,18.2716,40.27784,14099.132140833884,150000,150000,142920.0,-43.62040475546503,150001,150001,,0,PSRR_worst_case_10Hz_10MHz,50.94764,50.94764,50.94764,50.94764,1,3.835,1.0,1.0,22.41,0.805,7.56155759854799,1.2538065611893692,3.835,1.0,1.0,22.41,0.805,7.56155759854799,1.2538065611893692,1.218694,1.221112,24.2,52.2,64.2,18.2,48.9
hard,SKY130-BGR-hard,7,12,324345,GA,40,-48.54663,48.54663,0,1,1.220316,23.66004,52.5471,68.689,18.2003,33.58969,0,0,0,0,0,0,15.0,1,-48.54663,48.54663,1.220316,23.66004,52.5471,68.689,18.2003,33.58969,12745.447400888428,150000,150000,144800.0,-47.62249999173327,150001,150001,,0,PSRR_worst_case_10Hz_10MHz,48.54663,48.54663,48.54663,48.54663,1,5.24,1.0,1.535,22.275,0.8250000000000001,5.244667543143075,0.9000000015935945,5.24,1.0,1.535,22.275,0.8250000000000001,5.244667543143075,0.9000000015935945,1.218694,1.221112,24.2,52.2,64.2,18.2,48.9
hard,SKY130-BGR-hard,7,13,325345,GA,40,-50.84298,50.84298,0,1,1.220895,21.67312,52.2281,69.558,18.207,44.28583,0,0,0,0,0,0,148.0,1,-50.84298,50.84298,1.220895,21.67312,52.2281,69.558,18.207,44.28583,11836.312686290592,150000,150000,102960.0,-48.67703963883093,150001,150001,,0,PSRR_worst_case_10Hz_10MHz,50.84298,50.84298,50.84298,50.84298,1,3.515,1.0,1.0,20.81,0.91,8.95198019433208,1.138709001735091,3.515,1.0,1.0,20.81,0.91,8.95198019433208,1.138709001735091,1.218694,1.221112,24.2,52.2,64.2,18.2,48.9
hard,SKY130-BGR-hard,7,14,326345,GA,40,-51.0549,51.0549,0,1,1.220788,21.85374,52.2083,69.237,18.224,40.49867,0,0,0,0,0,0,108.0,1,-51.0549,51.0549,1.220788,21.85374,52.2083,69.237,18.224,40.49867,13213.23445321992,150000,150000,106720.0,-45.5912487701918,150001,150001,,0,PSRR_worst_case_10Hz_10MHz,51.0549,51.05491,51.0549,51.05491,1,3.835,1.0,1.0,22.48,0.8,7.63808144281726,1.2543603147394449,3.835,1.0,1.0,22.48,0.8,7.63808144281726,1.2543603147394449,1.218694,1.221112,24.2,52.2,64.2,18.2,48.9
hard,SKY130-BGR-hard,7,15,327345,GA,40,-51.03773,51.03767,0,1,1.220693,22.19306,52.2331,69.104,18.241,38.49629,0,0,0,0,0,0,168.0,1,-51.03773,51.03773,1.220693,22.19306,52.2331,69.104,18.241,38.49629,12262.497427782044,150000,150000,79920.0,-45.90107785918573,150001,150001,,0,PSRR_worst_case_10Hz_10MHz,51.03767,51.03767,51.03773,51.03773,1,4.055,1.0,1.0,22.385,0.77,6.943893761092756,1.28430592472431,4.055,1.0,1.0,22.385,0.77,6.943893761092756,1.284305924724472,1.218694,1.221112,24.2,52.2,64.2,18.2,48.9
hard,SKY130-BGR-hard,7,16,328345,GA,40,-41.96735,41.96735,0,1,1.220339,24.19596,52.2169,67.224,18.3519,28.38348,0,0,0,0,0,0,138.0,1,-41.96735,41.96735,1.220339,24.19596,52.2169,67.224,18.3519,28.38348,10285.450479414314,150000,150000,135640.0,-39.68764571818478,150001,150001,,0,PSRR_worst_case_10Hz_10MHz,41.96735,46.04,41.96735,46.04,1,8.15,1.0,4.525,27.585,0.875,3.436622956133521,1.0806134695586354,8.15,1.0,4.525,27.585,0.875,3.436622956133521,1.0806134695586354,1.218694,1.221112,24.2,52.2,64.2,18.2,48.9
hard,SKY130-BGR-hard,7,17,329345,GA,40,-51.02065,51.02065,0,1,1.220807,21.91794,52.2183,69.473,18.2783,41.86598,0,0,0,0,0,0,91.0,1,-51.02065,51.02065,1.220807,21.91794,52.2183,69.473,18.2783,41.86598,12186.18278690055,150000,150000,29680.0,-47.43604136374242,150001,150001,,0,PSRR_worst_case_10Hz_10MHz,51.02065,51.02065,51.02065,51.02065,1,3.635,1.0,1.0,21.31,0.8500000000000001,8.112700065310957,1.2134109565107114,3.635,1.0,1.0,21.31,0.8500000000000001,8.112700065310957,1.2134109565107114,1.218694,1.221112,24.2,52.2,64.2,18.2,48.9
hard,SKY130-BGR-hard,7,18,330345,GA,40,-44.80205,44.80205,0,1,1.220491,24.03901,52.2117,66.921,19.709,27.21703,0,0,0,0,0,0,135.0,1,-44.80205,44.80205,1.220491,24.03901,52.2117,66.921,19.709,27.21703,10305.00062828511,150000,150000,145240.0,-39.59019536832778,150001,150001,,0,PSRR_worst_case_10Hz_10MHz,44.80205,44.80205,44.80205,44.80205,1,6.99,1.0,5.0,21.9,0.97,3.030047164056795,1.04144934357351,6.99,1.0,5.0,21.9,0.97,3.030047164056795,1.04144934357351,1.218694,1.221112,24.2,52.2,64.2,18.2,48.9
hard,SKY130-BGR-hard,7,19,331345,GA,40,-42.35328,42.35328,0,1,1.220394,24.13528,52.2002,66.648,18.3794,27.82625,0,0,0,0,0,0,129.0,1,-42.35328,42.35328,1.220394,24.13528,52.2002,66.648,18.3794,27.82625,12946.238315939903,150000,150000,148840.0,-33.359625153767695,150001,150001,,0,PSRR_worst_case_10Hz_10MHz,42.35328,45.68058,42.35328,45.68058,1,8.68,1.0,5.0,27.495,0.865,3.242492483337733,0.98724217208813,8.68,1.0,5.0,27.495,0.865,3.242492483337733,0.98724217208813,1.218694,1.221112,24.2,52.2,64.2,18.2,48.9
hard,SKY130-BGR-hard,7,20,332345,GA,40,-51.02928,51.02928,0,1,1.22065,22.35769,52.2091,69.041,18.2551,37.09778,0,0,0,0,0,0,147.0,1,-51.02928,51.02928,1.22065,22.35769,52.2091,69.041,18.2551,37.09778,12346.046468984336,150000,150000,135280.0,-46.969245481003206,150001,150001,,0,PSRR_worst_case_10Hz_10MHz,51.02928,51.0294,51.02928,51.0294,1,4.265000000000001,1.0,1.0,22.545,0.745,6.4587641692148505,1.305530398029975,4.265000000000001,1.0,1.0,22.545,0.745,6.4587641692148505,1.305530398029975,1.218694,1.221112,24.2,52.2,64.2,18.2,48.9
hard,SKY130-BGR-hard,7,21,333345,GA,40,-41.85476,41.85476,0,1,1.221011,22.76802,52.2001,67.738,18.7765,26.05759,0,0,0,0,0,0,133.0,1,-41.85476,41.85476,1.221011,22.76802,52.2001,67.738,18.7765,26.05759,12161.737617902458,150000,150000,147720.0,-32.87106360222735,150001,150001,,0,PSRR_worst_case_10Hz_10MHz,41.85476,44.02311,41.85476,44.02311,1,9.215,1.0,5.0,26.23,0.93,2.621272116072195,1.097991314027387,9.215,1.0,5.0,26.23,0.93,2.621272116072195,1.097991314027387,1.218694,1.221112,24.2,52.2,64.2,18.2,48.9
hard,SKY130-BGR-hard,7,22,334345,GA,40,-43.90007,43.90007,0,1,1.22069,23.54356,52.2004,67.209,19.3598,26.69416,0,0,0,0,0,0,120.0,1,-43.90007,43.90007,1.22069,23.54356,52.2004,67.209,19.3598,26.69416,11723.577124131843,150000,150000,127360.0,-40.27337367732452,150001,150001,,0,PSRR_worst_case_10Hz_10MHz,43.90007,44.48684,43.90007,44.48684,1,7.765000000000001,1.0,5.0,23.425,0.95,2.846120006115002,1.0485628416790571,7.765000000000001,1.0,5.0,23.425,0.95,2.846120006115002,1.0485628416790571,1.218694,1.221112,24.2,52.2,64.2,18.2,48.9
hard,SKY130-BGR-hard,7,23,335345,GA,40,-50.95678,50.95678,0,1,1.220623,22.48231,52.2126,68.994,18.2598,36.74963,0,0,0,0,0,0,68.0,1,-50.95678,50.95678,1.220623,22.48231,52.2126,68.994,18.2598,36.74963,12335.63135561347,150000,150000,138520.0,-46.983780603804014,150001,150001,,0,PSRR_worst_case_10Hz_10MHz,50.95678,50.95678,50.95678,50.95678,1,4.300000000000001,1.0,1.0,22.205,0.745,6.338194437408557,1.3099005952236604,4.300000000000001,1.0,1.0,22.205,0.745,6.338194437408557,1.3099005952236604,1.218694,1.221112,24.2,52.2,64.2,18.2,48.9
hard,SKY130-BGR-hard,7,24,336345,GA,40,-51.07989,51.07989,0,1,1.2207,22.17803,52.2009,69.148,18.2703,38.36288,0,0,0,0,0,0,97.0,1,-51.07989,51.07989,1.2207,22.17803,52.2009,69.148,18.2703,38.36288,13617.995545446873,150000,150000,138000.0,-47.69871319128328,150001,150001,,0,PSRR_worst_case_10Hz_10MHz,51.07989,51.07989,51.07989,51.07989,1,4.055,1.0,1.0,22.49,0.765,6.897476172046852,1.2885358489735852,4.055,1.0,1.0,22.49,0.765,6.897476172046852,1.2885358489735852,1.218694,1.221112,24.2,52.2,64.2,18.2,48.9
hard,SKY130-BGR-hard,7,25,337345,GA,40,-51.10961,51.10961,0,1,1.220826,21.81335,52.2027,69.39,18.2281,42.10088,0,0,0,0,0,0,85.0,1,-51.10961,51.10961,1.220826,21.81335,52.2027,69.39,18.2281,42.10088,13021.634525077416,150000,150000,129800.0,-47.31421168131121,150001,150001,,0,PSRR_worst_case_10Hz_10MHz,51.10961,51.10961,51.10961,51.10961,1,3.65,1.0,1.0,21.565,0.8450000000000001,8.19403493438809,1.2114341390686565,3.65,1.0,1.0,21.565,0.8450000000000001,8.19403493438809,1.2114341390686565,1.218694,1.221112,24.2,52.2,64.2,18.2,48.9
hard,SKY130-BGR-hard,7,26,338345,GA,40,-50.95247,50.95247,0,1,1.220674,22.32249,52.2089,69.287,18.3734,37.51002,0,0,0,0,0,0,93.0,1,-50.95247,50.95247,1.220674,22.32249,52.2089,69.287,18.3734,37.51002,13201.99759240821,150000,150000,127320.0,-42.35229294658631,150001,150001,,0,PSRR_worst_case_10Hz_10MHz,50.95247,50.95262,50.95247,50.95262,1,4.1,1.005,1.0,22.335,0.76,6.601642596739727,1.299827569851099,4.1,1.005,1.0,22.335,0.76,6.601642596739727,1.299827569851099,1.218694,1.221112,24.2,52.2,64.2,18.2,48.9
hard,SKY130-BGR-hard,7,27,339345,GA,40,-50.96612,50.96612,0,1,1.220706,22.16303,52.2492,69.237,18.2942,38.75423,0,0,0,0,0,0,61.0,1,-50.96612,50.96612,1.220706,22.16303,52.2492,69.237,18.2942,38.75423,11894.001260293648,150000,150000,45240.0,-46.96162961557077,150001,150001,,0,PSRR_worst_case_10Hz_10MHz,50.96612,50.96612,50.96612,50.96612,1,3.985,1.0,1.0,22.3,0.78,7.033311918746011,1.279263329026441,3.985,1.0,1.0,22.3,0.78,7.033311918746011,1.2792633290293045,1.218694,1.221112,24.2,52.2,64.2,18.2,48.9
hard,SKY130-BGR-hard,7,28,340345,GA,40,-51.05366,51.05366,0,1,1.220673,22.253,52.2347,69.028,18.2174,38.01078,0,0,0,0,0,0,17.0,1,-51.05366,51.05366,1.220673,22.253,52.2347,69.028,18.2174,38.01078,13243.01130178012,150000,150000,138440.0,-50.58996928169521,150001,150001,,0,PSRR_worst_case_10Hz_10MHz,51.05366,51.05366,51.05366,51.05366,1,4.145,1.0,1.0,22.47,0.76,6.775531360646283,1.2913476575241147,4.145,1.0,1.0,22.47,0.76,6.775531360646283,1.2913476575241147,1.218694,1.221112,24.2,52.2,64.2,18.2,48.9
hard,SKY130-BGR-hard,7,29,341345,GA,40,-50.84598,50.84598,0,1,1.220774,22.01286,52.2147,69.669,18.4673,39.67889,0,0,0,0,0,0,108.0,1,-50.84598,50.84598,1.220774,22.01286,52.2147,69.669,18.4673,39.67889,13763.970092097295,150000,150000,139440.0,-33.74212454333029,150001,150000,measure_failed=1,0,PSRR_worst_case_10Hz_10MHz,50.84598,50.84598,50.84598,50.84598,1,3.765,1.0,1.0,22.19,0.805,7.353610297379222,1.266290795698369,3.765,1.0,1.0,22.19,0.805,7.353610297379222,1.266290795698369,1.218694,1.221112,24.2,52.2,64.2,18.2,48.9
hard,SKY130-BGR-hard,7,0,312345,GWO,40,-51.06659,51.06659,0,1,1.22085,21.74838,52.2001,69.413,18.2039,42.76591,0,0,0,0,0,0,131.0,1,-51.06659,51.06659,1.22085,21.74838,52.2001,69.413,18.2039,42.76591,22903.33058638312,150000,150000,149680.0,-45.43227137520917,150001,150001,,0,PSRR_worst_case_10Hz_10MHz,51.06659,51.06659,51.06659,51.06659,1,3.61,1.01,1.0,21.425,0.86,8.424687329477331,1.1936800966452743,3.61,1.01,1.0,21.425,0.86,8.424687329477331,1.1936800966452743,1.218694,1.221112,24.2,52.2,64.2,18.2,48.9
hard,SKY130-BGR-hard,7,1,313345,GWO,40,-51.09565,51.09565,0,1,1.220843,21.75347,52.2001,69.379,18.2005,42.44672,0,0,0,0,0,0,48.0,1,-51.09565,51.09565,1.220843,21.75347,52.2001,69.379,18.2005,42.44672,23095.46795392781,150000,150000,150000.0,-45.85608082653884,150001,150000,measure_failed=1,0,PSRR_worst_case_10Hz_10MHz,51.09565,51.09565,51.09565,51.09565,1,3.635,1.02,1.0,21.605,0.8500000000000001,8.313924767730692,1.2019400424675315,3.635,1.02,1.0,21.605,0.8500000000000001,8.313924767730692,1.2019400424675315,1.218694,1.221112,24.2,52.2,64.2,18.2,48.9
hard,SKY130-BGR-hard,7,2,314345,GWO,40,-51.12837,51.12837,0,1,1.220829,21.78847,52.2003,69.343,18.2019,42.21862,0,0,0,0,0,0,109.0,1,-51.12837,51.12837,1.220829,21.78847,52.2003,69.343,18.2019,42.21862,22984.89583911188,150000,150000,150000.0,-45.543008151021006,150001,150001,,0,PSRR_worst_case_10Hz_10MHz,51.12837,51.12837,51.12837,51.12837,1,3.655,1.0,1.0,21.58,0.8450000000000001,8.234886946231157,1.2091990465875937,3.655,1.0,1.0,21.58,0.8450000000000001,8.234886946231157,1.2091990465875937,1.218694,1.221112,24.2,52.2,64.2,18.2,48.9
hard,SKY130-BGR-hard,7,3,315345,GWO,40,-51.08262,51.08262,0,1,1.220831,21.78844,52.2,69.362,18.2059,42.1664,0,0,0,0,0,0,99.0,1,-51.08262,51.08262,1.220831,21.78844,52.2,69.362,18.2059,42.1664,24334.554335908964,150000,150000,150000.0,-44.460986511243405,150001,150001,,0,PSRR_worst_case_10Hz_10MHz,51.08262,51.08262,51.08262,51.08262,1,3.645,1.04,1.0,21.61,0.8450000000000001,8.216718789567407,1.2075718846052468,3.645,1.04,1.0,21.61,0.8450000000000001,8.216718789567407,1.2075718846052468,1.218694,1.221112,24.2,52.2,64.2,18.2,48.9
hard,SKY130-BGR-hard,7,4,316345,GWO,40,-51.11616,51.11616,0,1,1.220843,21.74354,52.2019,69.377,18.2001,42.4793,0,0,0,0,0,0,182.0,1,-51.11616,51.11616,1.220843,21.74354,52.2019,69.377,18.2001,42.4793,22739.754546107724,150000,150000,150000.0,-43.57861035540236,150001,150001,,0,PSRR_worst_case_10Hz_10MHz,51.11616,51.11616,51.11616,51.11616,1,3.64,1.0,1.0,21.615,0.8500000000000001,8.325230379299898,1.2023982224481753,3.64,1.0,1.0,21.615,0.8500000000000001,8.325230379299898,1.2023982224481753,1.218694,1.221112,24.2,52.2,64.2,18.2,48.9
hard,SKY130-BGR-hard,7,5,317345,GWO,40,-51.09794,51.09794,0,1,1.220846,21.74846,52.2001,69.396,18.2035,42.6271,0,0,0,0,0,0,58.0,1,-51.09794,51.09794,1.220846,21.74846,52.2001,69.396,18.2035,42.6271,23615.52583721094,150000,150000,149920.0,-46.326592546883646,150001,150001,,0,PSRR_worst_case_10Hz_10MHz,51.09794,51.09794,51.09794,51.09794,1,3.625,1.0,1.0,21.515,0.855,8.37651859625205,1.1984962647633726,3.625,1.0,1.0,21.515,0.855,8.37651859625205,1.1984962647633726,1.218694,1.221112,24.2,52.2,64.2,18.2,48.9
hard,SKY130-BGR-hard,7,6,318345,GWO,40,-51.06719,51.06719,0,1,1.22083,21.80831,52.2012,69.356,18.2003,42.30734,0,0,0,0,0,0,82.0,1,-51.06719,51.06719,1.22083,21.80831,52.2012,69.356,18.2003,42.30734,23262.160779643804,150000,150000,149880.0,-43.52518315418769,150001,150001,,0,PSRR_worst_case_10Hz_10MHz,51.06719,51.06719,51.06719,51.06719,1,3.635,1.035,1.0,21.47,0.8500000000000001,8.26568163922199,1.2038545611400773,3.635,1.035,1.0,21.47,0.8500000000000001,8.26568163922199,1.2038545611400773,1.218694,1.221112,24.2,52.2,64.2,18.2,48.9
hard,SKY130-BGR-hard,7,7,319345,GWO,40,-51.12383,51.12383,0,1,1.22084,21.74856,52.2,69.376,18.2067,42.29303,0,0,0,0,0,0,96.0,1,-51.12383,51.12383,1.22084,21.74856,52.2,69.376,18.2067,42.29303,23388.30129755102,150000,150000,149600.0,-45.95419881879212,150001,150000,measure_failed=1,0,PSRR_worst_case_10Hz_10MHz,51.12383,51.12383,51.12383,51.12383,1,3.65,1.005,1.0,21.700000000000003,0.8450000000000001,8.260590152725669,1.2069059583633324,3.65,1.005,1.0,21.700000000000003,0.8450000000000001,8.260590152725669,1.2069059583633324,1.218694,1.221112,24.2,52.2,64.2,18.2,48.9
hard,SKY130-BGR-hard,7,8,320345,GWO,40,-51.02448,51.02448,0,1,1.220828,21.71899,52.2002,69.283,18.2081,41.35829,0,0,0,0,0,0,94.0,1,-51.02448,51.02448,1.220828,21.71899,52.2002,69.283,18.2081,41.35829,24695.825902674347,150000,150000,150000.0,-45.02577719941466,150001,150001,,0,PSRR_worst_case_10Hz_10MHz,51.02448,51.02448,51.02448,51.02448,1,3.76,1.005,1.0,22.44,0.8150000000000001,7.9361139102786735,1.2391473186552582,3.76,1.005,1.0,22.44,0.8150000000000001,7.9361139102786735,1.2391473186552582,1.218694,1.221112,24.2,52.2,64.2,18.2,48.9
hard,SKY130-BGR-hard,7,9,321345,GWO,40,-51.13029,51.13029,0,1,1.220829,21.78847,52.2001,69.343,18.2014,42.22517,0,0,0,0,0,0,54.0,1,-51.13029,51.13029,1.220829,21.78847,52.2001,69.343,18.2014,42.22517,21984.63262894377,150000,150000,149960.0,-46.09107533046653,150001,150000,measure_failed=1,0,PSRR_worst_case_10Hz_10MHz,51.13029,51.13029,51.13029,51.13029,1,3.655,1.0,1.0,21.585,0.8450000000000001,8.237156029600186,1.2091431675545203,3.655,1.0,1.0,21.585,0.8450000000000001,8.237156029600186,1.2091431675545203,1.218694,1.221112,24.2,52.2,64.2,18.2,48.9
hard,SKY130-BGR-hard,7,10,322345,GWO,40,-51.12963,51.12963,0,1,1.220832,21.77353,52.2016,69.35,18.2019,42.24454,0,0,0,0,0,0,78.0,1,-51.12963,51.12963,1.220832,21.77353,52.2016,69.35,18.2019,42.24454,22343.37132100016,150000,150000,150000.0,-45.80866834961333,150001,150001,,0,PSRR_worst_case_10Hz_10MHz,51.12963,51.12963,51.12963,51.12963,1,3.655,1.0,1.0,21.62,0.8450000000000001,8.24384803350094,1.208510934107317,3.655,1.0,1.0,21.62,0.8450000000000001,8.24384803350094,1.208510934107317,1.218694,1.221112,24.2,52.2,64.2,18.2,48.9
hard,SKY130-BGR-hard,7,11,323345,GWO,40,-51.08225,51.08225,0,1,1.22083,21.79342,52.2053,69.354,18.2012,42.16759,0,0,0,0,0,0,90.0,1,-51.08225,51.08225,1.22083,21.79342,52.2053,69.354,18.2012,42.16759,22854.43900861964,150000,150000,149360.0,-45.79920343785625,150001,150001,,0,PSRR_worst_case_10Hz_10MHz,51.08225,51.08225,51.08225,51.08225,1,3.65,1.035,1.0,21.615,0.8450000000000001,8.217150701612058,1.207230209285266,3.65,1.035,1.0,21.615,0.8450000000000001,8.217150701612058,1.207230209285266,1.218694,1.221112,24.2,52.2,64.2,18.2,48.9
hard,SKY130-BGR-hard,7,12,324345,GWO,40,-51.07794,51.07794,0,1,1.220855,21.72347,52.2002,69.43,18.2084,42.81077,0,0,0,0,0,0,15.0,1,-51.07794,51.07794,1.220855,21.72347,52.2002,69.43,18.2084,42.81077,22443.19423233904,150000,150000,149920.0,-47.72801589053927,150001,150001,,0,PSRR_worst_case_10Hz_10MHz,51.07794,51.07794,51.07794,51.07794,1,3.61,1.0,1.0,21.48,0.86,8.440199454054351,1.1932756659653452,3.61,1.0,1.0,21.48,0.86,8.440199454054351,1.1932756659653452,1.218694,1.221112,24.2,52.2,64.2,18.2,48.9
hard,SKY130-BGR-hard,7,13,325345,GWO,40,-51.11745,51.11745,0,1,1.220827,21.79844,52.2022,69.351,18.2071,42.18599,0,0,0,0,0,0,181.0,1,-51.11745,51.11745,1.220827,21.79844,52.2022,69.351,18.2071,42.18599,23014.71527030505,150000,150000,146720.0,-45.6107517201448,150001,150001,,0,PSRR_worst_case_10Hz_10MHz,51.11745,51.12515,51.11745,51.12515,1,3.655,1.0,1.0,21.575000000000003,0.8450000000000001,8.223573480499073,1.2098660434339426,3.655,1.0,1.0,21.575000000000003,0.8450000000000001,8.223573480499073,1.2098660434339426,1.218694,1.221112,24.2,52.2,64.2,18.2,48.9
hard,SKY130-BGR-hard,7,14,326345,GWO,40,-51.13224,51.13224,0,1,1.220831,21.78347,52.2003,69.344,18.2003,42.24447,0,0,0,0,0,0,116.0,1,-51.13224,51.13224,1.220831,21.78347,52.2003,69.344,18.2003,42.24447,22803.00066588074,150000,150000,149920.0,-44.08610098263989,150001,150001,,0,PSRR_worst_case_10Hz_10MHz,51.13224,51.13224,51.13224,51.13224,1,3.655,1.0,1.0,21.605,0.8450000000000001,8.243831417834924,1.2087190460574142,3.655,1.0,1.0,21.605,0.8450000000000001,8.243831417834924,1.2087190460574142,1.218694,1.221112,24.2,52.2,64.2,18.2,48.9
hard,SKY130-BGR-hard,7,15,327345,GWO,40,-51.11702,51.11702,0,1,1.22084,21.75849,52.2006,69.369,18.2003,42.4528,0,0,0,0,0,0,44.0,1,-51.11702,51.11702,1.22084,21.75849,52.2006,69.369,18.2003,42.4528,23259.800400078297,150000,150000,149960.0,-45.300102906086046,150001,150001,,0,PSRR_worst_case_10Hz_10MHz,51.11702,51.11702,51.11702,51.11702,1,3.64,1.0,1.0,21.575000000000003,0.8500000000000001,8.316072582293543,1.2032740634906514,3.64,1.0,1.0,21.575000000000003,0.8500000000000001,8.316072582293543,1.2032740634906514,1.218694,1.221112,24.2,52.2,64.2,18.2,48.9
hard,SKY130-BGR-hard,7,16,328345,GWO,40,-51.1108,51.1108,0,1,1.220835,21.77844,52.2002,69.365,18.2034,42.39884,0,0,0,0,0,0,89.0,1,-51.1108,51.1108,1.220835,21.77844,52.2002,69.365,18.2034,42.39884,22100.53712239489,150000,150000,149880.0,-45.38449668471123,150001,150001,,0,PSRR_worst_case_10Hz_10MHz,51.1108,51.11208,51.1108,51.11208,1,3.64,1.0,1.0,21.52,0.8500000000000001,8.297394424286276,1.204515776802662,3.64,1.0,1.0,21.52,0.8500000000000001,8.297394424286276,1.204515776802662,1.218694,1.221112,24.2,52.2,64.2,18.2,48.9
hard,SKY130-BGR-hard,7,17,329345,GWO,40,-51.13134,51.13134,0,1,1.220837,21.75358,52.2031,69.359,18.2004,42.29082,0,0,0,0,0,0,104.0,1,-51.13134,51.13134,1.220837,21.75358,52.2031,69.359,18.2004,42.29082,22425.68033354357,150000,150000,150000.0,-44.3320362357749,150001,150001,,0,PSRR_worst_case_10Hz_10MHz,51.13134,51.13134,51.13134,51.13134,1,3.655,1.0,1.0,21.68,0.8450000000000001,8.259858411853266,1.2072596585160074,3.655,1.0,1.0,21.68,0.8450000000000001,8.259858411853266,1.2072596585160074,1.218694,1.221112,24.2,52.2,64.2,18.2,48.9
hard,SKY130-BGR-hard,7,18,330345,GWO,40,-51.09589,51.09589,0,1,1.220842,21.75349,52.2011,69.39,18.2066,42.42811,0,0,0,0,0,0,42.0,1,-51.09589,51.09589,1.220842,21.75349,52.2011,69.39,18.2066,42.42811,24275.135212188587,150000,150000,149360.0,-44.29972222951486,150001,150001,,0,PSRR_worst_case_10Hz_10MHz,51.09589,51.09696,51.09589,51.09696,1,3.635,1.015,1.0,21.605,0.8500000000000001,8.307465935880987,1.2026172490839475,3.635,1.015,1.0,21.605,0.8500000000000001,8.307465935880987,1.2026172490839475,1.218694,1.221112,24.2,52.2,64.2,18.2,48.9
hard,SKY130-BGR-hard,7,19,331345,GWO,40,-51.11682,51.11682,0,1,1.22084,21.75353,52.2007,69.37,18.2003,42.45592,0,0,0,0,0,0,147.0,1,-51.11682,51.11682,1.22084,21.75353,52.2007,69.37,18.2003,42.45592,22074.597808033228,150000,150000,150000.0,-44.08913992653285,150001,150000,measure_failed=1,0,PSRR_worst_case_10Hz_10MHz,51.11682,51.11682,51.11682,51.11682,1,3.64,1.0,1.0,21.58,0.8500000000000001,8.317148817637145,1.203163544759396,3.64,1.0,1.0,21.58,0.8500000000000001,8.317148817637145,1.203163544759396,1.218694,1.221112,24.2,52.2,64.2,18.2,48.9
hard,SKY130-BGR-hard,7,20,332345,GWO,40,-51.11567,51.11567,0,1,1.22083,21.78846,52.2042,69.346,18.2003,42.2127,0,0,0,0,0,0,122.0,1,-51.11567,51.11567,1.22083,21.78846,52.2042,69.346,18.2003,42.2127,23637.448465479534,150000,150000,149920.0,-43.5859983403556,150001,150001,,0,PSRR_worst_case_10Hz_10MHz,51.11567,51.11567,51.11567,51.11567,1,3.655,1.01,1.0,21.61,0.8450000000000001,8.23281382639066,1.2083077607554695,3.655,1.01,1.0,21.61,0.8450000000000001,8.23281382639066,1.2083077607554695,1.218694,1.221112,24.2,52.2,64.2,18.2,48.9
hard,SKY130-BGR-hard,7,21,333345,GWO,40,-51.07909,51.07909,0,1,1.220844,21.75842,52.2035,69.388,18.2,42.5851,0,0,0,0,0,0,111.0,1,-51.07909,51.07909,1.220844,21.75842,52.2035,69.388,18.2,42.5851,23208.98442483321,150000,150000,150000.0,-44.20556382782885,150001,150001,,0,PSRR_worst_case_10Hz_10MHz,51.07909,51.07921,51.07909,51.07921,1,3.625,1.015,1.0,21.5,0.855,8.36197138563106,1.1981248708109775,3.625,1.015,1.0,21.5,0.855,8.36197138563106,1.1981248708109775,1.218694,1.221112,24.2,52.2,64.2,18.2,48.9
hard,SKY130-BGR-hard,7,22,334345,GWO,40,-51.12367,51.12367,0,1,1.220826,21.80838,52.2006,69.343,18.2048,42.18237,0,0,0,0,0,0,244.0,1,-51.12367,51.12367,1.220826,21.80838,52.2006,69.343,18.2048,42.18237,22797.9620592501,150000,150000,149760.0,-45.77497445739638,150001,150000,measure_failed=1,0,PSRR_worst_case_10Hz_10MHz,51.12367,51.12367,51.12367,51.12367,1,3.655,1.0,1.0,21.55,0.8450000000000001,8.22233104323857,1.2099111111730176,3.655,1.0,1.0,21.55,0.8450000000000001,8.22233104323857,1.2099111111730176,1.218694,1.221112,24.2,52.2,64.2,18.2,48.9
hard,SKY130-BGR-hard,7,23,335345,GWO,40,-51.07291,51.07291,0,1,1.220838,21.77342,52.2043,69.374,18.2004,42.3727,0,0,0,0,0,0,53.0,1,-51.07291,51.07291,1.220838,21.77342,52.2043,69.374,18.2004,42.3727,23161.568140205,150000,150000,149960.0,-44.242982249948334,150001,150001,,0,PSRR_worst_case_10Hz_10MHz,51.07291,51.07291,51.07291,51.07291,1,3.635,1.035,1.0,21.57,0.8500000000000001,8.288277805269196,1.202243404977147,3.635,1.035,1.0,21.57,0.8500000000000001,8.288277805269196,1.202243404977147,1.218694,1.221112,24.2,52.2,64.2,18.2,48.9
hard,SKY130-BGR-hard,7,24,336345,GWO,40,-51.13184,51.13184,0,1,1.220831,21.78347,52.2003,69.344,18.2004,42.24429,0,0,0,0,0,0,110.0,1,-51.13184,51.13184,1.220831,21.78347,52.2003,69.344,18.2004,42.24429,22400.36181489192,150000,150000,150000.0,-45.77722039023127,150001,150001,,0,PSRR_worst_case_10Hz_10MHz,51.13184,51.13248,51.13184,51.13248,1,3.655,1.0,1.0,21.605,0.8450000000000001,8.243772349592419,1.2087399348226315,3.655,1.0,1.0,21.605,0.8450000000000001,8.243772349592419,1.2087399348226315,1.218694,1.221112,24.2,52.2,64.2,18.2,48.9
hard,SKY130-BGR-hard,7,25,337345,GWO,40,-51.11668,51.11668,0,1,1.22084,21.75353,52.2008,69.37,18.2004,42.45559,0,0,0,0,0,0,114.0,1,-51.11668,51.11668,1.22084,21.75353,52.2008,69.37,18.2004,42.45559,23463.174016648903,150000,150000,150000.0,-46.23942653881026,150001,150001,,0,PSRR_worst_case_10Hz_10MHz,51.11668,51.11668,51.11668,51.11668,1,3.64,1.0,1.0,21.58,0.8500000000000001,8.317032926275646,1.2031628434041286,3.64,1.0,1.0,21.58,0.8500000000000001,8.317032926275646,1.2031628434041286,1.218694,1.221112,24.2,52.2,64.2,18.2,48.9
hard,SKY130-BGR-hard,7,26,338345,GWO,40,-51.11878,51.11878,0,1,1.220835,21.76354,52.2077,69.378,18.2098,42.23741,0,0,0,0,0,0,54.0,1,-51.11878,51.11878,1.220835,21.76354,52.2077,69.378,18.2098,42.23741,22689.077471559867,150000,150000,146160.0,-44.21814336582244,150001,150001,,0,PSRR_worst_case_10Hz_10MHz,51.11878,51.11878,51.11878,51.11878,1,3.655,1.0,1.0,21.685,0.8450000000000001,8.241335021636774,1.2078358083688423,3.655,1.0,1.0,21.685,0.8450000000000001,8.241335021636774,1.2078358083688423,1.218694,1.221112,24.2,52.2,64.2,18.2,48.9
hard,SKY130-BGR-hard,7,27,339345,GWO,40,-51.04098,51.04098,0,1,1.220851,21.7583,52.2054,69.43,18.2101,42.87371,0,0,0,0,0,0,189.0,1,-51.04098,51.04098,1.220851,21.7583,52.2054,69.43,18.2101,42.87371,22646.708384899423,150000,150000,148720.0,-44.08740938120254,150001,150001,,0,PSRR_worst_case_10Hz_10MHz,51.04098,51.04098,51.04098,51.04098,1,3.6,1.005,1.0,21.33,0.865,8.462114299202435,1.1899537873450563,3.6,1.005,1.0,21.33,0.865,8.462114299202435,1.1899537873450563,1.218694,1.221112,24.2,52.2,64.2,18.2,48.9
hard,SKY130-BGR-hard,7,28,340345,GWO,40,-51.10536,51.10536,0,1,1.220824,21.81338,52.2061,69.36,18.2125,42.1265,0,0,0,0,0,0,17.0,1,-51.10536,51.10536,1.220824,21.81338,52.2061,69.36,18.2125,42.1265,23101.936964478344,150000,150000,148840.0,-47.584207739984926,150001,150001,,0,PSRR_worst_case_10Hz_10MHz,51.10536,51.10912,51.10536,51.10912,1,3.655,1.005,1.0,21.56,0.8450000000000001,8.202947610832442,1.2103474292958365,3.655,1.005,1.0,21.56,0.8450000000000001,8.202947610832442,1.2103474292958365,1.218694,1.221112,24.2,52.2,64.2,18.2,48.9
hard,SKY130-BGR-hard,7,29,341345,GWO,40,-51.12955,51.12955,0,1,1.220829,21.78847,52.2003,69.343,18.2016,42.22386,0,0,0,0,0,0,83.0,1,-51.12955,51.12955,1.220829,21.78847,52.2003,69.343,18.2016,42.22386,23231.42112544365,150000,150000,150000.0,-43.973576249975,150001,150001,,0,PSRR_worst_case_10Hz_10MHz,51.12955,51.12955,51.12955,51.12955,1,3.655,1.0,1.0,21.585,0.8450000000000001,8.236700161028333,1.2091282762983042,3.655,1.0,1.0,21.585,0.8450000000000001,8.236700161028333,1.2091282762983042,1.218694,1.221112,24.2,52.2,64.2,18.2,48.9
hard,SKY130-BGR-hard,7,0,312345,PSO,40,-25.91322,25.91322,0,1,1.220408,24.18466,52.2,64.2,29.4001,28.22585,0,0,0,0,0,0,91.0,1,-25.91322,25.91322,1.220408,24.18466,52.2,64.2,29.4001,28.22585,7590.021286215633,150000,150000,45947.0,-24.159868255888377,150001,150001,,0,PSRR_worst_case_10Hz_10MHz,25.91322,43.04305,25.91322,43.04305,1,5.17,1.0,40.0,30.235,2.345,3.381835942846092,0.9,5.17,1.0,40.0,30.235,2.345,3.381835942846092,0.9,1.218694,1.221112,24.2,52.2,64.2,18.2,48.9
hard,SKY130-BGR-hard,7,1,313345,PSO,40,-50.66165,50.66165,0,1,1.220982,21.43828,52.2,69.772,18.2,46.21189,0,0,0,0,0,0,75.0,1,-50.66165,50.66165,1.220982,21.43828,52.2,69.772,18.2,46.21189,21975.32589238882,150000,150000,114389.0,-48.62807228971526,150001,150001,,0,PSRR_worst_case_10Hz_10MHz,50.66165,50.66165,50.66165,50.66165,1,3.4250000000000003,1.0,1.0,20.455,0.96,9.619789816565556,1.0390709231436095,3.4250000000000003,1.0,1.0,20.455,0.96,9.619789816565556,1.0390709231436095,1.218694,1.221112,24.2,52.2,64.2,18.2,48.9
hard,SKY130-BGR-hard,7,2,314345,PSO,40,-51.0458,51.0458,0,1,1.220872,21.68842,52.2002,69.456,18.2048,43.21354,0,0,0,0,0,0,146.0,1,-51.0458,51.0458,1.220872,21.68842,52.2002,69.456,18.2048,43.21354,21966.242380855605,150000,150000,122206.0,-49.13821347988987,150001,150001,,0,PSRR_worst_case_10Hz_10MHz,51.0458,51.0458,51.0458,51.0458,1,3.585,1.0,1.0,21.4,0.87,8.57987055411112,1.1817588808964488,3.585,1.0,1.0,21.4,0.87,8.57987055411112,1.1817588808964488,1.218694,1.221112,24.2,52.2,64.2,18.2,48.9
hard,SKY130-BGR-hard,7,3,315345,PSO,40,-50.52877,50.52877,0,1,1.221013,21.34839,52.2,69.874,18.2026,46.87011,0,0,0,0,0,0,159.0,1,-50.52877,50.52877,1.221013,21.34839,52.2,69.874,18.2026,46.87011,15341.329955836758,150000,150000,60108.0,-46.57573408556056,150001,150001,,0,PSRR_worst_case_10Hz_10MHz,50.52877,50.52877,50.52877,50.52877,1,3.395,1.0,1.0,20.415,0.975,9.847994354895013,0.9,3.395,1.0,1.0,20.415,0.975,9.847994354895013,0.9,1.218694,1.221112,24.2,52.2,64.2,18.2,48.9
hard,SKY130-BGR-hard,7,4,316345,PSO,40,-51.13335,51.13335,0,1,1.220834,21.76853,52.2013,69.35,18.2,42.26897,0,0,0,0,0,0,93.0,1,-51.13335,51.13335,1.220834,21.76853,52.2013,69.35,18.2,42.26897,20672.167702313516,150000,150000,46743.0,-47.57644115650771,150001,150001,,0,PSRR_worst_case_10Hz_10MHz,51.13335,51.13335,51.13335,51.13335,1,3.655,1.0,1.0,21.64,0.8450000000000001,8.252307608486058,1.208067725842462,3.655,1.0,1.0,21.64,0.8450000000000001,8.252307608486058,1.208067725842462,1.218694,1.221112,24.2,52.2,64.2,18.2,48.9
hard,SKY130-BGR-hard,7,5,317345,PSO,40,-45.00197,45.00197,0,1,1.220416,24.17953,52.2221,66.872,19.7902,27.47615,0,0,0,0,0,0,59.0,1,-45.00197,45.00197,1.220416,24.17953,52.2221,66.872,19.7902,27.47615,18349.999903544784,150000,150000,144638.0,-42.907444764431766,150001,150001,,0,PSRR_worst_case_10Hz_10MHz,45.00197,45.00197,45.00197,45.00197,1,6.8,1.0,4.995,21.83,0.965,3.120889166895397,0.9326196828580532,6.8,1.0,4.995,21.83,0.965,3.120889166895397,0.9326196828580532,1.218694,1.221112,24.2,52.2,64.2,18.2,48.9
hard,SKY130-BGR-hard,7,6,318345,PSO,40,-50.98598,50.98598,0,1,1.220886,21.65839,52.2041,69.481,18.2,43.71464,0,0,0,0,0,0,148.0,1,-50.98598,50.98598,1.220886,21.65839,52.2041,69.481,18.2,43.71464,15333.300577007234,150000,150000,13298.0,-47.21693325362169,150001,150001,,0,PSRR_worst_case_10Hz_10MHz,50.98598,50.98598,50.98598,50.98598,1,3.555,1.0,1.0,21.200000000000003,0.885,8.753708607270461,1.165382949017126,3.555,1.0,1.0,21.200000000000003,0.885,8.753708607270461,1.165382949017126,1.218694,1.221112,24.2,52.2,64.2,18.2,48.9
hard,SKY130-BGR-hard,7,7,319345,PSO,40,-51.00833,51.00833,0,1,1.220881,21.67337,52.2016,69.465,18.2,43.55057,0,0,0,0,0,0,42.0,1,-51.00833,51.00833,1.220881,21.67337,52.2016,69.465,18.2,43.55057,22154.042480232198,150000,150000,89648.0,-48.63652537413583,150001,150000,measure_failed=1,0,PSRR_worst_case_10Hz_10MHz,51.00833,51.00833,51.00833,51.00833,1,3.565,1.0,1.0,21.25,0.88,8.696802458202523,1.17114917492017,3.565,1.0,1.0,21.25,0.88,8.696802458202523,1.17114917492017,1.218694,1.221112,24.2,52.2,64.2,18.2,48.9
hard,SKY130-BGR-hard,7,8,320345,PSO,40,-50.55076,50.55076,0,1,1.221016,21.33841,52.2,69.864,18.2,46.99062,0,0,0,0,0,0,71.0,1,-50.55076,50.55076,1.221016,21.33841,52.2,69.864,18.2,46.99062,22354.27179433219,150000,150000,39574.0,-46.78597123290822,150001,150001,,0,PSRR_worst_case_10Hz_10MHz,50.55076,50.55076,50.55076,50.55076,1,3.395,1.0,1.0,20.355,0.98,9.88980510076595,0.9231592114835128,3.395,1.0,1.0,20.355,0.98,9.88980510076595,0.9231592114835128,1.218694,1.221112,24.2,52.2,64.2,18.2,48.9
hard,SKY130-BGR-hard,7,9,321345,PSO,40,-49.24248,49.24248,0,1,1.22028,23.88424,52.202,68.342,18.2,36.36589,0,0,0,0,0,0,90.0,1,-49.24248,49.24248,1.22028,23.88424,52.202,68.342,18.2,36.36589,4016.666561227292,150000,150000,17931.0,-47.274975139531925,150001,150001,,0,PSRR_worst_case_10Hz_10MHz,49.24248,49.24248,49.24248,49.24248,1,4.645,1.0,1.625,22.045,0.8450000000000001,6.209075017660763,0.9,4.645,1.0,1.625,22.045,0.8450000000000001,6.209075017660763,0.9,1.218694,1.221112,24.2,52.2,64.2,18.2,48.9
hard,SKY130-BGR-hard,7,10,322345,PSO,40,-50.53765,50.53765,0,1,1.221019,21.3334,52.2,69.869,18.2,47.13064,0,0,0,0,0,0,46.0,1,-50.53765,50.53765,1.221019,21.3334,52.2,69.869,18.2,47.13064,20830.902837660164,150000,150000,87733.0,-48.61193687603684,150001,150001,,0,PSRR_worst_case_10Hz_10MHz,50.53765,50.53765,50.53765,50.53765,1,3.39,1.0,1.0,20.285,0.985,9.938394115369626,0.9024730647729384,3.39,1.0,1.0,20.285,0.985,9.938394115369626,0.9024730647729384,1.218694,1.221112,24.2,52.2,64.2,18.2,48.9
hard,SKY130-BGR-hard,7,11,323345,PSO,40,-50.74975,50.74975,0,1,1.220951,21.52321,52.2025,69.675,18.2,45.49826,0,0,0,0,0,0,102.0,1,-50.74975,50.74975,1.220951,21.52321,52.2025,69.675,18.2,45.49826,5373.340113559738,150000,150000,6778.0,-48.92202621434143,150001,150001,,0,PSRR_worst_case_10Hz_10MHz,50.74975,50.74975,50.74975,50.74975,1,3.455,1.0,1.0,20.59,0.94,9.372339384174229,1.088570591026761,3.455,1.0,1.0,20.59,0.94,9.372339384174229,1.088570591026761,1.218694,1.221112,24.2,52.2,64.2,18.2,48.9
hard,SKY130-BGR-hard,7,12,324345,PSO,40,-50.52217,50.52217,0,1,1.221005,21.37335,52.2018,69.862,18.2,46.71198,0,0,0,0,0,0,15.0,1,-50.52217,50.52217,1.221005,21.37335,52.2018,69.862,18.2,46.71198,3879.279214771465,150000,150000,12229.0,-49.94922875529171,150001,150001,,0,PSRR_worst_case_10Hz_10MHz,50.52217,50.52217,50.52217,50.52217,1,3.4,1.0,1.0,20.445,0.97,9.79317649221315,0.9,3.4,1.0,1.0,20.445,0.97,9.79317649221315,0.9,1.218694,1.221112,24.2,52.2,64.2,18.2,48.9
hard,SKY130-BGR-hard,7,13,325345,PSO,40,-51.09186,51.09186,0,1,1.220781,21.86876,52.2004,69.182,18.2036,40.35906,0,0,0,0,0,0,59.0,1,-51.09186,51.09186,1.220781,21.86876,52.2004,69.182,18.2036,40.35906,13790.004865080118,150000,150000,94270.0,-49.28178791698611,150001,150001,,0,PSRR_worst_case_10Hz_10MHz,51.09186,51.09186,51.09186,51.09186,1,3.86,1.0,1.0,22.51,0.795,7.58968146344889,1.2575139715836725,3.86,1.0,1.0,22.51,0.795,7.58968146344889,1.2575139715836725,1.218694,1.221112,24.2,52.2,64.2,18.2,48.9
hard,SKY130-BGR-hard,7,14,326345,PSO,40,-51.00705,51.00705,0,1,1.220878,21.68335,52.2006,69.46,18.2,43.52609,0,0,0,0,0,0,89.0,1,-51.00705,51.00705,1.220878,21.68335,52.2006,69.46,18.2,43.52609,14259.645836826414,150000,150000,22933.0,-47.442466700378006,150001,150001,,0,PSRR_worst_case_10Hz_10MHz,51.00705,51.00705,51.00705,51.00705,1,3.565,1.0,1.0,21.215,0.88,8.68833803242806,1.1719147319256362,3.565,1.0,1.0,21.215,0.88,8.68833803242806,1.1719147319256362,1.218694,1.221112,24.2,52.2,64.2,18.2,48.9
hard,SKY130-BGR-hard,7,15,327345,PSO,40,-50.53772,50.53772,0,1,1.221016,21.33345,52.2047,69.869,18.2,46.99624,0,0,0,0,0,0,69.0,1,-50.53772,50.53772,1.221016,21.33345,52.2047,69.869,18.2,46.99624,21137.499586962163,150000,150000,148896.0,-46.92576493429955,150001,150001,,0,PSRR_worst_case_10Hz_10MHz,50.53772,50.53811,50.53772,50.53811,1,3.395,1.0,1.0,20.37,0.98,9.89175886143424,0.9046265265708956,3.395,1.0,1.0,20.37,0.98,9.89175886143424,0.9046265265708956,1.218694,1.221112,24.2,52.2,64.2,18.2,48.9
hard,SKY130-BGR-hard,7,16,328345,PSO,40,-50.53455,50.53455,0,1,1.221015,21.33843,52.2058,69.87,18.2,46.994,0,0,0,0,0,0,125.0,1,-50.53455,50.53455,1.221015,21.33843,52.2058,69.87,18.2,46.994,3505.6927735935897,150000,150000,9774.0,-48.476506195671305,150001,150001,,0,PSRR_worst_case_10Hz_10MHz,50.53455,50.53455,50.53455,50.53455,1,3.395,1.0,1.0,20.37,0.98,9.890988248907847,0.9,3.395,1.0,1.0,20.37,0.98,9.890988248907847,0.9,1.218694,1.221112,24.2,52.2,64.2,18.2,48.9
hard,SKY130-BGR-hard,7,17,329345,PSO,40,-51.11983,51.11983,0,1,1.220674,22.24802,52.202,68.979,18.2,37.97057,0,0,0,0,0,0,145.0,1,-51.11983,51.11983,1.220674,22.24802,52.202,68.979,18.2,37.97057,10228.710148936138,150000,150000,33135.0,-47.4729545600304,150001,150001,,0,PSRR_worst_case_10Hz_10MHz,51.11983,51.11983,51.11983,51.11983,1,4.16,1.0,1.0,22.505000000000003,0.755,6.761553170870072,1.2939500397099974,4.16,1.0,1.0,22.505000000000003,0.755,6.761553172335879,1.2939500401363908,1.218694,1.221112,24.2,52.2,64.2,18.2,48.9
hard,SKY130-BGR-hard,7,18,330345,PSO,40,-50.96809,50.96809,0,1,1.220901,21.61345,52.2003,69.517,18.203,43.9463,0,0,0,0,0,0,93.0,1,-50.96809,50.96809,1.220901,21.61345,52.2003,69.517,18.203,43.9463,21718.807661201805,150000,150000,131936.0,-45.7791322251815,150001,150001,,0,PSRR_worst_case_10Hz_10MHz,50.96809,50.96809,50.96809,50.96809,1,3.54,1.0,1.0,21.21,0.89,8.833988296073365,1.1579656981789674,3.54,1.0,1.0,21.21,0.89,8.833988296073365,1.1579656981789674,1.218694,1.221112,24.2,52.2,64.2,18.2,48.9
hard,SKY130-BGR-hard,7,19,331345,PSO,40,-51.05377,51.05376,0,1,1.220819,21.73901,52.2003,69.248,18.2,41.16933,0,0,0,0,0,0,61.0,1,-51.05377,51.05377,1.220819,21.73901,52.2003,69.248,18.2,41.16933,14506.31566639617,150000,150000,35528.0,-47.43916582833887,150001,150001,,0,PSRR_worst_case_10Hz_10MHz,51.05376,51.05376,51.05377,51.05377,1,3.785,1.0,1.0,22.49,0.81,7.870598777088047,1.243144701075911,3.785,1.0,1.0,22.49,0.81,7.870598778834624,1.243144700773143,1.218694,1.221112,24.2,52.2,64.2,18.2,48.9
hard,SKY130-BGR-hard,7,20,332345,PSO,40,-51.09589,51.09567,0,1,1.220844,21.75842,52.2,69.393,18.2053,42.59662,0,0,0,0,0,0,124.0,1,-51.09589,51.09589,1.220844,21.75842,52.2002,69.394,18.2047,42.59662,12858.31246731244,150000,150000,32242.0,-46.50691230528203,150001,150001,,0,PSRR_worst_case_10Hz_10MHz,51.09567,51.09567,51.09589,51.09589,1,3.625,1.0,1.0,21.485,0.855,8.365971018120767,1.199247541824618,3.625,1.0,1.0,21.485,0.855,8.365971021941025,1.199247543739461,1.218694,1.221112,24.2,52.2,64.2,18.2,48.9
hard,SKY130-BGR-hard,7,21,333345,PSO,40,-50.60674,50.60674,0,1,1.221,21.3784,52.2,69.83,18.2007,46.60643,0,0,0,0,0,0,66.0,1,-50.60674,50.60674,1.221,21.3784,52.2,69.83,18.2007,46.60643,22334.637564105917,150000,150000,94282.0,-46.91184815325769,150001,150001,,0,PSRR_worst_case_10Hz_10MHz,50.60674,50.60674,50.60674,50.60674,1,3.41,1.0,1.0,20.42,0.97,9.756576904381236,0.9937169184637932,3.41,1.0,1.0,20.42,0.97,9.756576904381236,0.9937169184637932,1.218694,1.221112,24.2,52.2,64.2,18.2,48.9
hard,SKY130-BGR-hard,7,22,334345,PSO,40,-50.52217,50.52217,0,1,1.221005,21.37335,52.2018,69.862,18.2,46.71198,0,0,0,0,0,0,81.0,1,-50.52217,50.52217,1.221005,21.37335,52.2018,69.862,18.2,46.71198,3417.6670184414834,150000,150000,11472.0,-48.420570232234894,150001,150001,,0,PSRR_worst_case_10Hz_10MHz,50.52217,50.52217,50.52217,50.52217,1,3.4,1.0,1.0,20.445,0.97,9.79317671990178,0.9,3.4,1.0,1.0,20.445,0.97,9.79317671990178,0.9,1.218694,1.221112,24.2,52.2,64.2,18.2,48.9
hard,SKY130-BGR-hard,7,23,335345,PSO,40,-50.50746,50.50746,0,1,1.220994,21.40829,52.2055,69.844,18.2,46.51436,0,0,0,0,0,0,138.0,1,-50.50746,50.50746,1.220994,21.40829,52.2055,69.844,18.2,46.51436,4819.27060087584,150000,150000,20007.0,-46.99496355182367,150001,150001,,0,PSRR_worst_case_10Hz_10MHz,50.50746,50.50746,50.50746,50.50746,1,3.405,1.0,1.0,20.455,0.965,9.724681027525486,0.9,3.405,1.0,1.0,20.455,0.965,9.724681027525486,0.9,1.218694,1.221112,24.2,52.2,64.2,18.2,48.9
hard,SKY130-BGR-hard,7,24,336345,PSO,40,-50.22872,50.22872,0,1,1.22076,22.35071,52.2068,69.528,18.2,43.55505,0,0,0,0,0,0,91.0,1,-50.22872,50.22872,1.22076,22.35071,52.2068,69.528,18.2,43.55505,5287.034993261099,150000,150000,36000.0,-48.13979936155775,150001,150001,,0,PSRR_worst_case_10Hz_10MHz,50.22872,50.22872,50.22872,50.22872,1,3.64,1.0,1.12,20.795,0.94,8.699833158346536,0.9,3.64,1.0,1.12,20.795,0.94,8.699833158346536,0.9,1.218694,1.221112,24.2,52.2,64.2,18.2,48.9
hard,SKY130-BGR-hard,7,25,337345,PSO,40,-50.79431,50.79431,0,1,1.220943,21.53328,52.2034,69.645,18.2,45.21208,0,0,0,0,0,0,131.0,1,-50.79431,50.79431,1.220943,21.53328,52.2034,69.645,18.2,45.21208,18457.61110482924,150000,150000,64897.0,-48.83313337158915,150001,150001,,0,PSRR_worst_case_10Hz_10MHz,50.79431,50.79431,50.79431,50.79431,1,3.47,1.0,1.0,20.735,0.93,9.273046454609345,1.1040972154932744,3.47,1.0,1.0,20.735,0.93,9.273046454609345,1.1040972154932744,1.218694,1.221112,24.2,52.2,64.2,18.2,48.9
hard,SKY130-BGR-hard,7,26,338345,PSO,40,-51.06482,51.06482,0,1,1.22086,21.71346,52.2008,69.426,18.2,43.00924,0,0,0,0,0,0,139.0,1,-51.06482,51.06482,1.22086,21.71346,52.2008,69.426,18.2,43.00924,18135.721375396475,150000,150000,80236.0,-47.47560440026268,150001,150001,,0,PSRR_worst_case_10Hz_10MHz,51.06482,51.06482,51.06482,51.06482,1,3.6,1.0,1.0,21.41,0.865,8.509055434435567,1.1877662339854669,3.6,1.0,1.0,21.41,0.865,8.509055434435567,1.1877662339854669,1.218694,1.221112,24.2,52.2,64.2,18.2,48.9
hard,SKY130-BGR-hard,7,27,339345,PSO,40,-25.91319,25.91319,0,1,1.22041,24.17965,52.2,64.201,29.3889,28.22306,0,0,0,0,0,0,109.0,1,-25.91319,25.91319,1.22041,24.17965,52.2,64.201,29.3889,28.22306,4981.902001641691,150000,150000,12498.0,-22.469292171521143,150001,150001,,0,PSRR_worst_case_10Hz_10MHz,25.91319,43.03745,25.91319,43.03745,1,5.1850000000000005,1.0,40.0,30.18,2.355,3.3808419781927217,0.9,5.1850000000000005,1.0,40.0,30.18,2.355,3.3808419781927217,0.9,1.218694,1.221112,24.2,52.2,64.2,18.2,48.9
hard,SKY130-BGR-hard,7,28,340345,PSO,40,-50.53575,50.53575,0,1,1.221019,21.32843,52.2005,69.869,18.2,47.12954,0,0,0,0,0,0,17.0,1,-50.53575,50.53575,1.221019,21.32843,52.2005,69.869,18.2,47.12954,4074.689591836184,150000,150000,10052.0,-50.002179281261874,150001,150001,,0,PSRR_worst_case_10Hz_10MHz,50.53575,50.53575,50.53575,50.53575,1,3.39,1.0,1.0,20.285,0.985,9.938015397879475,0.9,3.39,1.0,1.0,20.285,0.985,9.938015397879475,0.9,1.218694,1.221112,24.2,52.2,64.2,18.2,48.9
hard,SKY130-BGR-hard,7,29,341345,PSO,40,-24.30589,24.30589,0,1,1.221112,21.95714,52.6138,72.343,18.2002,40.20665,0,0,0,0,0,0,76.0,1,-24.30589,24.30589,1.221112,21.95714,52.6138,72.343,18.2002,40.20665,20107.66652405262,150000,150000,146719.0,-20.9128393351289,150001,150001,,0,PSRR_worst_case_10Hz_10MHz,24.30589,54.10791,24.30589,54.10791,1,7.1450000000000005,1.0,4.93,100.0,0.8300000000000001,7.532226967920652,1.46955153142081,7.1450000000000005,1.0,4.93,100.0,0.8300000000000001,7.532226967920652,1.46955153142081,1.218694,1.221112,24.2,52.2,64.2,18.2,48.9
