algo,run,conditions,n_feasible,worst_objective,worst_penalty,nominal_feasible,robust
ABC,0,15,0,-200.0,6,0,0
ABC,1,15,1,-200.0,6,0,0
ABC,2,15,1,-200.0,6,0,0
ABC,3,15,1,-200.0,6,0,0
ABC,4,15,1,-200.0,6,0,0
ABC,5,15,1,-200.0,6,0,0
ABC,6,15,0,-200.0,6,0,0
ABC,7,15,0,-200.0,6,0,0
ABC,8,15,0,-200.0,6,0,0
ABC,9,15,0,-200.0,6,0,0
ABC,10,15,0,-200.0,6,0,0
ABC,11,15,0,-200.0,6,0,0
ABC,12,15,0,-200.0,6,0,0
ABC,13,15,0,-200.0,6,0,0
ABC,14,15,0,-200.0,6,0,0
ABC,15,15,0,-200.0,6,0,0
ABC,16,15,0,-200.0,6,0,0
ABC,17,15,0,-200.0,6,0,0
ABC,18,15,0,-200.0,6,0,0
ABC,19,15,0,-200.0,6,0,0
ABC,20,15,0,-200.0,6,0,0
ABC,21,15,0,-200.0,6,0,0
ABC,22,15,0,-200.0,6,0,0
ABC,23,15,0,-200.0,6,0,0
ABC,24,15,0,-200.0,6,0,0
ABC,25,15,0,-200.0,6,0,0
ABC,26,15,0,-200.0,6,0,0
ABC,27,15,0,-200.0,6,0,0
ABC,28,15,0,-200.0,6,0,0
ABC,29,15,0,-200.0,6,0,0
ACO,0,15,0,-200.0,6,0,0
ACO,1,15,0,-200.0,6,0,0
ACO,2,15,0,-200.0,6,0,0
ACO,3,15,0,-200.0,6,0,0
ACO,4,15,0,-200.0,6,0,0
ACO,5,15,0,-200.0,6,0,0
ACO,6,15,0,-200.0,6,0,0
ACO,7,15,0,-200.0,6,0,0
ACO,8,15,0,-200.0,6,0,0
ACO,9,15,0,-200.0,6,0,0
ACO,10,15,0,-200.0,6,0,0
ACO,11,15,0,-200.0,6,0,0
ACO,12,15,0,-200.0,6,0,0
ACO,13,15,0,-200.0,6,0,0
ACO,14,15,0,-200.0,6,0,0
ACO,15,15,0,-200.0,6,0,0
ACO,16,15,0,-200.0,6,0,0
ACO,17,15,1,-200.0,6,1,0
ACO,18,15,0,-200.0,6,0,0
ACO,19,15,1,-200.0,6,1,0
ACO,20,15,1,-200.0,6,1,0
ACO,21,15,0,-200.0,6,0,0
ACO,22,15,2,26.16839,3,1,0
ACO,23,15,2,26.05465,3,1,0
ACO,24,15,2,26.06236,3,1,0
ACO,25,15,2,26.14553,3,1,0
ACO,26,15,2,26.05603,3,1,0
ACO,27,15,2,26.16958,3,1,0
ACO,28,15,2,-200.0,6,1,0
ACO,29,15,2,-200.0,6,1,0
FA,0,15,1,-200.0,6,1,0
FA,1,15,2,-200.0,6,1,0
FA,2,15,1,-200.0,6,1,0
FA,3,15,2,-200.0,6,1,0
FA,4,15,1,-200.0,6,1,0
FA,5,15,2,-200.0,6,1,0
FA,6,15,2,-200.0,6,1,0
FA,7,15,1,-200.0,6,1,0
FA,8,15,2,-200.0,6,1,0
FA,9,15,2,20.68883,4,1,0
FA,10,15,2,11.97803,3,1,0
FA,11,15,2,21.34948,3,1,0
FA,12,15,2,32.89698,3,1,0
FA,13,15,4,21.91535,3,1,0
FA,14,15,3,14.33081,3,1,0
FA,15,15,4,35.76316,3,1,0
FA,16,15,2,13.59486,3,1,0
FA,17,15,2,26.30712,2,1,0
FA,18,15,3,34.60694,3,1,0
FA,19,15,1,43.80859,3,1,0
FA,20,15,1,41.50098,3,1,0
FA,21,15,3,19.09114,3,1,0
FA,22,15,2,17.67424,4,1,0
FA,23,15,1,12.50009,4,1,0
FA,24,15,2,30.40466,3,1,0
FA,25,15,2,11.90309,4,1,0
FA,26,15,2,18.89376,4,1,0
FA,27,15,2,34.87906,3,0,0
FA,28,15,2,25.59969,3,1,0
FA,29,15,3,19.71524,3,1,0
GA,0,15,3,27.88165,3,1,0
GA,1,15,1,43.05899,3,1,0
GA,2,15,3,36.59721,3,1,0
GA,3,15,2,30.3675,3,1,0
GA,4,15,1,31.5399,3,1,0
GA,5,15,2,30.75992,3,1,0
GA,6,15,3,26.28374,3,1,0
GA,7,15,2,30.88758,3,1,0
GA,8,15,2,26.01232,3,1,0
GA,9,15,2,30.62839,3,1,0
GA,10,15,2,26.11521,3,1,0
GA,11,15,2,29.0154,3,1,0
GA,12,15,1,43.3046,2,1,0
GA,13,15,2,26.16151,3,1,0
GA,14,15,2,28.973,3,1,0
GA,15,15,2,30.96011,3,1,0
GA,16,15,2,29.92249,3,1,0
GA,17,15,2,27.00142,3,1,0
GA,18,15,4,27.15504,3,1,0
GA,19,15,3,36.22678,3,1,0
GA,20,15,1,31.02519,3,1,0
GA,21,15,2,22.10276,2,1,0
GA,22,15,3,-200.0,6,1,0
GA,23,15,1,-200.0,6,1,0
GA,24,15,2,30.92762,3,1,0
GA,25,15,2,26.90469,3,1,0
GA,26,15,2,-200.0,6,1,0
GA,27,15,2,-200.0,6,1,0
GA,28,15,2,-200.0,6,1,0
GA,29,15,4,-200.0,6,1,0
GWO,0,15,2,-200.0,6,1,0
GWO,1,15,2,26.44454,3,1,0
GWO,2,15,2,26.82446,3,1,0
GWO,3,15,2,-200.0,6,1,0
GWO,4,15,2,26.6169,3,1,0
GWO,5,15,2,26.49872,3,1,0
GWO,6,15,2,26.36894,3,1,0
GWO,7,15,2,26.73208,3,1,0
GWO,8,15,2,-200.0,6,1,0
GWO,9,15,2,26.82095,3,1,0
GWO,10,15,2,-200.0,6,1,0
GWO,11,15,2,26.4943,3,1,0
GWO,12,15,2,-200.0,6,1,0
GWO,13,15,2,26.84444,3,1,0
GWO,14,15,2,26.80774,3,1,0
GWO,15,15,2,26.63335,3,1,0
GWO,16,15,2,26.66466,3,1,0
GWO,17,15,2,26.77151,3,1,0
GWO,18,15,2,26.50428,3,1,0
GWO,19,15,2,26.63131,3,1,0
GWO,20,15,2,26.72279,3,1,0
GWO,21,15,2,-200.0,6,1,0
GWO,22,15,2,26.84851,3,1,0
GWO,23,15,2,-200.0,6,1,0
GWO,24,15,2,-200.0,6,1,0
GWO,25,15,2,-200.0,6,1,0
GWO,26,15,2,-200.0,6,1,0
GWO,27,15,2,26.26126,3,1,0
GWO,28,15,2,26.82913,3,1,0
GWO,29,15,2,26.82131,3,1,0
PSO,0,15,2,21.36975,4,1,0
PSO,1,15,0,24.46645,3,0,0
PSO,2,15,2,26.16837,3,1,0
PSO,3,15,1,36.76963,3,1,0
PSO,4,15,2,26.78959,3,1,0
PSO,5,15,3,36.19936,3,1,0
PSO,6,15,2,26.03332,3,1,0
PSO,7,15,2,26.05213,3,1,0
PSO,8,15,1,33.14264,3,1,0
PSO,9,15,1,43.90902,4,1,0
PSO,10,15,1,35.5489,3,1,0
PSO,11,15,2,24.35947,3,1,0
PSO,12,15,1,37.21703,3,1,0
PSO,13,15,2,29.18327,3,1,0
PSO,14,15,2,26.04519,3,1,0
PSO,15,15,1,35.6691,3,1,0
PSO,16,15,1,36.32736,3,1,0
PSO,17,15,1,30.97856,3,1,0
PSO,18,15,2,26.07061,3,1,0
PSO,19,15,2,28.19567,3,1,0
PSO,20,15,2,26.51312,3,1,0
PSO,21,15,1,26.43877,3,1,0
PSO,22,15,1,37.21703,3,1,0
PSO,23,15,1,37.71179,3,1,0
PSO,24,15,1,43.3641,3,1,0
PSO,25,15,2,24.73116,3,1,0
PSO,26,15,2,26.25512,3,1,0
PSO,27,15,2,21.35767,4,1,0
PSO,28,15,1,35.8955,3,1,0
PSO,29,15,3,21.30696,2,1,0
