case,case_name,dim,run,seed,algo,pop,best_fitness,PSRR_DB,penalty,is_feasible,VREF,TC,LOOP_GAIN_DB,PHASE_MARGIN_DEG,GAIN_MARGIN_DB,POWER_UW,viol_vref,viol_tc,viol_loop_gain,viol_phase_margin,viol_gain_margin,viol_power,first_feasible_eval,best_feasible_found,best_feasible_fitness,best_feasible_PSRR,best_feasible_VREF,best_feasible_TC,best_feasible_LOOP_GAIN_DB,best_feasible_PHASE_MARGIN_DEG,best_feasible_GAIN_MARGIN_DB,best_feasible_POWER_UW,runtime_sec,eval_budget,actual_evals,last_improvement_eval,convergence_auc,sim_evals_worker_cum,sim_ok_worker_cum,sim_failures_worker_cum,server_restarts_worker_cum,psrr_def,PSRR_WC_DB,PSRR_100HZ_DB,best_feasible_PSRR_WC_DB,best_feasible_PSRR_100HZ_DB,evaluator_recovers_timeouts,x_w_pdiff,x_w_ncasc,x_w_pmir,x_w_core,x_l_all,x_iss,x_vbnv,xf_w_pdiff,xf_w_ncasc,xf_w_pmir,xf_w_core,xf_l_all,xf_iss,xf_vbnv,c_VREF_min,c_VREF_max,c_TC_max,c_LoopGain_min,c_PhaseMargin_min,c_GainMargin_min,c_Power_max
banba,SKY130-BGR-banba,7,0,312345,ABC,40,-52.07468,52.07468,0,1,0.8019694,17.14794,45.893,60.93000000000001,20.4118,142.3553,0,0,0,0,0,0,33.0,1,-52.07468,52.07468,0.8019694,17.14794,45.893,60.93000000000001,20.4118,142.3553,49205.80652649701,150000,150000,108479.0,-49.37293664924433,150001,149215,measure_failed=275;no_convergence=511,0,PSRR_worst_case_10Hz_10MHz,52.07468,52.07468,52.07468,52.07468,1,1.225,1.0,14.825,8.95,0.945,40.0,1.342583770484542,1.225,1.0,14.825,8.95,0.945,40.0,1.342583770484542,0.798,0.802,26.0,40.0,60.0,20.0,400.0
banba,SKY130-BGR-banba,7,1,313345,ABC,40,-54.33709,54.33709,0,1,0.800655,21.58536,44.3961,63.758,20.1558,106.1927,0,0,0,0,0,0,230.0,1,-54.33709,54.33709,0.800655,21.58536,44.3961,63.758,20.1558,106.1927,48834.73510212824,150000,150000,143008.0,-50.4922806351909,150001,149045,measure_failed=249;no_convergence=707,0,PSRR_worst_case_10Hz_10MHz,54.33709,54.33709,54.33709,54.33709,1,1.27,1.0,9.725,7.13,0.76,27.45270587680877,1.4945759895965272,1.27,1.0,9.725,7.13,0.76,27.45270587680877,1.4945759895965272,0.798,0.802,26.0,40.0,60.0,20.0,400.0
banba,SKY130-BGR-banba,7,2,314345,ABC,40,-52.47412,52.47412,0,1,0.801359,17.00067,47.5725,60.724,20.2694,111.6679,0,0,0,0,0,0,1.0,1,-52.47412,52.47412,0.801359,17.00067,47.5725,60.724,20.2694,111.6679,48210.00867208093,150000,150000,1960.0,-52.396187055280365,150001,149266,measure_failed=334;no_convergence=401,0,PSRR_worst_case_10Hz_10MHz,52.47412,52.47412,52.47412,52.47412,1,1.44,1.005,12.225,9.795,0.88,29.34987122013125,1.3804866700048517,1.44,1.005,12.225,9.795,0.88,29.34987122013125,1.3804866700048517,0.798,0.802,26.0,40.0,60.0,20.0,400.0
banba,SKY130-BGR-banba,7,3,315345,ABC,40,-52.8973,52.8973,0,1,0.801639,16.21602,46.0114,60.366,20.1353,142.3491,0,0,0,0,0,0,512.0,1,-52.8973,52.8973,0.801639,16.21602,46.0114,60.366,20.1353,142.3491,49442.93489115313,150000,150000,65871.0,-45.7530989206558,150001,148604,measure_failed=211;no_convergence=1186,0,PSRR_worst_case_10Hz_10MHz,52.8973,52.8973,52.8973,52.8973,1,1.31,1.0,17.0,10.145,0.89,40.0,1.3766697976910256,1.31,1.0,17.0,10.145,0.89,40.0,1.3766697976910256,0.798,0.802,26.0,40.0,60.0,20.0,400.0
banba,SKY130-BGR-banba,7,4,316345,ABC,40,-54.05116,54.05116,0,1,0.8004347,25.27793,45.1595,65.354,20.1233,81.54256,0,0,0,0,0,0,358.0,1,-54.05116,54.05116,0.8004347,25.27793,45.1595,65.354,20.1233,81.54256,54480.61719910428,150000,150000,14443.0,-49.75628031076874,150001,149023,measure_failed=271;no_convergence=707,0,PSRR_worst_case_10Hz_10MHz,54.05116,54.05116,54.05116,54.05116,1,1.38,1.05,5.7,6.515,0.7100000000000001,18.8935438821184,1.5139191866522068,1.38,1.05,5.7,6.515,0.7100000000000001,18.8935438821184,1.5139191866522068,0.798,0.802,26.0,40.0,60.0,20.0,400.0
banba,SKY130-BGR-banba,7,5,317345,ABC,40,-50.65879,50.65879,0,1,0.8017887,22.20036,47.9704,60.285,21.073,118.1925,0,0,0,0,0,0,240.0,1,-50.65879,50.65879,0.8017887,22.20036,47.9704,60.285,21.073,118.1925,47196.939318194985,150000,150000,68267.0,-48.06977284016893,150001,149388,measure_failed=198;no_convergence=414;timeout=1,0,PSRR_worst_case_10Hz_10MHz,50.65879,50.68281,50.65879,50.68281,1,1.38,1.0,12.75,9.34,1.03,31.61436453843882,1.309463928924541,1.38,1.0,12.75,9.34,1.03,31.61436453843882,1.309463928924541,0.798,0.802,26.0,40.0,60.0,20.0,400.0
banba,SKY130-BGR-banba,7,6,318345,ABC,40,-56.26251,56.26251,0,1,0.8007517,23.84199,41.6929,67.541,20.3076,115.5481,0,0,0,0,0,0,9.0,1,-56.26251,56.26251,0.8007517,23.84199,41.6929,67.541,20.3076,115.5481,47957.85233471543,150000,150000,99025.0,-52.79617364753765,150001,149101,measure_failed=254;no_convergence=646,0,PSRR_worst_case_10Hz_10MHz,56.26251,56.26251,56.26251,56.26251,1,1.0,1.155,8.955,5.58,0.7000000000000001,30.69750705937352,1.4976336943570197,1.0,1.155,8.955,5.58,0.7000000000000001,30.69750705937352,1.4976336943570197,0.798,0.802,26.0,40.0,60.0,20.0,400.0
banba,SKY130-BGR-banba,7,7,319345,ABC,40,-54.67026,54.67026,0,1,0.801472,15.5222,42.9772,64.577,20.3005,142.3495,0,0,0,0,0,0,70.0,1,-54.67026,54.67026,0.801472,15.5222,42.9772,64.577,20.3005,142.3495,56978.9007255286,150000,150000,3801.0,-52.5587066098764,150001,148933,measure_failed=261;no_convergence=807,0,PSRR_worst_case_10Hz_10MHz,54.67026,54.67026,54.67026,54.67026,1,1.0,1.0,12.73,6.635,0.805,40.0,1.429272563366619,1.0,1.0,12.73,6.635,0.805,40.0,1.429272563366619,0.798,0.802,26.0,40.0,60.0,20.0,400.0
banba,SKY130-BGR-banba,7,8,320345,ABC,40,-50.21731,50.21731,0,1,0.8019753,19.37867,46.291,61.538,21.218,129.5217,0,0,0,0,0,0,11.0,1,-50.21731,50.21731,0.8019753,19.37867,46.291,61.538,21.218,129.5217,48966.509668678045,150000,150000,58903.0,-49.217392338382254,150001,148795,measure_failed=325;no_convergence=867;timeout=14,1,PSRR_worst_case_10Hz_10MHz,50.21731,50.21731,50.21731,50.21731,1,1.145,1.355,12.585,7.98,1.02,35.545850623587214,1.2910787016141452,1.145,1.355,12.585,7.98,1.02,35.545850623587214,1.2910787016141452,0.798,0.802,26.0,40.0,60.0,20.0,400.0
banba,SKY130-BGR-banba,7,9,321345,ABC,40,-57.71703,57.71703,0,1,0.800706,25.96194,42.1366,68.414,20.2335,104.6179,0,0,0,0,0,0,17.0,1,-57.71703,57.71703,0.800706,25.96194,42.1366,68.414,20.2335,104.6179,59193.58455155045,150000,150000,98475.0,-53.32198538586924,150001,149056,measure_failed=206;no_convergence=734;timeout=5,0,PSRR_worst_case_10Hz_10MHz,57.71703,57.74066,57.71703,57.74066,1,1.0,1.035,7.415,5.45,0.68,26.901243828274406,1.4914455336197292,1.0,1.035,7.415,5.45,0.68,26.901243828274406,1.4914455336197292,0.798,0.802,26.0,40.0,60.0,20.0,400.0
banba,SKY130-BGR-banba,7,10,322345,ABC,40,-54.53329,54.53329,0,1,0.8003625,25.15603,45.0331,64.175,20.0233,93.16836,0,0,0,0,0,0,119.0,1,-54.53329,54.53329,0.8003625,25.15603,45.0331,64.175,20.0233,93.16836,52312.37439768016,150000,150000,25017.0,-51.3233281099874,150001,149191,measure_failed=251;no_convergence=557;timeout=2,1,PSRR_worst_case_10Hz_10MHz,54.53329,54.53329,54.53329,54.53329,1,1.365,1.0,8.29,7.46,0.7200000000000001,22.931238375434678,1.5018064757154548,1.365,1.0,8.29,7.46,0.7200000000000001,22.931238375434678,1.5018064757154548,0.798,0.802,26.0,40.0,60.0,20.0,400.0
banba,SKY130-BGR-banba,7,11,323345,ABC,40,-52.46079,52.46079,0,1,0.8019467,17.66081,45.1467,63.585,21.5863,122.724,0,0,0,0,0,0,39.0,1,-52.46079,52.46079,0.8019467,17.66081,45.1467,63.585,21.5863,122.724,52265.98196994513,150000,150000,66506.0,-50.509279231001535,150001,149084,measure_failed=228;no_convergence=684;timeout=5,0,PSRR_worst_case_10Hz_10MHz,52.46079,52.46079,52.46079,52.46079,1,1.035,1.0,10.905,7.315,0.935,33.1839156764344,1.3765027526735791,1.035,1.0,10.905,7.315,0.935,33.1839156764344,1.3765027526735791,0.798,0.802,26.0,40.0,60.0,20.0,400.0
banba,SKY130-BGR-banba,7,12,324345,ABC,40,-56.24752,56.24752,0,1,0.8011006,20.11702,42.475,65.673,20.2649,135.4222,0,0,0,0,0,0,81.0,1,-56.24752,56.24752,0.8011006,20.11702,42.475,65.673,20.2649,135.4222,48450.15958213061,150000,150000,116243.0,-51.89319393355956,150001,148505,measure_failed=282;no_convergence=1214,0,PSRR_worst_case_10Hz_10MHz,56.24752,56.24752,56.24752,56.24752,1,1.0,1.0,12.5,6.93,0.745,37.595701282409,1.467901851674594,1.0,1.0,12.5,6.93,0.745,37.595701282409,1.467901851674594,0.798,0.802,26.0,40.0,60.0,20.0,400.0
banba,SKY130-BGR-banba,7,13,325345,ABC,40,-57.21229,57.21229,0,1,0.8008859,23.28558,43.7408,68.378,20.1836,93.36908,0,0,0,0,0,0,35.0,1,-57.21229,57.21229,0.8008859,23.28558,43.7408,68.378,20.1836,93.36908,49661.30458527058,150000,150000,7323.0,-56.42890568040456,150001,148876,measure_failed=247;no_convergence=878,0,PSRR_worst_case_10Hz_10MHz,57.21229,57.21229,57.21229,57.21229,1,1.0,1.0,5.74,5.225,0.7000000000000001,22.995162378992603,1.446741105393405,1.0,1.0,5.74,5.225,0.7000000000000001,22.995162378992603,1.446741105393405,0.798,0.802,26.0,40.0,60.0,20.0,400.0
banba,SKY130-BGR-banba,7,14,326345,ABC,40,-51.96528,51.96528,0,1,0.8010239,17.11219,44.9296,62.19799999999999,20.0944,130.6337,0,0,0,0,0,0,83.0,1,-51.96528,51.96528,0.8010239,17.11219,44.9296,62.19799999999999,20.0944,130.6337,52128.70219878853,150000,150000,40478.0,-49.40206975216501,150001,148706,measure_failed=288;no_convergence=1007,0,PSRR_worst_case_10Hz_10MHz,51.96528,51.96528,51.96528,51.96528,1,1.145,2.08,14.425,8.4,0.81,35.93684810411408,1.375111622922047,1.145,2.08,14.425,8.4,0.81,35.93684810411408,1.375111622922047,0.798,0.802,26.0,40.0,60.0,20.0,400.0
banba,SKY130-BGR-banba,7,15,327345,ABC,40,-55.89499,55.89499,0,1,0.8011968,18.96859,44.4829,65.635,20.478,105.9513,0,0,0,0,0,0,55.0,1,-55.89499,55.89499,0.8011968,18.96859,44.4829,65.635,20.478,105.9513,43023.61989769712,150000,150000,135232.0,-49.55432124000826,150001,148989,measure_failed=214;no_convergence=797;timeout=1,0,PSRR_worst_case_10Hz_10MHz,55.89499,55.91714,55.89499,55.91714,1,1.075,1.0,8.475000000000001,6.8100000000000005,0.76,27.362598677645167,1.4400271225179757,1.075,1.0,8.475000000000001,6.8100000000000005,0.76,27.362598677645167,1.4400271225179757,0.798,0.802,26.0,40.0,60.0,20.0,400.0
banba,SKY130-BGR-banba,7,16,328345,ABC,40,-49.92197,49.92197,0,1,0.8017397,20.67776,47.3038,60.44799999999999,22.2243,131.1804,0,0,0,0,0,0,328.0,1,-49.92197,49.92197,0.8017397,20.67776,47.3038,60.44799999999999,22.2243,131.1804,48265.29450271651,150000,150000,122891.0,-47.0115016702778,150001,148654,measure_failed=305;no_convergence=1041;timeout=1,0,PSRR_worst_case_10Hz_10MHz,49.92197,49.92197,49.92197,49.92197,1,1.22,1.005,16.025,8.875,1.135,36.1270566508298,1.2885453560374354,1.22,1.005,16.025,8.875,1.135,36.1270566508298,1.2885453560374354,0.798,0.802,26.0,40.0,60.0,20.0,400.0
banba,SKY130-BGR-banba,7,17,329345,ABC,40,-52.72739,52.72739,0,1,0.8009742,16.91122,44.831,61.069,20.1215,142.3326,0,0,0,0,0,0,175.0,1,-52.72739,52.72739,0.8009742,16.91122,44.831,61.069,20.1215,142.3326,48990.35390269384,150000,150000,71464.0,-49.74867953473024,150001,149148,measure_failed=236;no_convergence=617,0,PSRR_worst_case_10Hz_10MHz,52.72739,52.72739,52.72739,52.72739,1,1.205,1.695,17.85,9.21,0.8250000000000001,40.0,1.3956578859934587,1.205,1.695,17.85,9.21,0.8250000000000001,40.0,1.3956578859934587,0.798,0.802,26.0,40.0,60.0,20.0,400.0
banba,SKY130-BGR-banba,7,18,330345,ABC,40,-55.08954,55.08954,0,1,0.8010383,20.23661,42.9062,64.705,20.1011,142.3465,0,0,0,0,0,0,195.0,1,-55.08954,55.08954,0.8010383,20.23661,42.9062,64.705,20.1011,142.3465,47745.71628579125,150000,150000,2440.0,-53.27227255810706,150001,148954,measure_failed=270;no_convergence=777,0,PSRR_worst_case_10Hz_10MHz,55.08954,55.08954,55.08954,55.08954,1,1.005,1.63,15.02,8.025,0.74,40.0,1.4191376277233705,1.005,1.63,15.02,8.025,0.74,40.0,1.4191376277233705,0.798,0.802,26.0,40.0,60.0,20.0,400.0
banba,SKY130-BGR-banba,7,19,331345,ABC,40,-52.07164,52.07164,0,1,0.80079,25.381,42.4405,64.923,20.092,99.0353,0,0,0,0,0,0,270.0,1,-52.07164,52.07164,0.80079,25.381,42.4405,64.923,20.092,99.0353,41909.61726146936,150000,150000,43841.0,-48.727211369455794,150001,149444,measure_failed=231;no_convergence=326,0,PSRR_worst_case_10Hz_10MHz,52.07164,52.07164,52.07164,52.07164,1,1.455,1.0,8.620000000000001,7.715,0.6900000000000001,24.96084361782659,1.6718368734353035,1.455,1.0,8.620000000000001,7.715,0.6900000000000001,24.96084361782659,1.6718368734353035,0.798,0.802,26.0,40.0,60.0,20.0,400.0
banba,SKY130-BGR-banba,7,20,332345,ABC,40,-55.92748,55.92748,0,1,0.8009297,21.13302,41.4482,66.227,20.0307,139.4496,0,0,0,0,0,0,347.0,1,-55.92748,55.92748,0.8009297,21.13302,41.4482,66.227,20.0307,139.4496,39966.74846199528,150000,150000,94864.0,-50.64596282978554,150001,148728,measure_failed=271;no_convergence=1002,0,PSRR_worst_case_10Hz_10MHz,55.92748,55.93454,55.92748,55.93454,1,1.0,1.085,12.305,6.1,0.73,38.99606266532079,1.4941931079012394,1.0,1.085,12.305,6.1,0.73,38.99606266532079,1.4941931079012394,0.798,0.802,26.0,40.0,60.0,20.0,400.0
banba,SKY130-BGR-banba,7,21,333345,ABC,40,-52.27657,52.27657,0,1,0.8003582,21.83795,46.7137,61.812,20.2037,94.00365,0,0,0,0,0,0,32.0,1,-52.27657,52.27657,0.8003582,21.83795,46.7137,61.812,20.2037,94.00365,42956.75609633699,150000,150000,129622.0,-49.987061223041486,150001,149399,measure_failed=250;no_convergence=352,0,PSRR_worst_case_10Hz_10MHz,52.27657,52.27657,52.27657,52.27657,1,1.44,1.475,9.935,8.405000000000001,0.77,23.22408677763996,1.4377945613821737,1.44,1.475,9.935,8.405000000000001,0.77,23.22408677763996,1.4377945613821737,0.798,0.802,26.0,40.0,60.0,20.0,400.0
banba,SKY130-BGR-banba,7,22,334345,ABC,40,-54.3445,54.3445,0,1,0.8010984,19.59053,44.7887,64.051,20.0022,119.5481,0,0,0,0,0,0,100.0,1,-54.3445,54.3445,0.8010984,19.59053,44.7887,64.051,20.0022,119.5481,42974.540230207145,150000,150000,78444.0,-48.95986635334236,150001,148194,measure_failed=325;no_convergence=1482,0,PSRR_worst_case_10Hz_10MHz,54.3445,54.3445,54.3445,54.3445,1,1.13,1.625,12.055,8.635,0.75,32.08358350199061,1.4025094564411236,1.13,1.625,12.055,8.635,0.75,32.08358350199061,1.4025094564411236,0.798,0.802,26.0,40.0,60.0,20.0,400.0
banba,SKY130-BGR-banba,7,23,335345,ABC,40,-52.60302,52.60302,0,1,0.800858,22.98293,46.6586,66.644,20.6466,79.5731,0,0,0,0,0,0,8.0,1,-52.60302,52.60302,0.800858,22.98293,46.6586,66.644,20.6466,79.5731,36501.67722143605,150000,150000,98464.0,-49.8598458761925,150001,149049,measure_failed=179;no_convergence=773,0,PSRR_worst_case_10Hz_10MHz,52.60302,52.60302,52.60302,52.60302,1,1.08,1.93,5.5,7.565,0.7100000000000001,18.2039476103488,1.392562576894873,1.08,1.93,5.5,7.565,0.7100000000000001,18.2039476103488,1.392562576894873,0.798,0.802,26.0,40.0,60.0,20.0,400.0
banba,SKY130-BGR-banba,7,24,336345,ABC,40,-54.38339,54.38339,0,1,0.8012087,17.37375,45.3036,64.587,20.8409,102.1977,0,0,0,0,0,0,271.0,1,-54.38339,54.38339,0.8012087,17.37375,45.3036,64.587,20.8409,102.1977,45192.18593428284,150000,150000,10281.0,-51.67467635044234,150001,149449,measure_failed=269;no_convergence=283,0,PSRR_worst_case_10Hz_10MHz,54.38339,54.38339,54.38339,54.38339,1,1.125,1.0,8.61,7.15,0.8,26.06092947376376,1.4342492860272007,1.125,1.0,8.61,7.15,0.8,26.06092947376376,1.4342492860272007,0.798,0.802,26.0,40.0,60.0,20.0,400.0
banba,SKY130-BGR-banba,7,25,337345,ABC,40,-54.92141,54.92141,0,1,0.8005757,25.99569,41.6587,67.728,20.3854,112.5288,0,0,0,0,0,0,40.0,1,-54.92141,54.92141,0.8005757,25.99569,41.6587,67.728,20.3854,112.5288,45677.8451862894,150000,150000,148935.0,-50.242408084720566,150001,148668,measure_failed=314;no_convergence=1019,0,PSRR_worst_case_10Hz_10MHz,54.92141,54.92141,54.92141,54.92141,1,1.02,1.0,9.045,5.93,0.685,29.64957120887262,1.523960206967468,1.02,1.0,9.045,5.93,0.685,29.64957120887262,1.523960206967468,0.798,0.802,26.0,40.0,60.0,20.0,400.0
banba,SKY130-BGR-banba,7,26,338345,ABC,40,-55.93698,55.93698,0,1,0.8007787,24.91893,40.0137,67.788,20.0663,135.6778,0,0,0,0,0,0,102.0,1,-55.93698,55.93698,0.8007787,24.91893,40.0137,67.788,20.0663,135.6778,37994.49480835721,150000,150000,52411.0,-52.80837587770585,150001,149411,measure_failed=298;no_convergence=292,0,PSRR_worst_case_10Hz_10MHz,55.93698,55.93698,55.93698,55.93698,1,1.0,1.17,11.11,5.515000000000001,0.6900000000000001,37.68587621120509,1.5518503888781916,1.0,1.17,11.11,5.515000000000001,0.6900000000000001,37.68587621120509,1.5518503888781916,0.798,0.802,26.0,40.0,60.0,20.0,400.0
banba,SKY130-BGR-banba,7,27,339345,ABC,40,-54.07728,54.07728,0,1,0.8019315,12.57041,43.9424,63.859,20.9415,142.3619,0,0,0,0,0,0,41.0,1,-54.07728,54.07728,0.8019315,12.57041,43.9424,63.859,20.9415,142.3619,38220.50337726995,150000,150000,101598.0,-49.200887376642505,150001,149419,measure_failed=237;no_convergence=345,0,PSRR_worst_case_10Hz_10MHz,54.07728,54.07728,54.07728,54.07728,1,1.0,1.0,14.0,8.075,0.8500000000000001,40.0,1.402442695652342,1.0,1.0,14.0,8.075,0.8500000000000001,40.0,1.402442695652342,0.798,0.802,26.0,40.0,60.0,20.0,400.0
banba,SKY130-BGR-banba,7,28,340345,ABC,40,-54.20111,54.20111,0,1,0.8013183,17.11347,46.8486,66.607,21.2753,79.85543,0,0,0,0,0,0,542.0,1,-54.20111,54.20111,0.8013183,17.11347,46.8486,66.607,21.2753,79.85543,47676.46994267032,150000,150000,79088.0,-47.19126724131495,150001,149186,measure_failed=150;no_convergence=665,0,PSRR_worst_case_10Hz_10MHz,54.20111,54.20111,54.20111,54.20111,1,1.085,1.0,4.875,6.365,0.785,18.301858705048048,1.4296948995855612,1.085,1.0,4.875,6.365,0.785,18.301858705048048,1.4296948995855612,0.798,0.802,26.0,40.0,60.0,20.0,400.0
banba,SKY130-BGR-banba,7,29,341345,ABC,40,-52.69725,52.69725,0,1,0.8004596,21.26051,45.6385,61.79900000000001,20.015,112.9546,0,0,0,0,0,0,94.0,1,-52.69725,52.69725,0.8004596,21.26051,45.6385,61.79900000000001,20.015,112.9546,38767.11416171864,150000,150000,149333.0,-47.05716463733092,150001,149260,measure_failed=289;no_convergence=452,0,PSRR_worst_case_10Hz_10MHz,52.69725,52.71252,52.69725,52.71252,1,1.31,1.75,13.08,8.735,0.77,29.80297281601991,1.420540617285745,1.31,1.75,13.08,8.735,0.77,29.80297281601991,1.420540617285745,0.798,0.802,26.0,40.0,60.0,20.0,400.0
banba,SKY130-BGR-banba,7,0,312345,ACO,40,-26.86782,26.86782,0,1,0.8008135,25.99932,40.1124,80.679,27.5584,50.11825,0,0,0,0,0,0,33.0,1,-26.86782,26.86782,0.8008135,25.99932,40.1124,80.679,27.5584,50.11825,54673.12532499805,150000,150000,73040.0,-26.67681619967467,150001,149988,measure_failed=6;no_convergence=7,0,PSRR_worst_case_10Hz_10MHz,26.86782,41.02492,26.86782,41.02492,1,2.055,1.0,7.005,8.275,7.815,7.999605722742724,0.9000061976483934,2.055,1.0,7.005,8.275,7.815,7.999605722742724,0.9000061976483934,0.798,0.802,26.0,40.0,60.0,20.0,400.0
banba,SKY130-BGR-banba,7,1,313345,ACO,40,-26.86398,26.86398,0,1,0.8007592,25.99578,40.0379,80.7169,27.6166,49.99986,0,0,0,0,0,0,76.0,1,-26.86398,26.86398,0.8007592,25.99578,40.0379,80.7169,27.6166,49.99986,56715.4987292327,150000,150000,66520.0,-25.08776387864586,150001,149975,measure_failed=12;no_convergence=14,0,PSRR_worst_case_10Hz_10MHz,26.86398,40.9671,26.86398,40.9671,1,2.045,1.0,7.005,8.24,7.835000000000001,7.95915951753392,0.9,2.045,1.0,7.005,8.24,7.835000000000001,7.95915951753392,0.9,0.798,0.802,26.0,40.0,60.0,20.0,400.0
banba,SKY130-BGR-banba,7,2,314345,ACO,40,-26.86703,26.86703,0,1,0.8007797,25.98755,40.0797,80.6763,27.5597,50.09791,0,0,0,0,0,0,1.0,1,-26.86703,26.86703,0.8007797,25.98755,40.0797,80.6763,27.5597,50.09791,52118.3693195656,150000,150000,131000.0,-26.788581512276757,150001,149968,measure_failed=18;no_convergence=15,0,PSRR_worst_case_10Hz_10MHz,26.86703,41.01196,26.86703,41.01196,1,2.055,1.0,7.0,8.24,7.825,7.992961341530886,0.9000135027615974,2.055,1.0,7.0,8.24,7.825,7.992961341530886,0.9000135027615974,0.798,0.802,26.0,40.0,60.0,20.0,400.0
banba,SKY130-BGR-banba,7,3,315345,ACO,40,-26.8753,26.8753,0,1,0.8007878,25.98426,40.0772,80.6974,27.5834,50.0375,0,0,0,0,0,0,81.0,1,-26.8753,26.8753,0.8007878,25.98426,40.0772,80.6974,27.5834,50.0375,56294.22679097951,150000,150000,105840.0,-25.05984000376669,150001,149967,measure_failed=14;no_convergence=20,0,PSRR_worst_case_10Hz_10MHz,26.8753,40.99614,26.8753,40.99614,1,2.055,1.0,7.0,8.265,7.835000000000001,7.971877734559944,0.9,2.055,1.0,7.0,8.265,7.835000000000001,7.971877734559944,0.9,0.798,0.802,26.0,40.0,60.0,20.0,400.0
banba,SKY130-BGR-banba,7,4,316345,ACO,40,-26.869,26.869,0,1,0.8008178,25.98934,40.0739,80.7529,27.6406,49.93634,0,0,0,0,0,0,55.0,1,-26.869,26.869,0.8008178,25.98934,40.0739,80.7529,27.6406,49.93634,53231.82746546716,150000,150000,137840.0,-23.398502719084792,150001,149991,measure_failed=5;no_convergence=5,0,PSRR_worst_case_10Hz_10MHz,26.869,40.96385,26.869,40.96385,1,2.05,1.0,7.0,8.325,7.85,7.936354074133192,0.9000267377527991,2.05,1.0,7.0,8.325,7.85,7.936354074133192,0.9000267377527991,0.798,0.802,26.0,40.0,60.0,20.0,400.0
banba,SKY130-BGR-banba,7,5,317345,ACO,40,-26.86777,26.86777,0,1,0.8007996,25.99901,40.0623,80.7411,27.63,49.94125,0,0,0,0,0,0,161.0,1,-26.86777,26.86777,0.8007996,25.99901,40.0623,80.7411,27.63,49.94125,57981.76188643277,150000,150000,57360.0,-25.042094401946017,150001,149971,measure_failed=6;no_convergence=23;timeout=1,1,PSRR_worst_case_10Hz_10MHz,26.86777,40.96737,26.86777,40.96737,1,2.055,1.0,7.005,8.315000000000001,7.86,7.938281648289406,0.9000120628435191,2.055,1.0,7.005,8.315000000000001,7.86,7.938281648289406,0.9000120628435191,0.798,0.802,26.0,40.0,60.0,20.0,400.0
banba,SKY130-BGR-banba,7,6,318345,ACO,40,-26.8673,26.8673,0,1,0.8008055,25.99655,40.0572,80.7601,27.6492,49.89829,0,0,0,0,0,0,9.0,1,-26.8673,26.8673,0.8008055,25.99655,40.0572,80.7601,27.6492,49.89829,50404.68783254176,150000,150000,80840.0,-26.697994792298616,150001,149983,measure_failed=7;no_convergence=10;timeout=1,1,PSRR_worst_case_10Hz_10MHz,26.8673,40.95493,26.8673,40.95493,1,2.055,1.0,7.005,8.335,7.87,7.923279631577037,0.9,2.055,1.0,7.005,8.335,7.87,7.923279631577037,0.9,0.798,0.802,26.0,40.0,60.0,20.0,400.0
banba,SKY130-BGR-banba,7,7,319345,ACO,40,-26.86604,26.86604,0,1,0.800911,25.99691,40.1231,80.8285,27.7069,49.83422,0,0,0,0,0,0,55.0,1,-26.86604,26.86604,0.800911,25.99691,40.1231,80.8285,27.7069,49.83422,53963.90060797334,150000,150000,135600.0,-25.043255434635235,150001,149979,measure_failed=14;no_convergence=8,0,PSRR_worst_case_10Hz_10MHz,26.86604,40.94337,26.86604,40.94337,1,2.045,1.0,7.0,8.455,7.855,7.899715062127613,0.9,2.045,1.0,7.0,8.455,7.855,7.899715062127613,0.9,0.798,0.802,26.0,40.0,60.0,20.0,400.0
banba,SKY130-BGR-banba,7,8,320345,ACO,40,-26.86754,26.86754,0,1,0.8008076,25.99875,40.0671,80.7447,27.6302,49.93891,0,0,0,0,0,0,11.0,1,-26.86754,26.86754,0.8008076,25.99875,40.0671,80.7447,27.6302,49.93891,50374.43909595907,150000,150000,105360.0,-26.73591011656745,150001,149966,measure_failed=13;no_convergence=21;timeout=1,1,PSRR_worst_case_10Hz_10MHz,26.86754,40.96775,26.86754,40.96775,1,2.055,1.0,7.0,8.32,7.86,7.937373856616866,0.9000369927866311,2.055,1.0,7.0,8.32,7.86,7.937373856616866,0.9000369927866311,0.798,0.802,26.0,40.0,60.0,20.0,400.0
banba,SKY130-BGR-banba,7,9,321345,ACO,40,-26.87033,26.87033,0,1,0.800821,25.99681,40.0857,80.7365,27.6194,49.96762,0,0,0,0,0,0,17.0,1,-26.87033,26.87033,0.800821,25.99681,40.0857,80.7365,27.6194,49.96762,60456.47069838643,150000,150000,47320.0,-26.694037052213684,150001,149975,measure_failed=9;no_convergence=11;timeout=6,0,PSRR_worst_case_10Hz_10MHz,26.87033,40.97966,26.87033,40.97966,1,2.055,1.0,7.0,8.325,7.85,7.947176603702045,0.9000067116212171,2.055,1.0,7.0,8.325,7.85,7.947176603702045,0.9000067116212171,0.798,0.802,26.0,40.0,60.0,20.0,400.0
banba,SKY130-BGR-banba,7,10,322345,ACO,40,-26.86612,26.86612,0,1,0.8008357,25.99633,40.1364,80.6751,27.5491,50.15065,0,0,0,0,0,0,218.0,1,-26.86612,26.86612,0.8008357,25.99633,40.1364,80.6751,27.5491,50.15065,48353.76448883861,150000,150000,45120.0,-25.029144215228097,150001,149974,measure_failed=8;no_convergence=19,0,PSRR_worst_case_10Hz_10MHz,26.86612,41.03878,26.86612,41.03878,1,2.055,1.0,7.005,8.29,7.805000000000001,8.010581097733388,0.9,2.055,1.0,7.005,8.29,7.805000000000001,8.010581097733388,0.9,0.798,0.802,26.0,40.0,60.0,20.0,400.0
banba,SKY130-BGR-banba,7,11,323345,ACO,40,-26.86545,26.86545,0,1,0.8008831,25.99782,40.1632,80.7121,27.5851,50.11744,0,0,0,0,0,0,39.0,1,-26.86545,26.86545,0.8008831,25.99782,40.1632,80.7121,27.5851,50.11744,53733.16627988964,150000,150000,82680.0,-26.746563100894004,150001,149983,measure_failed=12;no_convergence=6,0,PSRR_worst_case_10Hz_10MHz,26.86545,41.02651,26.86545,41.02651,1,2.045,1.0,7.0,8.335,7.790000000000001,7.998464980416599,0.9000437277490926,2.045,1.0,7.0,8.335,7.790000000000001,7.998464980416599,0.9000437277490926,0.798,0.802,26.0,40.0,60.0,20.0,400.0
banba,SKY130-BGR-banba,7,12,324345,ACO,40,-26.86745,26.86745,0,1,0.8007764,25.99825,40.0365,80.7469,27.6414,49.92028,0,0,0,0,0,0,96.0,1,-26.86745,26.86745,0.8007764,25.99825,40.0365,80.7469,27.6414,49.92028,54035.4978954047,150000,150000,81280.0,-25.01395594943966,150001,149973,measure_failed=10;no_convergence=15;timeout=3,0,PSRR_worst_case_10Hz_10MHz,26.86745,40.95096,26.86745,40.95096,1,2.05,1.0,7.0,8.285,7.86,7.931291307480131,0.9000154566118118,2.05,1.0,7.0,8.285,7.86,7.931291307480131,0.9000154566118118,0.798,0.802,26.0,40.0,60.0,20.0,400.0
banba,SKY130-BGR-banba,7,13,325345,ACO,40,-26.87035,26.87035,0,1,0.8008216,25.99376,40.1233,80.6671,27.5341,50.11292,0,0,0,0,0,0,35.0,1,-26.87035,26.87035,0.8008216,25.99376,40.1233,80.6671,27.5341,50.11292,47944.0840216279,150000,150000,41920.0,-26.745234326195508,150001,149985,measure_failed=5;no_convergence=11,0,PSRR_worst_case_10Hz_10MHz,26.87035,41.04065,26.87035,41.04065,1,2.0700000000000003,1.0,7.0,8.3,7.840000000000001,7.9976395481824145,0.9000316359969697,2.0700000000000003,1.0,7.0,8.3,7.840000000000001,7.9976395481824145,0.9000316359969697,0.798,0.802,26.0,40.0,60.0,20.0,400.0
banba,SKY130-BGR-banba,7,14,326345,ACO,40,-26.87635,26.87635,0,1,0.8007627,25.98053,40.0801,80.65,27.5342,50.11592,0,0,0,0,0,0,157.0,1,-26.87635,26.87635,0.8007627,25.98053,40.0801,80.65,27.5342,50.11592,47627.959987178445,150000,150000,78720.0,-25.051298498489988,150001,149972,measure_failed=11;no_convergence=18,0,PSRR_worst_case_10Hz_10MHz,26.87635,41.02706,26.87635,41.02706,1,2.065,1.0,7.01,8.235,7.835000000000001,7.999420203458101,0.9,2.065,1.0,7.01,8.235,7.835000000000001,7.999420203458101,0.9,0.798,0.802,26.0,40.0,60.0,20.0,400.0
banba,SKY130-BGR-banba,7,15,327345,ACO,40,-26.86794,26.86794,0,1,0.8008511,25.9981,40.1425,80.6873,27.5556,50.11411,0,0,0,0,0,0,109.0,1,-26.86794,26.86794,0.8008511,25.9981,40.1425,80.6873,27.5556,50.11411,45298.92125556245,150000,150000,76440.0,-25.079096273508487,150001,149973,measure_failed=11;no_convergence=17,0,PSRR_worst_case_10Hz_10MHz,26.86794,41.03557,26.86794,41.03557,1,2.06,1.0,7.0,8.32,7.82,7.997695801657235,0.9,2.06,1.0,7.0,8.32,7.82,7.997695801657235,0.9,0.798,0.802,26.0,40.0,60.0,20.0,400.0
banba,SKY130-BGR-banba,7,16,328345,ACO,40,-26.86838,26.86838,0,1,0.8007891,25.97514,40.0519,80.7479,27.6491,49.92568,0,0,0,0,0,0,76.0,1,-26.86838,26.86838,0.8007891,25.97514,40.0519,80.7479,27.6491,49.92568,44623.87191081792,150000,150000,34960.0,-25.08562916816112,150001,149958,measure_failed=21;no_convergence=21;timeout=1,1,PSRR_worst_case_10Hz_10MHz,26.86838,40.95632,26.86838,40.95632,1,2.05,1.0,7.0200000000000005,8.315000000000001,7.855,7.933001001986982,0.9000157507595338,2.05,1.0,7.0200000000000005,8.315000000000001,7.855,7.933001001986982,0.9000157507595338,0.798,0.802,26.0,40.0,60.0,20.0,400.0
banba,SKY130-BGR-banba,7,17,329345,ACO,40,-26.86791,26.86791,0,1,0.8008052,25.97764,40.0567,80.7598,27.647,49.89755,0,0,0,0,0,0,112.0,1,-26.86791,26.86791,0.8008052,25.97764,40.0567,80.7598,27.647,49.89755,49868.60795474053,150000,150000,71680.0,-25.075513096720645,150001,149967,measure_failed=14;no_convergence=20,0,PSRR_worst_case_10Hz_10MHz,26.86791,40.95456,26.86791,40.95456,1,2.055,1.0,7.0,8.33,7.87,7.923027775087841,0.900136179258182,2.055,1.0,7.0,8.33,7.87,7.923027775087841,0.900136179258182,0.798,0.802,26.0,40.0,60.0,20.0,400.0
banba,SKY130-BGR-banba,7,18,330345,ACO,40,-57.58951,57.58951,0,1,0.8015751,18.46289,43.6898,66.771,20.0042,117.253,0,0,0,0,0,0,93.0,1,-57.58951,57.58951,0.8015751,18.46289,43.6898,66.771,20.0042,117.253,50836.425281297415,150000,150000,118400.0,-53.17329785344236,150001,149702,measure_failed=129;no_convergence=170,0,PSRR_worst_case_10Hz_10MHz,57.58951,57.58951,57.58951,57.58951,1,1.0,1.005,8.895,6.785,0.735,31.280771531040227,1.4206710806930647,1.0,1.005,8.895,6.785,0.735,31.280771531040227,1.4206710806930647,0.798,0.802,26.0,40.0,60.0,20.0,400.0
banba,SKY130-BGR-banba,7,19,331345,ACO,40,-26.90094,26.90094,0,1,0.800813,25.9123,40.1179,80.6918,27.5885,50.05566,0,0,0,0,0,0,159.0,1,-26.90094,26.90094,0.800813,25.9123,40.1179,80.6918,27.5885,50.05566,50079.30039973557,150000,150000,64840.0,-24.96898661901079,150001,149957,measure_failed=19;no_convergence=25,0,PSRR_worst_case_10Hz_10MHz,26.90094,41.00694,26.90094,41.00694,1,2.05,1.0,7.0200000000000005,8.29,7.805000000000001,7.977868499487886,0.9001535818970537,2.05,1.0,7.0200000000000005,8.29,7.805000000000001,7.977868499487886,0.9001535818970537,0.798,0.802,26.0,40.0,60.0,20.0,400.0
banba,SKY130-BGR-banba,7,20,332345,ACO,40,-26.86667,26.86667,0,1,0.8008144,25.99929,40.0982,80.7108,27.6024,50.07325,0,0,0,0,0,0,221.0,1,-26.86667,26.86667,0.8008144,25.99929,40.0982,80.7108,27.6024,50.07325,46960.52588493377,150000,150000,143440.0,-25.01787239311595,150001,149974,measure_failed=7;no_convergence=20,0,PSRR_worst_case_10Hz_10MHz,26.86667,40.99539,26.86667,40.99539,1,2.04,1.0,7.005,8.27,7.800000000000001,7.983976379647148,0.9000107329689742,2.04,1.0,7.005,8.27,7.800000000000001,7.983976379647148,0.9000107329689742,0.798,0.802,26.0,40.0,60.0,20.0,400.0
banba,SKY130-BGR-banba,7,21,333345,ACO,40,-26.86632,26.86632,0,1,0.8008269,25.99888,40.0901,80.7366,27.6168,49.96433,0,0,0,0,0,0,32.0,1,-26.86632,26.86632,0.8008269,25.99888,40.0901,80.7366,27.6168,49.96433,39647.86232034862,150000,150000,86400.0,-26.70350081823879,150001,149982,measure_failed=9;no_convergence=10,0,PSRR_worst_case_10Hz_10MHz,26.86632,40.98459,26.86632,40.98459,1,2.06,1.0,7.005,8.344999999999999,7.86,7.945953996303066,0.9,2.06,1.0,7.005,8.344999999999999,7.86,7.945953996303066,0.9,0.798,0.802,26.0,40.0,60.0,20.0,400.0
banba,SKY130-BGR-banba,7,22,334345,ACO,40,-26.86836,26.86836,0,1,0.8007987,25.99829,40.0788,80.7117,27.5989,50.02961,0,0,0,0,0,0,176.0,1,-26.86836,26.86836,0.8007987,25.99829,40.0788,80.7117,27.5989,50.02961,40884.894034951925,150000,150000,108000.0,-24.930608638757597,150001,149965,measure_failed=17;no_convergence=19,0,PSRR_worst_case_10Hz_10MHz,26.86836,40.98927,26.86836,40.98927,1,2.05,1.0,7.0,8.275,7.83,7.969004863997154,0.9,2.05,1.0,7.0,8.275,7.83,7.969004863997154,0.9,0.798,0.802,26.0,40.0,60.0,20.0,400.0
banba,SKY130-BGR-banba,7,23,335345,ACO,40,-26.86829,26.86829,0,1,0.8008378,25.99626,40.0525,80.8283,27.7143,49.75549,0,0,0,0,0,0,8.0,1,-26.86829,26.86829,0.8008378,25.99626,40.0525,80.8283,27.7143,49.75549,39096.18042672798,150000,150000,85960.0,-26.754143161007743,150001,149973,measure_failed=7;no_convergence=21,0,PSRR_worst_case_10Hz_10MHz,26.86829,40.91639,26.86829,40.91639,1,2.055,1.0,7.005,8.415,7.9,7.8732610561158225,0.9000345649898543,2.055,1.0,7.005,8.415,7.9,7.8732610561158225,0.9000345649898543,0.798,0.802,26.0,40.0,60.0,20.0,400.0
banba,SKY130-BGR-banba,7,24,336345,ACO,40,-26.86581,26.86581,0,1,0.8008254,25.99969,40.0974,80.7194,27.5962,50.00834,0,0,0,0,0,0,135.0,1,-26.86581,26.86581,0.8008254,25.99969,40.0974,80.7194,27.5962,50.00834,38185.07668485865,150000,150000,145440.0,-25.050488495123304,150001,149946,measure_failed=20;no_convergence=35,0,PSRR_worst_case_10Hz_10MHz,26.86581,40.99759,26.86581,40.99759,1,2.06,1.0,7.0,8.325,7.85,7.961262620880007,0.9000722103905187,2.06,1.0,7.0,8.325,7.85,7.961262620880007,0.9000722103905187,0.798,0.802,26.0,40.0,60.0,20.0,400.0
banba,SKY130-BGR-banba,7,25,337345,ACO,40,-26.86761,26.86761,0,1,0.800752,25.99678,40.0295,80.7159,27.6093,49.96804,0,0,0,0,0,0,40.0,1,-26.86761,26.86761,0.800752,25.99678,40.0295,80.7159,27.6093,49.96804,40896.01508778334,150000,150000,66760.0,-26.700220461336407,150001,149961,measure_failed=25;no_convergence=15,0,PSRR_worst_case_10Hz_10MHz,26.86761,40.96663,26.86761,40.96663,1,2.055,1.0,7.0,8.25,7.86,7.948183507321187,0.9000021803102086,2.055,1.0,7.0,8.25,7.86,7.948183507321187,0.9000021803102086,0.798,0.802,26.0,40.0,60.0,20.0,400.0
banba,SKY130-BGR-banba,7,26,338345,ACO,40,-26.86748,26.86748,0,1,0.8007936,25.99845,40.0998,80.66,27.5333,50.1116,0,0,0,0,0,0,101.0,1,-26.86748,26.86748,0.8007936,25.99845,40.0998,80.66,27.5333,50.1116,42880.97934162989,150000,150000,148560.0,-25.02170046563644,150001,149989,measure_failed=9;no_convergence=3,0,PSRR_worst_case_10Hz_10MHz,26.86748,41.03482,26.86748,41.03482,1,2.0700000000000003,1.0,7.005,8.275,7.845000000000001,7.997532464025344,0.9000177827142531,2.0700000000000003,1.0,7.005,8.275,7.845000000000001,7.997532464025344,0.9000177827142531,0.798,0.802,26.0,40.0,60.0,20.0,400.0
banba,SKY130-BGR-banba,7,27,339345,ACO,40,-26.86832,26.86832,0,1,0.8008033,25.99814,40.0463,80.775,27.6632,49.85845,0,0,0,0,0,0,133.0,1,-26.86832,26.86832,0.8008033,25.99814,40.0463,80.775,27.6632,49.85845,50105.642173707485,150000,150000,97720.0,-25.03460678433856,150001,149970,measure_failed=10;no_convergence=21,0,PSRR_worst_case_10Hz_10MHz,26.86832,40.94194,26.86832,40.94194,1,2.055,1.0,7.0,8.34,7.880000000000001,7.909469733856335,0.9,2.055,1.0,7.0,8.34,7.880000000000001,7.909469733856335,0.9,0.798,0.802,26.0,40.0,60.0,20.0,400.0
banba,SKY130-BGR-banba,7,28,340345,ACO,40,-26.86875,26.86875,0,1,0.8008517,25.99278,40.1293,80.7104,27.5818,50.05053,0,0,0,0,0,0,143.0,1,-26.86875,26.86875,0.8008517,25.99278,40.1293,80.7104,27.5818,50.05053,50402.57528178394,150000,150000,82800.0,-25.027266355875707,150001,149968,measure_failed=9;no_convergence=23;timeout=1,0,PSRR_worst_case_10Hz_10MHz,26.86875,41.01607,26.86875,41.01607,1,2.06,1.0,7.0,8.34,7.835000000000001,7.975594386692419,0.9000033166134642,2.06,1.0,7.0,8.34,7.835000000000001,7.975594386692419,0.9000033166134642,0.798,0.802,26.0,40.0,60.0,20.0,400.0
banba,SKY130-BGR-banba,7,29,341345,ACO,40,-26.86572,26.86572,0,1,0.800813,25.99782,40.0721,80.7458,27.6313,49.93025,0,0,0,0,0,0,152.0,1,-26.86572,26.86572,0.800813,25.99782,40.0721,80.7458,27.6313,49.93025,44966.27415022999,150000,150000,112600.0,-25.06951855319036,150001,149974,measure_failed=10;no_convergence=17,0,PSRR_worst_case_10Hz_10MHz,26.86572,40.9716,26.86572,40.9716,1,2.06,1.0,7.01,8.344999999999999,7.87,7.934281360279386,0.9000153066856932,2.06,1.0,7.01,8.344999999999999,7.87,7.934281360279386,0.9000153066856932,0.798,0.802,26.0,40.0,60.0,20.0,400.0
banba,SKY130-BGR-banba,7,0,312345,FA,40,-24.17356,24.17356,0,1,0.798002,25.98156,41.1603,75.746,29.1159,56.70731,0,0,0,0,0,0,33.0,1,-24.17356,24.17356,0.798002,25.98156,41.1603,75.746,29.1159,56.70731,30384.55330402777,150000,150000,14664.0,-24.06561866285775,150001,150001,,0,PSRR_worst_case_10Hz_10MHz,24.17356,43.35166,24.17356,43.35166,1,2.6,1.0,34.79,17.880000000000003,6.880000000000001,10.316783710550585,1.068165688671506,2.6,1.0,34.79,17.880000000000003,6.880000000000001,10.316783710550585,1.068165688671506,0.798,0.802,26.0,40.0,60.0,20.0,400.0
banba,SKY130-BGR-banba,7,1,313345,FA,40,-25.04538,25.04538,0,1,0.7980631,25.98412,40.0135,77.723,28.8956,53.66713,0,0,0,0,0,0,61.0,1,-25.04538,25.04538,0.7980631,25.98412,40.0135,77.723,28.8956,53.66713,21953.69644704089,150000,150000,16644.0,-23.296673654211023,150001,150001,,0,PSRR_worst_case_10Hz_10MHz,25.04538,42.37528,25.04538,42.37528,1,2.5250000000000004,1.005,22.46,14.165,7.655,9.2613502976516,0.961980654482984,2.5250000000000004,1.005,22.46,14.165,7.655,9.2613502976516,0.961980654482984,0.798,0.802,26.0,40.0,60.0,20.0,400.0
banba,SKY130-BGR-banba,7,2,314345,FA,40,-24.31895,24.31895,0,1,0.8015803,24.70121,50.7373,65.348,25.7702,94.83091,0,0,0,0,0,0,1.0,1,-24.31895,24.31895,0.8015803,24.70121,50.7373,65.348,25.7702,94.83091,21877.792139250785,150000,150000,40.0,-24.31895,150001,150001,,0,PSRR_worst_case_10Hz_10MHz,24.31895,48.53289,24.31895,48.53289,1,1.26,5.7,32.995000000000005,24.42,1.1849999999999998,23.506907371952764,0.9285632988771412,1.26,5.7,32.995000000000005,24.42,1.1849999999999998,23.506907371952764,0.9285632988771412,0.798,0.802,26.0,40.0,60.0,20.0,400.0
banba,SKY130-BGR-banba,7,3,315345,FA,40,-24.17485,24.17485,0,1,0.7980049,25.99817,40.9589,76.569,29.8931,54.46719,0,0,0,0,0,0,172.0,1,-24.17485,24.17485,0.7980049,25.99817,40.9589,76.569,29.8931,54.46719,35612.930911794305,150000,150000,16409.0,-22.40895328888859,150001,149998,measure_failed=2;no_convergence=1,0,PSRR_worst_case_10Hz_10MHz,24.17485,42.84833,24.17485,42.84833,1,2.49,1.0,34.565,18.77,7.010000000000001,9.53853244744136,0.9350398250339116,2.49,1.0,34.565,18.77,7.010000000000001,9.53853244744136,0.9350398250339116,0.798,0.802,26.0,40.0,60.0,20.0,400.0
banba,SKY130-BGR-banba,7,4,316345,FA,40,-28.32428,28.32428,0,1,0.8015422,18.2542,47.5034,60.0,20.2658,115.7958,0,0,0,0,0,0,488.0,1,-28.32428,28.32428,0.8015422,18.2542,47.5034,60.0,20.2658,115.7958,31792.766172729436,150000,150000,16892.0,-24.85347323835493,150001,150001,,0,PSRR_worst_case_10Hz_10MHz,28.32428,48.39279,28.32428,48.39279,1,1.085,23.475,26.17,18.715,0.95,30.78178716930648,1.1484714223720258,1.085,23.475,26.17,18.715,0.95,30.78178716930648,1.1484714223720258,0.798,0.802,26.0,40.0,60.0,20.0,400.0
banba,SKY130-BGR-banba,7,5,317345,FA,40,-24.68434,24.68434,0,1,0.7981099,25.98488,40.4786,77.122,29.1264,54.80102,0,0,0,0,0,0,80.0,1,-24.68434,24.68434,0.7981099,25.98488,40.4786,77.122,29.1264,54.80102,44843.22826585919,150000,150000,8170.0,-22.940603251738345,150001,149998,measure_failed=1;timeout=2,0,PSRR_worst_case_10Hz_10MHz,24.68434,42.7153,24.68434,42.7153,1,2.4850000000000003,1.0,26.83,15.675,7.27,9.654093556871702,0.9011058492677192,2.4850000000000003,1.0,26.83,15.675,7.27,9.654093556871702,0.9011058492677192,0.798,0.802,26.0,40.0,60.0,20.0,400.0
banba,SKY130-BGR-banba,7,6,318345,FA,40,8.42248,-8.42248,0,1,0.7987435,25.71235,44.7565,76.534,34.907,89.66365,0,0,0,0,0,0,9.0,1,8.42248,-8.42248,0.7987435,25.71235,44.7565,76.534,34.907,89.66365,48151.17160182446,150000,150000,40.0,8.42248,150001,150000,timeout=1,0,PSRR_worst_case_10Hz_10MHz,-8.42248,50.35496,-8.42248,50.35496,1,3.18,19.415,13.965,3.18,3.9,21.759469447386454,1.6320414085726274,3.18,19.415,13.965,3.18,3.9,21.759469447386454,1.6320414085726274,0.798,0.802,26.0,40.0,60.0,20.0,400.0
banba,SKY130-BGR-banba,7,7,319345,FA,40,-28.38781,28.38781,0,1,0.7995198,25.9997,42.2739,60.0,21.339,100.3037,0,0,0,0,0,0,875.0,1,-28.38781,28.38781,0.7995198,25.9997,42.2739,60.0,21.339,100.3037,45456.66536539048,150000,150000,14940.0,-22.903184013729422,150001,150001,,0,PSRR_worst_case_10Hz_10MHz,28.38781,46.93045,28.38781,46.93045,1,1.18,31.59,3.975,2.365,0.68,25.421470835412595,1.254583212226937,1.18,31.59,3.975,2.365,0.68,25.421470835412595,1.254583212226937,0.798,0.802,26.0,40.0,60.0,20.0,400.0
banba,SKY130-BGR-banba,7,8,320345,FA,40,-43.16666,43.16666,0,1,0.7991236,22.54364,47.3897,60.0,27.3967,104.6709,0,0,0,0,0,0,11.0,1,-43.16666,43.16666,0.7991236,22.54364,47.3897,60.0,27.3967,104.6709,32059.455409377813,150000,150000,14238.0,-42.80510397362649,150001,150001,,0,PSRR_worst_case_10Hz_10MHz,43.16666,47.75256,43.16666,47.75256,1,1.0,1.0,36.94,7.26,1.425,26.95756022140094,1.104835263431976,1.0,1.0,36.94,7.26,1.425,26.95756022140094,1.104835263431976,0.798,0.802,26.0,40.0,60.0,20.0,400.0
banba,SKY130-BGR-banba,7,9,321345,FA,40,-34.849,34.849,0,1,0.8019967,25.70856,44.2588,60.711,22.2014,68.0578,0,0,0,0,0,0,17.0,1,-34.849,34.849,0.8019967,25.70856,44.2588,60.711,22.2014,68.0578,8664.979824088514,150000,150000,12014.0,-34.26033594176795,150001,149997,measure_failed=1;no_convergence=3,0,PSRR_worst_case_10Hz_10MHz,34.849,38.61946,34.849,38.61946,1,3.0,7.5,6.075,24.075,0.5650000000000001,14.169289913817725,1.6723215288355262,3.0,7.5,6.075,24.075,0.5650000000000001,14.169289913817725,1.6723215288355262,0.798,0.802,26.0,40.0,60.0,20.0,400.0
banba,SKY130-BGR-banba,7,10,322345,FA,40,-29.6413,29.6413,0,1,0.8011169,25.90096,45.8531,61.054,20.0002,117.244,0,0,0,0,0,0,676.0,1,-29.6413,29.6413,0.8011169,25.90096,45.8531,61.054,20.0002,117.244,36489.37668732554,150000,150000,14855.0,-24.38164968979793,150001,150001,,0,PSRR_worst_case_10Hz_10MHz,29.6413,50.394,29.6413,50.394,1,1.36,20.975,35.995,37.055,0.685,31.2742829501178,1.3833623279386262,1.36,20.975,35.995,37.055,0.685,31.2742829501178,1.3833623279386262,0.798,0.802,26.0,40.0,60.0,20.0,400.0
banba,SKY130-BGR-banba,7,11,323345,FA,40,-24.64181,24.64181,0,1,0.798002,25.99826,40.6285,76.45,28.684,56.11738,0,0,0,0,0,0,39.0,1,-24.64181,24.64181,0.798002,25.99826,40.6285,76.45,28.684,56.11738,15416.230403386056,150000,150000,10539.0,-24.580517872525817,150001,150001,,0,PSRR_worst_case_10Hz_10MHz,24.64181,43.07906,24.64181,43.07906,1,2.595,1.0,28.0,15.515,7.19,10.112547108292809,1.025339368924433,2.595,1.0,28.0,15.515,7.19,10.112547108292809,1.025339368924433,0.798,0.802,26.0,40.0,60.0,20.0,400.0
banba,SKY130-BGR-banba,7,12,324345,FA,40,-23.93744,23.93744,0,1,0.798,25.99681,41.2938,75.917,29.7786,55.2532,0,0,0,0,0,0,61.0,1,-23.93744,23.93744,0.798,25.99681,41.2938,75.917,29.7786,55.2532,35537.2821065858,150000,150000,17991.0,-22.179584029260194,150001,149999,timeout=2,0,PSRR_worst_case_10Hz_10MHz,23.93744,43.13469,23.93744,43.13469,1,2.565,1.0,37.895,19.625,6.855,9.811376573940752,1.0803512256808014,2.565,1.0,37.895,19.625,6.855,9.811376573940752,1.0803512256808014,0.798,0.802,26.0,40.0,60.0,20.0,400.0
banba,SKY130-BGR-banba,7,13,325345,FA,40,-25.02531,25.02531,0,1,0.7983294,25.98381,40.2774,77.658,28.8463,54.35059,0,0,0,0,0,0,35.0,1,-25.02531,25.02531,0.7983294,25.98381,40.2774,77.658,28.8463,54.35059,19541.474041730165,150000,150000,14030.0,-24.92111728781525,150001,150001,,0,PSRR_worst_case_10Hz_10MHz,25.02531,42.49455,25.02531,42.49455,1,2.46,1.0,22.545,14.225,7.430000000000001,9.495587503714283,0.9935878077986204,2.46,1.0,22.545,14.225,7.430000000000001,9.495587503714283,0.9935878077986204,0.798,0.802,26.0,40.0,60.0,20.0,400.0
banba,SKY130-BGR-banba,7,14,326345,FA,40,-23.58834,23.58834,0,1,0.7980005,25.97705,41.89,75.983,31.2764,45.82913,0,0,0,0,0,0,89.0,1,-23.58834,23.58834,0.7980005,25.97705,41.89,75.983,31.2764,45.82913,37553.926687955856,150000,150000,13211.0,-21.730846261308407,150001,150001,,0,PSRR_worst_case_10Hz_10MHz,23.58834,42.03533,23.58834,42.03533,1,2.9450000000000003,1.0,37.95,22.33,7.260000000000001,6.537969613446457,1.058212674738476,2.9450000000000003,1.0,37.95,22.33,7.260000000000001,6.537969613446457,1.058212674738476,0.798,0.802,26.0,40.0,60.0,20.0,400.0
banba,SKY130-BGR-banba,7,15,327345,FA,40,-43.71558,43.71558,0,1,0.8007682,20.66198,49.0256,60.461,20.0,92.09324,0,0,0,0,0,0,81.0,1,-43.71558,43.71558,0.8007682,20.66198,49.0256,60.461,20.0,92.09324,30207.66669397056,150000,150000,17810.0,-41.65045816965447,150001,150001,,0,PSRR_worst_case_10Hz_10MHz,43.71558,51.66048,43.71558,51.66048,1,1.67,3.385,13.175,15.38,0.765,22.55402786000497,1.3846293610992542,1.67,3.385,13.175,15.38,0.765,22.55402786000497,1.3846293610992542,0.798,0.802,26.0,40.0,60.0,20.0,400.0
banba,SKY130-BGR-banba,7,16,328345,FA,40,-20.64982,20.64982,0,1,0.8003036,25.99468,45.0882,69.341,24.864,33.5273,0,0,0,0,0,0,215.0,1,-20.64982,20.64982,0.8003036,25.99468,45.0882,69.341,24.864,33.5273,16755.96902438253,150000,150000,17368.0,-18.954790232934887,150001,150001,,0,PSRR_worst_case_10Hz_10MHz,20.64982,39.55381,20.64982,39.55381,1,5.105,24.7,39.995,36.605,8.0,2.2349983730787053,0.9000356363949276,5.105,24.7,39.995,36.605,8.0,2.2349983730787053,0.9000356363949276,0.798,0.802,26.0,40.0,60.0,20.0,400.0
banba,SKY130-BGR-banba,7,17,329345,FA,40,-56.44321,56.44321,0,1,0.8009376,25.9968,48.5817,70.398,21.4079,56.52941,0,0,0,0,0,0,224.0,1,-56.44321,56.44321,0.8009376,25.9968,48.5817,70.398,21.4079,56.52941,29237.20413593203,150000,150000,15743.0,-54.29164157694385,150001,150001,,0,PSRR_worst_case_10Hz_10MHz,56.44321,56.44321,56.44321,56.44321,1,1.0,1.0,1.71,5.51,0.66,10.19903085464875,1.419242707900176,1.0,1.0,1.71,5.51,0.66,10.19903085464875,1.419242707900176,0.798,0.802,26.0,40.0,60.0,20.0,400.0
banba,SKY130-BGR-banba,7,18,330345,FA,40,-27.89944,27.89944,0,1,0.8011637,16.60388,45.9895,60.001000000000005,20.0949,121.1697,0,0,0,0,0,0,204.0,1,-27.89944,27.89944,0.8011637,16.60388,45.9895,60.001000000000005,20.0949,121.1697,29532.47131025791,150000,150000,16202.0,-26.07783900775005,150001,150001,,0,PSRR_worst_case_10Hz_10MHz,27.89944,48.19399,27.89944,48.19399,1,1.02,25.46,30.08,20.975,0.81,32.64695456568716,1.1945796197772145,1.02,25.46,30.08,20.975,0.81,32.64695456568716,1.1945796197772145,0.798,0.802,26.0,40.0,60.0,20.0,400.0
banba,SKY130-BGR-banba,7,19,331345,FA,40,-57.9044,57.9044,0,1,0.8018008,19.17804,45.7602,68.948,20.0,87.03128,0,0,0,0,0,0,379.0,1,-57.9044,57.9044,0.8018008,19.17804,45.7602,68.948,20.0,87.03128,13250.279150158169,150000,150000,14285.0,-55.83822216031441,150001,150001,,0,PSRR_worst_case_10Hz_10MHz,57.9044,57.9044,57.9044,57.9044,1,1.0,1.0,4.445,6.63,0.7050000000000001,20.782445499001973,1.393535360448828,1.0,1.0,4.445,6.63,0.7050000000000001,20.782445499001973,1.393535360448828,0.798,0.802,26.0,40.0,60.0,20.0,400.0
banba,SKY130-BGR-banba,7,20,332345,FA,40,-24.4916,24.4916,0,1,0.7980007,25.99755,40.2703,77.945,30.3563,51.96085,0,0,0,0,0,0,70.0,1,-24.4916,24.4916,0.7980007,25.99755,40.2703,77.945,30.3563,51.96085,14808.58160892874,150000,150000,16275.0,-22.70473493197288,150001,150001,,0,PSRR_worst_case_10Hz_10MHz,24.4916,42.04043,24.4916,42.04043,1,2.405,1.005,28.825,17.695,7.48,8.668360610175698,0.9134638927311703,2.405,1.005,28.825,17.695,7.48,8.668360610175698,0.9134638927311703,0.798,0.802,26.0,40.0,60.0,20.0,400.0
banba,SKY130-BGR-banba,7,21,333345,FA,40,-24.22143,24.22143,0,1,0.7980074,25.99809,41.1903,75.504,28.7618,57.5579,0,0,0,0,0,0,32.0,1,-24.22143,24.22143,0.7980074,25.99809,41.1903,75.504,28.7618,57.5579,10809.50440115109,150000,150000,13004.0,-24.10707574277162,150001,150001,,0,PSRR_worst_case_10Hz_10MHz,24.22143,43.56225,24.22143,43.56225,1,2.635,1.0,34.2,17.325000000000003,6.855,10.612264749576834,1.017610978239088,2.635,1.0,34.2,17.325000000000003,6.855,10.612264749576834,1.017610978239088,0.798,0.802,26.0,40.0,60.0,20.0,400.0
banba,SKY130-BGR-banba,7,22,334345,FA,40,-30.6515,30.6515,0,1,0.8018464,17.40906,46.7941,60.002,20.2158,126.3695,0,0,0,0,0,0,1050.0,1,-30.6515,30.6515,0.8018464,17.40906,46.7941,60.002,20.2158,126.3695,11196.254695411772,150000,150000,18520.0,-22.005260551137017,150001,150001,,0,PSRR_worst_case_10Hz_10MHz,30.6515,48.2713,30.6515,48.2713,1,1.0,22.28,23.48,14.625,1.025,34.45200999704333,1.0063745210164494,1.0,22.28,23.48,14.625,1.025,34.45200999704333,1.0063745210164494,0.798,0.802,26.0,40.0,60.0,20.0,400.0
banba,SKY130-BGR-banba,7,23,335345,FA,40,-24.22592,24.22592,0,1,0.7980026,25.99976,41.0338,76.211,29.4628,55.24007,0,0,0,0,0,0,8.0,1,-24.22592,24.22592,0.7980026,25.99976,41.0338,76.211,29.4628,55.24007,10584.931674715132,150000,150000,14231.0,-24.177617264268427,150001,150001,,0,PSRR_worst_case_10Hz_10MHz,24.22592,43.07134,24.22592,43.07134,1,2.585,1.0,33.915,18.2,7.015000000000001,9.807103372118492,1.0550550350237298,2.585,1.0,33.915,18.2,7.015000000000001,9.807103372118492,1.0550550350237298,0.798,0.802,26.0,40.0,60.0,20.0,400.0
banba,SKY130-BGR-banba,7,24,336345,FA,40,-20.81034,20.81034,0,1,0.7997191,25.9864,43.5187,72.804,26.837,35.32291,0,0,0,0,0,0,221.0,1,-20.81034,20.81034,0.7997191,25.9864,43.5187,72.804,26.837,35.32291,27170.89929256588,150000,150000,13365.0,-19.071088616557443,150001,150001,,0,PSRR_worst_case_10Hz_10MHz,20.81034,39.33552,20.81034,39.33552,1,3.69,22.05,39.06,33.875,8.0,2.8660377613482027,0.900018556566828,3.69,22.05,39.06,33.875,8.0,2.8660377613482027,0.900018556566828,0.798,0.802,26.0,40.0,60.0,20.0,400.0
banba,SKY130-BGR-banba,7,25,337345,FA,40,-24.16272,24.16272,0,1,0.7980173,25.99169,41.0852,76.244,29.647,55.04333,0,0,0,0,0,0,40.0,1,-24.16272,24.16272,0.7980173,25.99169,41.0852,76.244,29.647,55.04333,33470.270768500865,150000,150000,13021.0,-24.054612664384432,150001,150001,,0,PSRR_worst_case_10Hz_10MHz,24.16272,43.04234,24.16272,43.04234,1,2.55,1.0,34.96,18.69,6.970000000000001,9.738492366730192,1.0115545274144264,2.55,1.0,34.96,18.69,6.970000000000001,9.738492366730192,1.0115545274144264,0.798,0.802,26.0,40.0,60.0,20.0,400.0
banba,SKY130-BGR-banba,7,26,338345,FA,40,-24.31327,24.31327,0,1,0.798,25.99985,40.3769,77.923,30.6199,51.37985,0,0,0,0,0,0,107.0,1,-24.31327,24.31327,0.798,25.99985,40.3769,77.923,30.6199,51.37985,35397.488230820745,150000,150000,14115.0,-22.538529769531795,150001,150000,timeout=1,0,PSRR_worst_case_10Hz_10MHz,24.31327,41.96303,24.31327,41.96303,1,2.44,1.0,30.155,18.59,7.495,8.466313993197707,1.0660918197797935,2.44,1.0,30.155,18.59,7.495,8.466313993197707,1.0660918197797935,0.798,0.802,26.0,40.0,60.0,20.0,400.0
banba,SKY130-BGR-banba,7,27,339345,FA,40,-39.04953,39.04953,0,1,0.8012231,15.03308,46.8539,60.002,21.252,132.538,0,0,0,0,0,0,1326.0,1,-39.04953,39.04953,0.8012231,15.03308,46.8539,60.002,21.252,132.538,35733.34559161961,150000,150000,16795.0,-30.219656519956803,150001,149998,measure_failed=2;timeout=1,0,PSRR_worst_case_10Hz_10MHz,39.04953,50.95507,39.04953,50.95507,1,1.295,4.96,26.645,16.96,0.86,36.59621258211208,1.3656335543627178,1.295,4.96,26.645,16.96,0.86,36.59621258211208,1.3656335543627178,0.798,0.802,26.0,40.0,60.0,20.0,400.0
banba,SKY130-BGR-banba,7,28,340345,FA,40,-25.0221,25.0221,0,1,0.8004947,25.9968,40.7731,80.6326,30.4053,49.62645,0,0,0,0,0,0,272.0,1,-25.0221,25.0221,0.8004947,25.9968,40.7731,80.6326,30.4053,49.62645,8800.467206262052,150000,150000,15552.0,-23.156945473995822,150001,150001,,0,PSRR_worst_case_10Hz_10MHz,25.0221,41.0864,25.0221,41.0864,1,2.075,1.0,16.15,15.915,7.585000000000001,7.828883821709253,1.0278140454536755,2.075,1.0,16.15,15.915,7.585000000000001,7.828883821709253,1.0278140454536755,0.798,0.802,26.0,40.0,60.0,20.0,400.0
banba,SKY130-BGR-banba,7,29,341345,FA,40,-19.45065,19.45065,0,1,0.8012538,22.03819,55.5664,62.312,21.0743,72.11137,0,0,0,0,0,0,130.0,1,-19.45065,19.45065,0.8012538,22.03819,55.5664,62.312,21.0743,72.11137,35900.24439955875,150000,150000,19841.0,-17.773212510150067,150001,150001,,0,PSRR_worst_case_10Hz_10MHz,19.45065,49.92052,19.45065,49.92052,1,2.815,8.06,36.14,47.84,1.14,15.619946417902312,1.2456776361857098,2.815,8.06,36.14,47.84,1.14,15.619946417902312,1.2456776361857098,0.798,0.802,26.0,40.0,60.0,20.0,400.0
banba,SKY130-BGR-banba,7,0,312345,GA,40,-23.34474,23.34474,0,1,0.7980001,25.99909,41.4517,77.21,33.5697,39.50258,0,0,0,0,0,0,33.0,1,-23.34474,23.34474,0.7980001,25.99909,41.4517,77.21,33.5697,39.50258,50358.08561222255,150000,150000,76240.0,-23.24576242934953,150001,149986,measure_failed=13;no_convergence=2,0,PSRR_worst_case_10Hz_10MHz,23.34474,40.00711,23.34474,40.00711,1,2.885,1.0,37.03,24.615,7.845000000000001,4.3401922632582295,1.017628429447629,2.885,1.0,37.03,24.615,7.845000000000001,4.3401922632582295,1.017628429447629,0.798,0.802,26.0,40.0,60.0,20.0,400.0
banba,SKY130-BGR-banba,7,1,313345,GA,40,-26.84085,26.84085,0,1,0.8009791,25.99697,40.1288,80.9534,27.8387,49.60503,0,0,0,0,0,0,62.0,1,-26.84085,26.84085,0.8009791,25.99697,40.1288,80.9534,27.8387,49.60503,42091.88420516625,150000,150000,103160.0,-24.056993645077632,150001,149989,measure_failed=5;no_convergence=7,0,PSRR_worst_case_10Hz_10MHz,26.84085,40.88853,26.84085,40.88853,1,2.05,1.0,7.0600000000000005,8.675,7.915000000000001,7.819181507824384,0.90000000362432,2.05,1.0,7.0600000000000005,8.675,7.915000000000001,7.819181507824384,0.9000000036700885,0.798,0.802,26.0,40.0,60.0,20.0,400.0
banba,SKY130-BGR-banba,7,2,314345,GA,40,-52.6797,52.6797,0,1,0.8019954,19.02905,46.8236,60.938,20.0321,130.4268,0,0,0,0,0,0,1.0,1,-52.6797,52.6797,0.8019954,19.02905,46.8236,60.938,20.0321,130.4268,42306.84734993056,150000,150000,143720.0,-52.26962662511083,150001,150001,,0,PSRR_worst_case_10Hz_10MHz,52.6797,52.67991,52.6797,52.67991,1,1.34,1.0,13.32,9.805,0.915,35.85686052721731,1.3470389972631065,1.34,1.0,13.32,9.805,0.915,35.85686052721731,1.3470389972631065,0.798,0.802,26.0,40.0,60.0,20.0,400.0
banba,SKY130-BGR-banba,7,3,315345,GA,40,-56.55881,56.55881,0,1,0.8019955,15.31634,44.2775,65.902,20.0124,122.2764,0,0,0,0,0,0,126.0,1,-56.55881,56.55881,0.8019955,15.31634,44.2775,65.902,20.0124,122.2764,48501.352867498994,150000,150000,62720.0,-53.94225929209529,150001,150001,,0,PSRR_worst_case_10Hz_10MHz,56.55881,56.55881,56.55881,56.55881,1,1.02,1.09,9.61,7.57,0.765,33.02136926996192,1.394350924141348,1.02,1.09,9.61,7.57,0.765,33.02136926996192,1.394350924141348,0.798,0.802,26.0,40.0,60.0,20.0,400.0
banba,SKY130-BGR-banba,7,4,316345,GA,40,-52.86063,52.86063,0,1,0.8009862,18.44242,49.3392,62.682,20.0138,78.55999,0,0,0,0,0,0,96.0,1,-52.86063,52.86063,0.8009862,18.44242,49.3392,62.682,20.0138,78.55999,50788.80703705177,150000,150000,149360.0,-48.51163175151167,150001,150001,,0,PSRR_worst_case_10Hz_10MHz,52.86063,52.86063,52.86063,52.86063,1,1.6,1.0,6.55,9.265,0.795,17.855238583596893,1.404458397796542,1.6,1.0,6.55,9.265,0.795,17.855238583596893,1.404458397796542,0.798,0.802,26.0,40.0,60.0,20.0,400.0
banba,SKY130-BGR-banba,7,5,317345,GA,40,-23.42146,23.42146,0,1,0.7980003,25.97402,41.249,77.641,33.393,40.21101,0,0,0,0,0,0,115.0,1,-23.42146,23.42146,0.7980003,25.97402,41.249,77.641,33.393,40.21101,55107.48088268936,150000,150000,93600.0,-21.632977858469054,150001,149965,measure_failed=30;no_convergence=2;timeout=4,0,PSRR_worst_case_10Hz_10MHz,23.42146,40.10471,23.42146,40.10471,1,2.845,1.0,35.34,24.185,7.95,4.586234796318261,1.022445273268052,2.845,1.0,35.34,24.185,7.95,4.586234796318261,1.022445273268052,0.798,0.802,26.0,40.0,60.0,20.0,400.0
banba,SKY130-BGR-banba,7,6,318345,GA,40,-51.96292,51.96292,0,1,0.8015645,17.02126,50.3477,62.855,20.0128,80.54278,0,0,0,0,0,0,9.0,1,-51.96292,51.96292,0.8015645,17.02126,50.3477,62.855,20.0128,80.54278,41200.600396595895,150000,150000,113200.0,-50.4514512697418,150001,149998,no_convergence=1;timeout=2,0,PSRR_worst_case_10Hz_10MHz,51.96292,51.96292,51.96292,51.96292,1,1.61,1.0,6.085,9.84,0.86,18.53939317202644,1.35645953412497,1.61,1.0,6.085,9.84,0.86,18.53939317202644,1.35645953412497,0.798,0.802,26.0,40.0,60.0,20.0,400.0
banba,SKY130-BGR-banba,7,7,319345,GA,40,-26.82531,26.82531,0,1,0.8009054,25.99936,40.2617,80.6212,27.5544,50.42768,0,0,0,0,0,0,50.0,1,-26.82531,26.82531,0.8009054,25.99936,40.2617,80.6212,27.5544,50.42768,54107.99307797104,150000,150000,138720.0,-24.55825744204861,150001,149998,measure_failed=2;timeout=1,0,PSRR_worst_case_10Hz_10MHz,26.82531,41.12543,26.82531,41.12543,1,2.04,1.0,7.175,8.425,7.705,8.105881534652761,0.9000000018947961,2.04,1.0,7.175,8.425,7.705,8.105881534652761,0.9000000018947961,0.798,0.802,26.0,40.0,60.0,20.0,400.0
banba,SKY130-BGR-banba,7,8,320345,GA,40,-26.65052,26.65052,0,1,0.8012861,25.99533,40.6595,80.5786,27.3843,50.42498,0,0,0,0,0,0,11.0,1,-26.65052,26.65052,0.8012861,25.99533,40.6595,80.5786,27.3843,50.42498,56226.04170691967,150000,150000,148280.0,-23.417974477363188,150001,149971,measure_failed=17;no_convergence=3;timeout=10,0,PSRR_worst_case_10Hz_10MHz,26.65052,41.39257,26.65052,41.39257,1,2.23,1.0,7.355,9.34,7.965000000000001,8.099844922280868,0.900000003036063,2.23,1.0,7.355,9.34,7.965000000000001,8.099844922280868,0.900000003036063,0.798,0.802,26.0,40.0,60.0,20.0,400.0
banba,SKY130-BGR-banba,7,9,321345,GA,40,-54.16383,54.16383,0,1,0.8015776,25.01658,45.7581,68.166,20.1511,61.63375,0,0,0,0,0,0,17.0,1,-54.16383,54.16383,0.8015776,25.01658,45.7581,68.166,20.1511,61.63375,32073.58647481352,150000,150000,133040.0,-53.71120436596244,150001,149998,no_convergence=3,0,PSRR_worst_case_10Hz_10MHz,54.16383,54.16476,54.16383,54.16476,1,1.695,1.0,1.805,6.855,0.625,11.958596235491669,1.6412393880522271,1.695,1.0,1.805,6.855,0.625,11.958596235491669,1.6412393880522271,0.798,0.802,26.0,40.0,60.0,20.0,400.0
banba,SKY130-BGR-banba,7,10,322345,GA,40,-26.79231,26.79231,0,1,0.8010622,25.99579,40.4786,80.518,27.4259,50.94799,0,0,0,0,0,0,45.0,1,-26.79231,26.79231,0.8010622,25.99579,40.4786,80.518,27.4259,50.94799,47757.3231850192,150000,150000,138200.0,-22.55257162211081,150001,149992,measure_failed=3;no_convergence=6,0,PSRR_worst_case_10Hz_10MHz,26.79231,41.25085,26.79231,41.25085,1,1.985,1.0,7.09,8.285,7.475,8.284817243494567,0.9000000011297147,1.985,1.0,7.09,8.285,7.475,8.284817243494567,0.9000000011297147,0.798,0.802,26.0,40.0,60.0,20.0,400.0
banba,SKY130-BGR-banba,7,11,323345,GA,40,-26.80036,26.80036,0,1,0.8004403,25.99781,40.1755,79.796,26.6637,51.71609,0,0,0,0,0,0,39.0,1,-26.80036,26.80036,0.8004403,25.99781,40.1755,79.796,26.6637,51.71609,35863.05199587345,150000,150000,148080.0,-26.60677034937566,150001,149999,no_convergence=2,0,PSRR_worst_case_10Hz_10MHz,26.80036,41.5607,26.80036,41.5607,1,2.19,1.0,7.04,7.61,7.725,8.55927569190497,0.9000000001811036,2.19,1.0,7.04,7.61,7.725,8.55927569190497,0.9000000001811036,0.798,0.802,26.0,40.0,60.0,20.0,400.0
banba,SKY130-BGR-banba,7,12,324345,GA,40,-23.63848,23.63848,0,1,0.7980007,25.99907,41.033,77.184,31.4264,51.39855,0,0,0,0,0,0,89.0,1,-23.63848,23.63848,0.7980007,25.99907,41.033,77.184,31.4264,51.39855,41509.85999460518,150000,150000,144840.0,-21.27097226281509,150001,149959,measure_failed=31;no_convergence=11,0,PSRR_worst_case_10Hz_10MHz,23.63848,42.15386,23.63848,42.15386,1,2.34,1.0,39.935,22.315,6.99,8.472032636905592,0.9607681746817728,2.34,1.0,39.935,22.315,6.99,8.472032636905592,0.9607681746817728,0.798,0.802,26.0,40.0,60.0,20.0,400.0
banba,SKY130-BGR-banba,7,13,325345,GA,40,-26.80366,26.80366,0,1,0.8009668,25.99813,40.4805,80.3204,27.2046,51.23293,0,0,0,0,0,0,35.0,1,-26.80366,26.80366,0.8009668,25.99813,40.4805,80.3204,27.2046,51.23293,36269.21937160939,150000,150000,142240.0,-26.013011630977545,150001,149988,measure_failed=6;no_convergence=7,0,PSRR_worst_case_10Hz_10MHz,26.80366,41.38561,26.80366,41.38561,1,2.05,1.0,7.12,8.215,7.535,8.384914207580005,0.9000000000888023,2.05,1.0,7.12,8.215,7.535,8.384914207580005,0.9000000000888023,0.798,0.802,26.0,40.0,60.0,20.0,400.0
banba,SKY130-BGR-banba,7,14,326345,GA,40,-26.84336,26.84336,0,1,0.8008151,25.99851,40.157,80.5703,27.4022,50.24065,0,0,0,0,0,0,92.0,1,-26.84336,26.84336,0.8008151,25.99851,40.157,80.5703,27.4022,50.24065,48553.26358593255,150000,150000,148880.0,-24.289492625917504,150001,149989,measure_failed=10;no_convergence=2,0,PSRR_worst_case_10Hz_10MHz,26.84336,41.1333,26.84336,41.1333,1,2.125,1.0,7.01,8.34,7.91,8.04203241262515,0.900000072962958,2.125,1.0,7.01,8.34,7.91,8.04203241262515,0.900000072962958,0.798,0.802,26.0,40.0,60.0,20.0,400.0
banba,SKY130-BGR-banba,7,15,327345,GA,40,-26.82071,26.82071,0,1,0.8008444,25.99983,40.1185,80.7693,27.7378,49.91272,0,0,0,0,0,0,70.0,1,-26.82071,26.82071,0.8008444,25.99983,40.1185,80.7693,27.7378,49.91272,43487.28087217733,150000,150000,137520.0,-24.87043944126294,150001,149999,no_convergence=2,0,PSRR_worst_case_10Hz_10MHz,26.82071,40.98946,26.82071,40.98946,1,2.0700000000000003,1.0,7.25,8.629999999999999,7.885000000000001,7.927638299504807,0.900000000044046,2.0700000000000003,1.0,7.25,8.629999999999999,7.885000000000001,7.927638299504807,0.900000000044046,0.798,0.802,26.0,40.0,60.0,20.0,400.0
banba,SKY130-BGR-banba,7,16,328345,GA,40,-54.68274,54.68274,0,1,0.8017169,13.91635,44.8922,62.459,20.0213,140.1801,0,0,0,0,0,0,64.0,1,-54.68274,54.68274,0.8017169,13.91635,44.8922,62.459,20.0213,140.1801,44717.10408990458,150000,150000,73000.0,-51.38058849362329,150001,150001,,0,PSRR_worst_case_10Hz_10MHz,54.68274,54.68274,54.68274,54.68274,1,1.17,1.0,14.445,8.815000000000001,0.8350000000000001,39.24423388458492,1.4000381658934864,1.17,1.0,14.445,8.815000000000001,0.8350000000000001,39.24423388458492,1.4000381658934864,0.798,0.802,26.0,40.0,60.0,20.0,400.0
banba,SKY130-BGR-banba,7,17,329345,GA,40,-57.73236,57.73236,0,1,0.8014042,19.54675,43.6008,67.081,20.0449,112.5316,0,0,0,0,0,0,65.0,1,-57.73236,57.73236,0.8014042,19.54675,43.6008,67.081,20.0449,112.5316,43720.86468318477,150000,150000,123760.0,-54.34180388327922,150001,150001,,0,PSRR_worst_case_10Hz_10MHz,57.73236,57.73236,57.73236,57.73236,1,1.0,1.0,8.34,6.465,0.7250000000000001,29.64310658294588,1.4300160000646398,1.0,1.0,8.34,6.465,0.7250000000000001,29.64310658294588,1.4300160000646398,0.798,0.802,26.0,40.0,60.0,20.0,400.0
banba,SKY130-BGR-banba,7,18,330345,GA,40,-53.00536,53.00536,0,1,0.8019855,17.09318,45.9818,60.93899999999999,20.1177,142.318,0,0,0,0,0,0,203.0,1,-53.00536,53.00536,0.8019855,17.09318,45.9818,60.93899999999999,20.1177,142.318,46070.9948107414,150000,150000,143520.0,-46.80296050296002,150001,150001,,0,PSRR_worst_case_10Hz_10MHz,53.00536,53.0055,53.00536,53.0055,1,1.265,1.0,15.225,9.63,0.91,39.9857601518401,1.3589163997598277,1.265,1.0,15.225,9.63,0.91,39.9857601518401,1.3589163997598277,0.798,0.802,26.0,40.0,60.0,20.0,400.0
banba,SKY130-BGR-banba,7,19,331345,GA,40,-26.83566,26.83566,0,1,0.8007476,25.99995,40.2063,80.3826,27.2625,50.71217,0,0,0,0,0,0,142.0,1,-26.83566,26.83566,0.8007476,25.99995,40.2063,80.3826,27.2625,50.71217,33173.69749084115,150000,150000,125160.0,-24.853112814518763,150001,149996,measure_failed=2;no_convergence=3,0,PSRR_worst_case_10Hz_10MHz,26.83566,41.25125,26.83566,41.25125,1,2.1100000000000003,1.0,7.1000000000000005,8.185,7.78,8.206667898042449,0.9000001831761135,2.1100000000000003,1.0,7.1000000000000005,8.185,7.78,8.206667898042449,0.9000001831761135,0.798,0.802,26.0,40.0,60.0,20.0,400.0
banba,SKY130-BGR-banba,7,20,332345,GA,40,-51.12419,51.12419,0,1,0.800734,18.79942,51.0652,60.883,20.0,70.86838,0,0,0,0,0,0,124.0,1,-51.12419,51.12419,0.800734,18.79942,51.0652,60.883,20.0,70.86838,26362.44124796241,150000,150000,147120.0,-48.57699617684118,150001,150001,,0,PSRR_worst_case_10Hz_10MHz,51.12419,51.12434,51.12419,51.12434,1,1.955,1.0,6.625,10.51,0.81,15.187975418710906,1.4017723080370177,1.955,1.0,6.625,10.51,0.81,15.187975418710906,1.4017723080370177,0.798,0.802,26.0,40.0,60.0,20.0,400.0
banba,SKY130-BGR-banba,7,21,333345,GA,40,-26.799,26.799,0,1,0.8007411,25.9994,40.2592,80.2973,27.2146,51.12999,0,0,0,0,0,0,32.0,1,-26.799,26.799,0.8007411,25.9994,40.2592,80.2973,27.2146,51.12999,40024.95848397911,150000,150000,120360.0,-26.476966604910697,150001,149990,measure_failed=3;no_convergence=8,0,PSRR_worst_case_10Hz_10MHz,26.799,41.28845,26.799,41.28845,1,2.03,1.0,7.0600000000000005,7.915,7.555000000000001,8.3520258524755,0.9000000015330968,2.03,1.0,7.0600000000000005,7.915,7.555000000000001,8.3520258524755,0.9000000015330968,0.798,0.802,26.0,40.0,60.0,20.0,400.0
banba,SKY130-BGR-banba,7,22,334345,GA,40,-54.3686,54.3686,0,1,0.8006773,22.52638,48.385,65.16,20.0356,71.34372,0,0,0,0,0,0,162.0,1,-54.3686,54.3686,0.8006773,22.52638,48.385,65.16,20.0356,71.34372,40684.67892694101,150000,150000,134280.0,-47.61880158257722,150001,150001,,0,PSRR_worst_case_10Hz_10MHz,54.3686,54.3757,54.3686,54.3757,1,1.435,1.0,4.505,7.485,0.735,15.350454432225485,1.4378582492445502,1.435,1.0,4.505,7.485,0.735,15.350454432225485,1.4378582492445502,0.798,0.802,26.0,40.0,60.0,20.0,400.0
banba,SKY130-BGR-banba,7,23,335345,GA,40,-26.80368,26.80368,0,1,0.8008765,25.98895,40.1546,80.7789,27.789,50.09695,0,0,0,0,0,0,8.0,1,-26.80368,26.80368,0.8008765,25.98895,40.1546,80.7789,27.789,50.09695,41040.822487063706,150000,150000,148560.0,-24.61314975341836,150001,149976,measure_failed=25,0,PSRR_worst_case_10Hz_10MHz,26.80368,40.97191,26.80368,40.97191,1,1.995,1.0,7.235,8.49,7.710000000000001,7.991338998536312,0.9000000086939949,1.995,1.0,7.235,8.49,7.710000000000001,7.991338998536312,0.9000000086939949,0.798,0.802,26.0,40.0,60.0,20.0,400.0
banba,SKY130-BGR-banba,7,24,336345,GA,40,-56.94627,56.94627,0,1,0.8014289,18.00647,42.9254,65.802,20.0201,133.5729,0,0,0,0,0,0,139.0,1,-56.94627,56.94627,0.8014289,18.00647,42.9254,65.802,20.0201,133.5729,33731.20226215571,150000,150000,149480.0,-53.50226283963894,150001,150001,,0,PSRR_worst_case_10Hz_10MHz,56.94627,56.94984,56.94627,56.94984,1,1.0,1.0,11.345,6.735,0.755,36.95044581263755,1.4388090168689625,1.0,1.0,11.345,6.735,0.755,36.95044581263755,1.4388090168689625,0.798,0.802,26.0,40.0,60.0,20.0,400.0
banba,SKY130-BGR-banba,7,25,337345,GA,40,-53.62786,53.62786,0,1,0.8019772,16.13361,45.6873,61.449,20.0131,142.3614,0,0,0,0,0,0,40.0,1,-53.62786,53.62786,0.8019772,16.13361,45.6873,61.449,20.0131,142.3614,43531.70988714322,150000,150000,125360.0,-53.29878471106474,150001,150001,,0,PSRR_worst_case_10Hz_10MHz,53.62786,53.62786,53.62786,53.62786,1,1.24,1.0,15.075,9.62,0.88,39.99999942956711,1.3714384548091378,1.24,1.0,15.075,9.62,0.88,39.99999942956711,1.3714384548091378,0.798,0.802,26.0,40.0,60.0,20.0,400.0
banba,SKY130-BGR-banba,7,26,338345,GA,40,-23.47391,23.47391,0,1,0.7980241,25.99982,41.8106,76.501,32.6055,41.12969,0,0,0,0,0,0,111.0,1,-23.47391,23.47391,0.7980241,25.99982,41.8106,76.501,32.6055,41.12969,32516.51698355749,150000,150000,133120.0,-21.605695647254315,150001,149978,measure_failed=17;no_convergence=6,0,PSRR_worst_case_10Hz_10MHz,23.47391,40.81649,23.47391,40.81649,1,3.0,1.0,37.06,23.56,7.595000000000001,4.905332729741253,0.9735780723823064,3.0,1.0,37.06,23.56,7.595000000000001,4.905332729741253,0.9735780723823064,0.798,0.802,26.0,40.0,60.0,20.0,400.0
banba,SKY130-BGR-banba,7,27,339345,GA,40,-49.33807,49.33807,0,1,0.8015263,20.29386,52.4157,60.027,20.0007,76.77772,0,0,0,0,0,0,98.0,1,-49.33807,49.33807,0.8015263,20.29386,52.4157,60.027,20.0007,76.77772,34616.29757403955,150000,150000,146280.0,-47.22980373381823,150001,149998,measure_failed=3,0,PSRR_worst_case_10Hz_10MHz,49.33807,49.33807,49.33807,49.33807,1,2.095,1.0,6.98,11.64,0.965,17.235311086977063,1.238041361333574,2.095,1.0,6.98,11.64,0.965,17.235311086977063,1.238041361333574,0.798,0.802,26.0,40.0,60.0,20.0,400.0
banba,SKY130-BGR-banba,7,28,340345,GA,40,-55.21672,55.21672,0,1,0.8008197,22.49665,47.946,66.025,20.0077,73.8005,0,0,0,0,0,0,153.0,1,-55.21672,55.21672,0.8008197,22.49665,47.946,66.025,20.0077,73.8005,29449.84746382758,150000,150000,66680.0,-53.1061088828259,150001,150001,,0,PSRR_worst_case_10Hz_10MHz,55.21672,55.21733,55.21672,55.21733,1,1.33,1.0,4.48,7.39,0.7250000000000001,16.20116844233957,1.4275623417167034,1.33,1.0,4.48,7.39,0.7250000000000001,16.20116844233957,1.4275623417167034,0.798,0.802,26.0,40.0,60.0,20.0,400.0
banba,SKY130-BGR-banba,7,29,341345,GA,40,-51.75508,51.75508,0,1,0.8019932,20.31,48.6738,61.137,20.0027,107.8555,0,0,0,0,0,0,54.0,1,-51.75508,51.75508,0.8019932,20.31,48.6738,61.137,20.0027,107.8555,28827.206064537168,150000,150000,46840.0,-49.219056161974414,150001,150001,,0,PSRR_worst_case_10Hz_10MHz,51.75508,51.75508,51.75508,51.75508,1,1.515,1.0,10.12,10.52,0.925,28.01979529295679,1.3243982147496984,1.515,1.0,10.12,10.52,0.925,28.01979529295679,1.3243982147496984,0.798,0.802,26.0,40.0,60.0,20.0,400.0
banba,SKY130-BGR-banba,7,0,312345,GWO,40,-58.34093,58.34093,0,1,0.8008175,25.21363,42.6307,68.248,20.0005,106.8876,0,0,0,0,0,0,33.0,1,-58.34093,58.34093,0.8008175,25.21363,42.6307,68.248,20.0005,106.8876,52549.07710696757,150000,150000,149960.0,-49.31347727238181,150001,149181,measure_failed=397;no_convergence=423,0,PSRR_worst_case_10Hz_10MHz,58.34093,58.34093,58.34093,58.34093,1,1.0,1.005,7.76,5.859999999999999,0.68,27.68756576201497,1.4697354189630996,1.0,1.005,7.76,5.859999999999999,0.68,27.68756576201497,1.4697354189630996,0.798,0.802,26.0,40.0,60.0,20.0,400.0
banba,SKY130-BGR-banba,7,1,313345,GWO,40,-58.44616,58.44616,0,1,0.8008215,25.56163,43.0482,68.471,20.0018,101.4773,0,0,0,0,0,0,47.0,1,-58.44616,58.44616,0.8008215,25.56163,43.0482,68.471,20.0018,101.4773,54949.988631911576,150000,150000,149720.0,-47.74169900658005,150001,149308,measure_failed=316;no_convergence=377,0,PSRR_worst_case_10Hz_10MHz,58.44616,58.44708,58.44616,58.44708,1,1.0,1.03,7.075,5.88,0.675,25.808444303888336,1.4569055662888202,1.0,1.03,7.075,5.88,0.675,25.808444303888336,1.4569055662888202,0.798,0.802,26.0,40.0,60.0,20.0,400.0
banba,SKY130-BGR-banba,7,2,314345,GWO,40,-28.82526,28.82526,0,1,0.8011643,21.45514,53.6315,64.717,26.9007,57.15607,0,0,0,0,0,0,1.0,1,-28.82526,28.82526,0.8011643,21.45514,53.6315,64.717,26.9007,57.15607,56628.39119065181,150000,150000,69040.0,-28.14932638917593,150001,148931,measure_failed=606;no_convergence=464,0,PSRR_worst_case_10Hz_10MHz,28.82526,47.05584,28.82526,47.05584,1,1.635,1.02,13.085,15.27,1.065,10.428664281880884,0.9150266095168362,1.635,1.02,13.085,15.27,1.065,10.428664281880884,0.9150266095168362,0.798,0.802,26.0,40.0,60.0,20.0,400.0
banba,SKY130-BGR-banba,7,3,315345,GWO,40,-32.22153,32.22153,0,1,0.8005441,21.19998,51.8873,60.688,25.8509,62.70275,0,0,0,0,0,0,214.0,1,-32.22153,32.22153,0.8005441,21.19998,51.8873,60.688,25.8509,62.70275,51550.52487917245,150000,150000,2400.0,-30.351473966526445,150001,148851,measure_failed=676;no_convergence=474,0,PSRR_worst_case_10Hz_10MHz,32.22153,46.90734,32.22153,46.90734,1,1.405,2.71,16.21,10.405,1.11,12.363587941628994,1.1382727422512826,1.405,2.71,16.21,10.405,1.11,12.363587941628994,1.1382727422512826,0.798,0.802,26.0,40.0,60.0,20.0,400.0
banba,SKY130-BGR-banba,7,4,316345,GWO,40,-57.38968,57.38968,0,1,0.8008035,24.91361,41.0324,67.502,20.0001,130.4934,0,0,0,0,0,0,117.0,1,-57.38968,57.38968,0.8008035,24.91361,41.0324,67.502,20.0001,130.4934,57072.66223536059,150000,150000,149840.0,-50.14675305203701,150001,149827,measure_failed=13;no_convergence=161,0,PSRR_worst_case_10Hz_10MHz,57.38968,57.39116,57.38968,57.39116,1,1.0,1.035,11.02,6.085,0.6900000000000001,35.88482195579107,1.5221594132948584,1.0,1.035,11.02,6.085,0.6900000000000001,35.88482195579107,1.5221594132948584,0.798,0.802,26.0,40.0,60.0,20.0,400.0
banba,SKY130-BGR-banba,7,5,317345,GWO,40,-36.61686,36.61686,0,1,0.8019281,25.38881,56.6336,63.622,20.5611,55.43008,0,0,0,0,0,0,116.0,1,-36.61686,36.61686,0.8019281,25.38881,56.6336,63.622,20.5611,55.43008,60862.04049965739,150000,150000,24680.0,-32.79991617609118,150001,148971,measure_failed=568;no_convergence=462,0,PSRR_worst_case_10Hz_10MHz,36.61686,48.19658,36.61686,48.19658,1,2.5,2.645,4.78,15.22,1.115,9.82141596113352,1.1959250295875437,2.5,2.645,4.78,15.22,1.115,9.82141596113352,1.1959250295875437,0.798,0.802,26.0,40.0,60.0,20.0,400.0
banba,SKY130-BGR-banba,7,6,318345,GWO,40,-57.8204,57.8204,0,1,0.801117,21.80516,42.9371,67.141,20.0004,117.5343,0,0,0,0,0,0,9.0,1,-57.8204,57.8204,0.801117,21.80516,42.9371,67.141,20.0004,117.5343,54424.98268393427,150000,150000,150000.0,-53.65438475353168,150001,149868,measure_failed=4;no_convergence=129,0,PSRR_worst_case_10Hz_10MHz,57.8204,57.8204,57.8204,57.8204,1,1.0,1.0,9.285,6.44,0.7100000000000001,31.382556842924146,1.4519444112376512,1.0,1.0,9.285,6.44,0.7100000000000001,31.382556842924146,1.4519444112376512,0.798,0.802,26.0,40.0,60.0,20.0,400.0
banba,SKY130-BGR-banba,7,7,319345,GWO,40,-26.84949,26.84949,0,1,0.8009116,25.98554,40.2224,80.6699,27.556,50.22904,0,0,0,0,0,0,67.0,1,-26.84949,26.84949,0.8009116,25.98554,40.2224,80.6699,27.556,50.22904,61032.73066051304,150000,150000,149960.0,-23.824094867264783,150001,148906,measure_failed=612;no_convergence=481;timeout=2,0,PSRR_worst_case_10Hz_10MHz,26.84949,41.08418,26.84949,41.08418,1,2.06,1.0,7.08,8.43,7.785,8.036818538421572,0.9,2.06,1.0,7.08,8.43,7.785,8.036818538421572,0.9,0.798,0.802,26.0,40.0,60.0,20.0,400.0
banba,SKY130-BGR-banba,7,8,320345,GWO,40,-57.44339,57.44339,0,1,0.8008905,23.25972,41.6693,67.004,20.0007,129.7288,0,0,0,0,0,0,11.0,1,-57.44339,57.44339,0.8008905,23.25972,41.6693,67.004,20.0007,129.7288,50217.40085273981,150000,150000,150000.0,-44.43301128250855,150001,148891,measure_failed=590;no_convergence=520,0,PSRR_worst_case_10Hz_10MHz,57.44339,57.44339,57.44339,57.44339,1,1.0,1.025,11.05,6.245,0.7050000000000001,35.619299078790505,1.4958399859907656,1.0,1.025,11.05,6.245,0.7050000000000001,35.619299078790505,1.4958399859907656,0.798,0.802,26.0,40.0,60.0,20.0,400.0
banba,SKY130-BGR-banba,7,9,321345,GWO,40,-57.96458,57.96458,0,1,0.8008647,24.24122,42.6669,67.709,20.0024,112.4179,0,0,0,0,0,0,17.0,1,-57.96458,57.96458,0.8008647,24.24122,42.6669,67.709,20.0024,112.4179,49944.804070428014,150000,150000,150000.0,-53.86120061693745,150001,149886,measure_failed=2;no_convergence=113,0,PSRR_worst_case_10Hz_10MHz,57.96458,57.96458,57.96458,57.96458,1,1.0,1.05,8.66,6.15,0.6900000000000001,29.607780476771307,1.463015668288863,1.0,1.05,8.66,6.15,0.6900000000000001,29.607780476771307,1.463015668288863,0.798,0.802,26.0,40.0,60.0,20.0,400.0
banba,SKY130-BGR-banba,7,10,322345,GWO,40,-32.6221,32.6221,0,1,0.801193,24.06033,55.258,61.123000000000005,25.8128,55.98938,0,0,0,0,0,0,53.0,1,-32.6221,32.6221,0.801193,24.06033,55.258,61.123000000000005,25.8128,55.98938,54594.44514838606,150000,150000,50280.0,-28.70457842135614,150001,148929,measure_failed=611;no_convergence=459;timeout=2,0,PSRR_worst_case_10Hz_10MHz,32.6221,47.72533,32.6221,47.72533,1,2.175,1.405,14.435,14.915,1.1749999999999998,10.02552064755521,0.9,2.175,1.405,14.435,14.915,1.1749999999999998,10.02552064755521,0.9,0.798,0.802,26.0,40.0,60.0,20.0,400.0
banba,SKY130-BGR-banba,7,11,323345,GWO,40,-31.17547,31.17547,0,1,0.8005009,19.48023,53.1076,62.048,22.8037,61.22286,0,0,0,0,0,0,39.0,1,-31.17547,31.17547,0.8005009,19.48023,53.1076,62.048,22.8037,61.22286,48871.28689529747,150000,150000,50080.0,-29.74839104638031,150001,148916,measure_failed=596;no_convergence=489,0,PSRR_worst_case_10Hz_10MHz,31.17547,48.00884,31.17547,48.00884,1,2.08,1.525,10.46,17.77,0.8250000000000001,11.841104729616012,1.17408914758843,2.08,1.525,10.46,17.77,0.8250000000000001,11.841104729616012,1.17408914758843,0.798,0.802,26.0,40.0,60.0,20.0,400.0
banba,SKY130-BGR-banba,7,12,324345,GWO,40,-31.47957,31.47957,0,1,0.8006578,19.49912,54.98,61.509,20.5738,59.40018,0,0,0,0,0,0,56.0,1,-31.47957,31.47957,0.8006578,19.49912,54.98,61.509,20.5738,59.40018,53951.3002742976,150000,150000,65320.0,-28.518635535736905,150001,148986,measure_failed=583;no_convergence=428;timeout=4,0,PSRR_worst_case_10Hz_10MHz,31.47957,49.49792,31.47957,49.49792,1,3.18,1.525,8.645,26.13,0.8,11.204253690842052,1.354017413782855,3.18,1.525,8.645,26.13,0.8,11.204253690842052,1.354017413782855,0.798,0.802,26.0,40.0,60.0,20.0,400.0
banba,SKY130-BGR-banba,7,13,325345,GWO,40,-29.38453,29.38453,0,1,0.8008723,19.93887,49.8999,63.338,21.9475,82.98086,0,0,0,0,0,0,35.0,1,-29.38453,29.38453,0.8008723,19.93887,49.8999,63.338,21.9475,82.98086,50442.98478320986,150000,150000,32160.0,-28.1434076645511,150001,148954,measure_failed=581;no_convergence=466,0,PSRR_worst_case_10Hz_10MHz,29.38453,48.60267,29.38453,48.60267,1,1.595,2.4850000000000003,15.04,21.305,0.775,19.3885334300166,1.2671318470106725,1.595,2.4850000000000003,15.04,21.305,0.775,19.3885334300166,1.2671318470106725,0.798,0.802,26.0,40.0,60.0,20.0,400.0
banba,SKY130-BGR-banba,7,14,326345,GWO,40,-26.86508,26.86508,0,1,0.8013005,24.57445,56.8485,61.30500000000001,24.7091,60.85998,0,0,0,0,0,0,113.0,1,-26.86508,26.86508,0.8013005,24.57445,56.8485,61.30500000000001,24.7091,60.85998,52813.11183300614,150000,150000,50560.0,-24.20601345045633,150001,148965,measure_failed=581;no_convergence=455,0,PSRR_worst_case_10Hz_10MHz,26.86508,49.18536,26.86508,49.18536,1,2.955,1.35,22.015,27.37,1.22,11.71514580874252,0.9583403841255944,2.955,1.35,22.015,27.37,1.22,11.71514580874252,0.9583403841255944,0.798,0.802,26.0,40.0,60.0,20.0,400.0
banba,SKY130-BGR-banba,7,15,327345,GWO,40,-58.02242,58.02242,0,1,0.8010253,22.76855,42.9292,67.52,20.0015,112.6866,0,0,0,0,0,0,109.0,1,-58.02242,58.02242,0.8010253,22.76855,42.9292,67.52,20.0015,112.6866,45439.05612506345,150000,150000,150000.0,-52.5974319953133,150001,149872,measure_failed=2;no_convergence=126;timeout=1,1,PSRR_worst_case_10Hz_10MHz,58.02242,58.02349,58.02242,58.02349,1,1.0,1.02,8.585,6.22,0.7000000000000001,29.69987788404124,1.4543876010095502,1.0,1.02,8.585,6.22,0.7000000000000001,29.69987788404124,1.4543876010095502,0.798,0.802,26.0,40.0,60.0,20.0,400.0
banba,SKY130-BGR-banba,7,16,328345,GWO,40,-32.46672,32.46672,0,1,0.7991798,19.42067,48.6716,61.287000000000006,27.8533,73.63379,0,0,0,0,0,0,117.0,1,-32.46672,32.46672,0.7991798,19.42067,48.6716,61.287000000000006,27.8533,73.63379,46248.55079834536,150000,150000,16840.0,-29.928869110794075,150001,148934,measure_failed=589;no_convergence=476;timeout=2,1,PSRR_worst_case_10Hz_10MHz,32.46672,46.5681,32.46672,46.5681,1,1.0,1.01,26.56,9.13,1.06,16.17440637324857,1.058536005549671,1.0,1.01,26.56,9.13,1.06,16.17440637324857,1.058536005549671,0.798,0.802,26.0,40.0,60.0,20.0,400.0
banba,SKY130-BGR-banba,7,17,329345,GWO,40,-31.75549,31.75549,0,1,0.8003442,21.37565,45.6338,65.309,27.2362,95.03377,0,0,0,0,0,0,87.0,1,-31.75549,31.75549,0.8003442,21.37565,45.6338,65.309,27.2362,95.03377,51033.39185544476,150000,150000,120.0,-30.02205945899639,150001,148909,measure_failed=624;no_convergence=468,0,PSRR_worst_case_10Hz_10MHz,31.75549,43.40563,31.75549,43.40563,1,1.0,1.0,13.44,4.785,1.77,23.597350891514512,1.2840531991268522,1.0,1.0,13.44,4.785,1.77,23.597350891514512,1.2840531991268522,0.798,0.802,26.0,40.0,60.0,20.0,400.0
banba,SKY130-BGR-banba,7,18,330345,GWO,40,-58.36633,58.36633,0,1,0.8010181,23.80834,43.5188,68.291,20.0083,100.304,0,0,0,0,0,0,216.0,1,-58.36633,58.36633,0.8010181,23.80834,43.5188,68.291,20.0083,100.304,45963.5741330795,150000,150000,148160.0,-45.59125438831925,150001,149023,measure_failed=501;no_convergence=477,0,PSRR_worst_case_10Hz_10MHz,58.36633,58.36633,58.36633,58.36633,1,1.0,1.02,6.84,6.04,0.685,25.399420114695214,1.4431923044732935,1.0,1.02,6.84,6.04,0.685,25.399420114695214,1.4431923044732935,0.798,0.802,26.0,40.0,60.0,20.0,400.0
banba,SKY130-BGR-banba,7,19,331345,GWO,40,-29.38861,29.38861,0,1,0.8015723,23.01386,57.1595,62.775000000000006,21.098,62.24483,0,0,0,0,0,0,63.0,1,-29.38861,29.38861,0.8015723,23.01386,57.1595,62.775000000000006,21.098,62.24483,45473.54267343134,150000,150000,24240.0,-27.030589932266217,150001,148949,measure_failed=598;no_convergence=454,0,PSRR_worst_case_10Hz_10MHz,29.38861,49.61041,29.38861,49.61041,1,3.315,1.2,10.91,28.7,1.095,12.190296445054017,0.9,3.315,1.2,10.91,28.7,1.095,12.190296445054017,0.9,0.798,0.802,26.0,40.0,60.0,20.0,400.0
banba,SKY130-BGR-banba,7,20,332345,GWO,40,-58.24283,58.24283,0,1,0.8007787,25.47899,42.1728,68.217,20.0006,110.7912,0,0,0,0,0,0,145.0,1,-58.24283,58.24283,0.8007787,25.47899,42.1728,68.217,20.0006,110.7912,47985.95156465471,150000,150000,149720.0,-48.80967173314489,150001,149320,measure_failed=319;no_convergence=361;timeout=1,0,PSRR_worst_case_10Hz_10MHz,58.24283,58.24473,58.24283,58.24473,1,1.0,1.0,8.219999999999999,5.77,0.68,29.043544708923463,1.4846400655174987,1.0,1.0,8.219999999999999,5.77,0.68,29.043544708923463,1.4846400655174987,0.798,0.802,26.0,40.0,60.0,20.0,400.0
banba,SKY130-BGR-banba,7,21,333345,GWO,40,-26.88127,26.88127,0,1,0.8009398,21.23415,55.969,60.007000000000005,24.8194,66.30824,0,0,0,0,0,0,32.0,1,-26.88127,26.88127,0.8009398,21.23415,55.969,60.007000000000005,24.8194,66.30824,47295.02996094152,150000,150000,8120.0,-26.63895530240202,150001,148905,measure_failed=599;no_convergence=497,0,PSRR_worst_case_10Hz_10MHz,26.88127,49.56305,26.88127,49.56305,1,2.965,1.0,26.73,30.39,1.115,13.609061976076546,0.9,2.965,1.0,26.73,30.39,1.115,13.609061976076546,0.9,0.798,0.802,26.0,40.0,60.0,20.0,400.0
banba,SKY130-BGR-banba,7,22,334345,GWO,40,-31.63005,31.63005,0,1,0.8013087,24.39721,56.2958,61.22,26.4488,48.82889,0,0,0,0,0,0,51.0,1,-31.63005,31.63005,0.8013087,24.39721,56.2958,61.22,26.4488,48.82889,39643.33136697486,150000,150000,57280.0,-28.0341423597824,150001,148906,measure_failed=587;no_convergence=508,0,PSRR_worst_case_10Hz_10MHz,31.63005,47.12825,31.63005,47.12825,1,2.45,1.185,13.075,14.9,1.1749999999999998,7.537863082113689,1.0810464141676224,2.45,1.185,13.075,14.9,1.1749999999999998,7.537863082113689,1.0810464141676224,0.798,0.802,26.0,40.0,60.0,20.0,400.0
banba,SKY130-BGR-banba,7,23,335345,GWO,40,-58.53763,58.53763,0,1,0.8008415,25.4611,43.5844,68.931,20.0079,93.8417,0,0,0,0,0,0,8.0,1,-58.53763,58.53763,0.8008415,25.4611,43.5844,68.931,20.0079,93.8417,47769.89878959581,150000,150000,150000.0,-47.529946090793935,150001,148899,measure_failed=619;no_convergence=481;timeout=2,0,PSRR_worst_case_10Hz_10MHz,58.53763,58.53763,58.53763,58.53763,1,1.0,1.0,5.835,5.59,0.675,23.15726072378565,1.4512401404276478,1.0,1.0,5.835,5.59,0.675,23.15726072378565,1.4512401404276478,0.798,0.802,26.0,40.0,60.0,20.0,400.0
banba,SKY130-BGR-banba,7,24,336345,GWO,40,-57.88907,57.88907,0,1,0.8007606,25.7876,41.4544,68.093,20.0123,118.9299,0,0,0,0,0,0,70.0,1,-57.88907,57.88907,0.8007606,25.7876,41.4544,68.093,20.0123,118.9299,48038.20555371046,150000,150000,145080.0,-51.035940843405626,150001,149691,measure_failed=86;no_convergence=223;timeout=1,0,PSRR_worst_case_10Hz_10MHz,57.88907,57.89258,57.88907,57.89258,1,1.0,1.005,9.295,5.825,0.68,31.86960885943785,1.5099956046785674,1.0,1.005,9.295,5.825,0.68,31.86960885943785,1.5099956046785674,0.798,0.802,26.0,40.0,60.0,20.0,400.0
banba,SKY130-BGR-banba,7,25,337345,GWO,40,-30.13826,30.13826,0,1,0.8014975,22.30522,56.3038,61.114,20.7547,71.35708,0,0,0,0,0,0,40.0,1,-30.13826,30.13826,0.8014975,22.30522,56.3038,61.114,20.7547,71.35708,50890.40980161354,150000,150000,4280.0,-29.91221288665258,150001,148986,measure_failed=562;no_convergence=451;timeout=2,0,PSRR_worst_case_10Hz_10MHz,30.13826,50.16713,30.13826,50.16713,1,3.265,1.0,13.945,30.295,1.08,15.354704653773451,0.9,3.265,1.0,13.945,30.295,1.08,15.354704653773451,0.9,0.798,0.802,26.0,40.0,60.0,20.0,400.0
banba,SKY130-BGR-banba,7,26,338345,GWO,40,-26.85212,26.85212,0,1,0.8007552,25.99591,40.0558,80.6549,27.5199,50.04434,0,0,0,0,0,0,89.0,1,-26.85212,26.85212,0.8007552,25.99591,40.0558,80.6549,27.5199,50.04434,42131.79025285691,150000,150000,148640.0,-24.100158796791977,150001,148974,measure_failed=574;no_convergence=453,0,PSRR_worst_case_10Hz_10MHz,26.85212,41.03061,26.85212,41.03061,1,2.095,1.0,7.005,8.29,7.915000000000001,7.974614018793186,0.9,2.095,1.0,7.005,8.29,7.915000000000001,7.974614018793186,0.9,0.798,0.802,26.0,40.0,60.0,20.0,400.0
banba,SKY130-BGR-banba,7,27,339345,GWO,40,-58.492,58.492,0,1,0.800978,24.3861,43.7915,68.673,20.0212,95.42516,0,0,0,0,0,0,43.0,1,-58.492,58.492,0.800978,24.3861,43.7915,68.673,20.0212,95.42516,51120.06026685983,150000,150000,148320.0,-40.2091929143461,150001,148952,measure_failed=591;no_convergence=456;timeout=2,0,PSRR_worst_case_10Hz_10MHz,58.492,58.492,58.492,58.492,1,1.0,1.0,6.11,5.915,0.68,23.70554661428337,1.4436902278855752,1.0,1.0,6.11,5.915,0.68,23.70554661428337,1.4436902278855752,0.798,0.802,26.0,40.0,60.0,20.0,400.0
banba,SKY130-BGR-banba,7,28,340345,GWO,40,-57.762,57.762,0,1,0.8007589,25.78539,41.4705,68.147,20.0364,117.4714,0,0,0,0,0,0,60.0,1,-57.762,57.762,0.8007589,25.78539,41.4705,68.147,20.0364,117.4714,50800.38117279485,150000,150000,141440.0,-52.72868115060768,150001,149878,measure_failed=1;no_convergence=119;timeout=3,0,PSRR_worst_case_10Hz_10MHz,57.762,57.91801,57.762,57.91801,1,1.0,1.02,9.06,5.745,0.68,31.363309942613537,1.5091710748516622,1.0,1.02,9.06,5.745,0.68,31.363309942613537,1.5091710748516622,0.798,0.802,26.0,40.0,60.0,20.0,400.0
banba,SKY130-BGR-banba,7,29,341345,GWO,40,-58.00962,58.00962,0,1,0.8009193,23.6448,42.4747,67.611,20.0012,115.422,0,0,0,0,0,0,121.0,1,-58.00962,58.00962,0.8009193,23.6448,42.4747,67.611,20.0012,115.422,50551.51378101483,150000,150000,149880.0,-43.32365183744558,150001,148963,measure_failed=536;no_convergence=502,0,PSRR_worst_case_10Hz_10MHz,58.00962,58.01226,58.00962,58.01226,1,1.0,1.0,8.975000000000001,6.115,0.6950000000000001,30.65066302798905,1.4715481313197094,1.0,1.0,8.975000000000001,6.115,0.6950000000000001,30.65066302798905,1.4715481313197094,0.798,0.802,26.0,40.0,60.0,20.0,400.0
banba,SKY130-BGR-banba,7,0,312345,PSO,40,-23.08662,23.08662,0,1,0.7980009,25.99906,41.5771,76.622,34.4646,36.8458,0,0,0,0,0,0,33.0,1,-23.08662,23.08662,0.7980009,25.99906,41.5771,76.622,34.4646,36.8458,57547.40257850289,150000,150000,110027.0,-23.012176595743973,150001,149997,measure_failed=3;no_convergence=1,0,PSRR_worst_case_10Hz_10MHz,23.08662,39.16315,23.08662,39.16315,1,3.03,1.0,40.0,26.085,8.0,3.4171869923252136,1.0521390612762027,3.03,1.0,40.0,26.085,8.0,3.4171869923252136,1.0521390612762027,0.798,0.802,26.0,40.0,60.0,20.0,400.0
banba,SKY130-BGR-banba,7,1,313345,PSO,40,-26.86356,26.86356,0,1,0.8007799,25.99965,40.1855,80.4728,27.3171,50.52911,0,0,0,0,0,0,52.0,1,-26.86356,26.86356,0.8007799,25.99965,40.1855,80.4728,27.3171,50.52911,51028.04445062205,150000,150000,114295.0,-25.05006743323622,150001,150000,measure_failed=1,0,PSRR_worst_case_10Hz_10MHz,26.86356,41.18536,26.86356,41.18536,1,2.095,1.0,7.0,8.16,7.790000000000001,8.142743248824107,0.9000235607253216,2.095,1.0,7.0,8.16,7.790000000000001,8.142743248824107,0.9000235607253216,0.798,0.802,26.0,40.0,60.0,20.0,400.0
banba,SKY130-BGR-banba,7,2,314345,PSO,40,-49.45104,49.45104,0,1,0.7981568,25.69708,43.2451,60.0,21.7175,142.223,0,0,0,0,0,0,1.0,1,-49.45104,49.45104,0.7981568,25.69708,43.2451,60.0,21.7175,142.223,41170.893092662096,150000,150000,5989.0,-49.38881653444356,150001,150001,,0,PSRR_worst_case_10Hz_10MHz,49.45104,49.45104,49.45104,49.45104,1,1.0,1.0,23.245,5.09,0.86,40.0,0.9,1.0,1.0,23.245,5.09,0.86,40.0,0.9,0.798,0.802,26.0,40.0,60.0,20.0,400.0
banba,SKY130-BGR-banba,7,3,315345,PSO,40,-26.84078,26.84078,0,1,0.8007349,25.98295,40.3019,80.1466,26.9654,51.21857,0,0,0,0,0,0,74.0,1,-26.84078,26.84078,0.8007349,25.98295,40.3019,80.1466,26.9654,51.21857,53379.96358099952,150000,150000,135583.0,-25.072076886812575,150001,150000,measure_failed=1,0,PSRR_worst_case_10Hz_10MHz,26.84078,41.42589,26.84078,41.42589,1,2.14,1.0,7.0,7.965,7.715000000000001,8.382801887072976,0.9,2.14,1.0,7.0,7.965,7.715000000000001,8.382801887072976,0.9,0.798,0.802,26.0,40.0,60.0,20.0,400.0
banba,SKY130-BGR-banba,7,4,316345,PSO,40,-57.75359,57.75359,0,1,0.8008006,25.99974,44.159,69.91,20.4775,75.20971,0,0,0,0,0,0,173.0,1,-57.75359,57.75359,0.8008006,25.99974,44.159,69.91,20.4775,75.20971,35038.53896801174,150000,150000,35323.0,-54.16864343052287,150001,150001,,0,PSRR_worst_case_10Hz_10MHz,57.75359,57.75359,57.75359,57.75359,1,1.0,1.0,3.525,5.025,0.66,16.687577725827285,1.4523718025559549,1.0,1.0,3.525,5.025,0.66,16.687577725827285,1.4523718025559549,0.798,0.802,26.0,40.0,60.0,20.0,400.0
banba,SKY130-BGR-banba,7,5,317345,PSO,40,-26.85129,26.85129,0,1,0.8007341,25.99282,40.1581,80.4456,27.2879,50.51367,0,0,0,0,0,0,77.0,1,-26.85129,26.85129,0.8007341,25.99282,40.1581,80.4456,27.2879,50.51367,48288.295777872205,150000,150000,81781.0,-25.060479162844423,150001,149981,measure_failed=12;no_convergence=8,0,PSRR_worst_case_10Hz_10MHz,26.85129,41.20426,26.85129,41.20426,1,2.125,1.0,7.045,8.195,7.85,8.137890754845557,0.9,2.125,1.0,7.045,8.195,7.85,8.137890754845557,0.9,0.798,0.802,26.0,40.0,60.0,20.0,400.0
banba,SKY130-BGR-banba,7,6,318345,PSO,40,-57.65838,57.65838,0,1,0.8016985,25.99557,40.3976,71.489,20.5086,93.34876,0,0,0,0,0,0,9.0,1,-57.65838,57.65838,0.8016985,25.99557,40.3976,71.489,20.5086,93.34876,60242.97648309916,150000,150000,143062.0,-55.9546854813032,150001,149993,timeout=8,0,PSRR_worst_case_10Hz_10MHz,57.65838,57.65838,57.65838,57.65838,1,1.0,1.0,4.365,4.615,0.64,22.97296410277616,1.5947214404202823,1.0,1.0,4.365,4.615,0.64,22.97296410277616,1.5947214404202823,0.798,0.802,26.0,40.0,60.0,20.0,400.0
banba,SKY130-BGR-banba,7,7,319345,PSO,40,-26.85328,26.85319,0,1,0.8007423,25.99406,40.2213,80.3182,27.1636,50.84041,0,0,0,0,0,0,62.0,1,-26.85328,26.85328,0.8007422,25.99407,40.2211,80.3185,27.1639,50.84041,47981.9922022,150000,150000,80134.0,-25.094226920845134,150001,149996,measure_failed=3;no_convergence=2,0,PSRR_worst_case_10Hz_10MHz,26.85319,41.28568,26.85328,41.28554,1,2.1100000000000003,1.0,7.0,8.045,7.750000000000001,8.251353849582006,0.9,2.1100000000000003,1.0,7.0,8.045,7.750000000000001,8.251353852700522,0.9,0.798,0.802,26.0,40.0,60.0,20.0,400.0
banba,SKY130-BGR-banba,7,8,320345,PSO,40,-26.867,26.867,0,1,0.800796,25.99459,40.1642,80.5554,27.4187,50.40792,0,0,0,0,0,0,11.0,1,-26.867,26.867,0.800796,25.99459,40.1642,80.5554,27.4187,50.40792,52621.1584469527,150000,150000,137164.0,-26.62182658607724,150001,150001,,0,PSRR_worst_case_10Hz_10MHz,26.867,41.12085,26.867,41.12085,1,2.065,1.0,7.0,8.175,7.765000000000001,8.100465828708662,0.9,2.065,1.0,7.0,8.175,7.765000000000001,8.100465828708662,0.9,0.798,0.802,26.0,40.0,60.0,20.0,400.0
banba,SKY130-BGR-banba,7,9,321345,PSO,40,-12.10374,12.10374,2,0,0.8020021,26.01973,48.8393,60.0,20.8766,30.09881,1,1,0,0,0,0,17.0,1,-12.10374,12.10374,0.8019954,25.99954,48.8393,60.0,20.8765,30.09857,58602.45906977356,150000,150000,74798.0,-12.042978260508404,150001,149996,timeout=5,0,PSRR_worst_case_10Hz_10MHz,12.10374,30.59382,12.10374,30.59382,1,37.295,1.0,31.575,44.19,0.645,1.0,1.5607222909578788,37.295,1.0,31.575,44.19,0.645,1.0,1.560722287385641,0.798,0.802,26.0,40.0,60.0,20.0,400.0
banba,SKY130-BGR-banba,7,10,322345,PSO,40,-56.88921,56.88921,0,1,0.801688,16.34506,43.0442,65.272,20.0001,142.3632,0,0,0,0,0,0,521.0,1,-56.88921,56.88921,0.801688,16.34506,43.0442,65.272,20.0001,142.3632,36659.53394646943,150000,150000,12300.0,-51.49165653824359,150001,150001,,0,PSRR_worst_case_10Hz_10MHz,56.88921,56.88921,56.88921,56.88921,1,1.0,1.0,12.65,7.29,0.77,40.0,1.4260998538028815,1.0,1.0,12.65,7.29,0.77,40.0,1.4260998538028815,0.798,0.802,26.0,40.0,60.0,20.0,400.0
banba,SKY130-BGR-banba,7,11,323345,PSO,40,-26.82822,26.82822,0,1,0.8006142,25.99444,40.0375,80.4053,27.2299,50.35446,0,0,0,0,0,0,39.0,1,-26.82822,26.82822,0.8006142,25.99444,40.0375,80.4053,27.2299,50.35446,41458.79413109273,150000,150000,105148.0,-26.7471172547217,150001,149997,measure_failed=3;no_convergence=1,0,PSRR_worst_case_10Hz_10MHz,26.82822,41.18641,26.82822,41.18641,1,2.18,1.0,7.0,8.14,8.0,8.084049584217126,0.9,2.18,1.0,7.0,8.14,8.0,8.084049584217126,0.9,0.798,0.802,26.0,40.0,60.0,20.0,400.0
banba,SKY130-BGR-banba,7,12,324345,PSO,40,-26.8528,26.8528,0,1,0.8007749,25.99982,40.0046,80.7948,27.6483,49.71451,0,0,0,0,0,0,61.0,1,-26.8528,26.8528,0.8007749,25.99982,40.0046,80.7948,27.6483,49.71451,43859.32292956114,150000,150000,145061.0,-25.06204557883719,150001,149992,measure_failed=9,0,PSRR_worst_case_10Hz_10MHz,26.8528,40.93743,26.8528,40.93743,1,2.1,1.0,7.0,8.415,8.0,7.859765661611065,0.9,2.1,1.0,7.0,8.415,8.0,7.859765661611065,0.9,0.798,0.802,26.0,40.0,60.0,20.0,400.0
banba,SKY130-BGR-banba,7,13,325345,PSO,40,-26.85146,26.85146,0,1,0.800818,25.9969,40.0002,80.8786,27.745,49.58237,0,0,0,0,0,0,35.0,1,-26.85146,26.85146,0.800818,25.9969,40.0002,80.8786,27.745,49.58237,53566.25222752243,150000,150000,131118.0,-26.714286286275243,150001,150001,,0,PSRR_worst_case_10Hz_10MHz,26.85146,40.88188,26.85146,40.88188,1,2.08,1.0,7.0,8.48,7.995,7.813333972310334,0.9000005875000687,2.08,1.0,7.0,8.48,7.995,7.813333972310334,0.9000005875000687,0.798,0.802,26.0,40.0,60.0,20.0,400.0
banba,SKY130-BGR-banba,7,14,326345,PSO,40,-26.76512,26.76512,0,1,0.8003658,25.99872,40.0346,79.894,26.7111,51.18026,0,0,0,0,0,0,68.0,1,-26.76512,26.76512,0.8003658,25.99872,40.0346,79.894,26.7111,51.18026,48260.63624823839,150000,150000,76002.0,-24.82222309068727,150001,149998,measure_failed=2;no_convergence=1,0,PSRR_worst_case_10Hz_10MHz,26.76512,41.48184,26.76512,41.48184,1,2.28,1.0,7.0200000000000005,7.765,8.0,8.37397484015714,0.9,2.28,1.0,7.0200000000000005,7.765,8.0,8.37397484015714,0.9,0.798,0.802,26.0,40.0,60.0,20.0,400.0
banba,SKY130-BGR-banba,7,15,327345,PSO,40,-26.82598,26.82598,0,1,0.8005717,25.9996,40.036,80.332,27.1557,50.46779,0,0,0,0,0,0,82.0,1,-26.82598,26.82598,0.8005717,25.9996,40.036,80.332,27.1557,50.46779,44329.83678720146,150000,150000,131677.0,-25.06097390625937,150001,149997,measure_failed=3;no_convergence=1,0,PSRR_worst_case_10Hz_10MHz,26.82598,41.22922,26.82598,41.22922,1,2.1950000000000003,1.0,7.01,8.085,8.0,8.123938272258291,0.9,2.1950000000000003,1.0,7.01,8.085,8.0,8.123938272258291,0.9,0.798,0.802,26.0,40.0,60.0,20.0,400.0
banba,SKY130-BGR-banba,7,16,328345,PSO,40,-23.10285,23.10285,0,1,0.798,25.98086,42.0185,75.479,33.7362,36.31892,0,0,0,0,0,0,203.0,1,-23.10285,23.10285,0.798,25.98086,42.0185,75.479,33.7362,36.31892,46405.74108638987,150000,150000,85024.0,-21.377341091007278,150001,150001,,0,PSRR_worst_case_10Hz_10MHz,23.10285,39.47767,23.10285,39.47767,1,3.42,1.0,39.845,25.11,8.0,3.234524350170426,0.9,3.42,1.0,39.845,25.11,8.0,3.234524350170426,0.9,0.798,0.802,26.0,40.0,60.0,20.0,400.0
banba,SKY130-BGR-banba,7,17,329345,PSO,40,-56.99492,56.99492,0,1,0.8010868,23.15793,40.2749,67.307,20.0022,142.3527,0,0,0,0,0,0,100.0,1,-56.99492,56.99492,0.8010868,23.15793,40.2749,67.307,20.0022,142.3527,18455.702043257654,150000,150000,28626.0,-54.332622189081256,150001,150001,,0,PSRR_worst_case_10Hz_10MHz,56.99492,56.99497,56.99492,56.99497,1,1.0,1.0,12.27,6.125,0.7000000000000001,40.0,1.5619787230222064,1.0,1.0,12.27,6.125,0.7000000000000001,40.0,1.5619787230222064,0.798,0.802,26.0,40.0,60.0,20.0,400.0
banba,SKY130-BGR-banba,7,18,330345,PSO,40,-57.08603,57.08603,0,1,0.8012484,19.4855,42.4034,65.621,20.0011,142.3519,0,0,0,0,0,0,142.0,1,-57.08603,57.08603,0.8012484,19.4855,42.4034,65.621,20.0011,142.3519,26995.994248129427,150000,150000,50436.0,-55.15308817001113,150001,150001,,0,PSRR_worst_case_10Hz_10MHz,57.08603,57.08603,57.08603,57.08603,1,1.0,1.0,13.1,7.025,0.745,40.0,1.4576415824618012,1.0,1.0,13.1,7.025,0.745,40.0,1.4576415824618012,0.798,0.802,26.0,40.0,60.0,20.0,400.0
banba,SKY130-BGR-banba,7,19,331345,PSO,40,-26.84427,26.84427,0,1,0.8007508,25.99606,40.314,80.1646,26.99,51.22935,0,0,0,0,0,0,94.0,1,-26.84427,26.84427,0.8007508,25.99606,40.314,80.1646,26.99,51.22935,48850.04686580598,150000,150000,142195.0,-25.012116002640017,150001,150001,,0,PSRR_worst_case_10Hz_10MHz,26.84427,41.41706,26.84427,41.41706,1,2.125,1.0,7.0,7.96,7.685,8.386365067128773,0.9000016320052369,2.125,1.0,7.0,7.96,7.685,8.386365067128773,0.9000016320052369,0.798,0.802,26.0,40.0,60.0,20.0,400.0
banba,SKY130-BGR-banba,7,20,332345,PSO,40,-26.86409,26.86409,0,1,0.8010574,25.99821,40.2437,80.8838,27.7662,49.88646,0,0,0,0,0,0,89.0,1,-26.86409,26.86409,0.8010574,25.99821,40.2437,80.8838,27.7662,49.88646,39161.021468132734,150000,150000,134419.0,-25.096678900126005,150001,149990,measure_failed=5;no_convergence=6,0,PSRR_worst_case_10Hz_10MHz,26.86409,40.95014,26.86409,40.95014,1,2.01,1.0,7.0,8.555,7.760000000000001,7.916066507277255,0.9002448419687292,2.01,1.0,7.0,8.555,7.760000000000001,7.916066507277255,0.9002448419687292,0.798,0.802,26.0,40.0,60.0,20.0,400.0
banba,SKY130-BGR-banba,7,21,333345,PSO,40,-26.84628,26.84628,0,1,0.8010407,25.998,40.0017,81.2627,28.1823,48.92481,0,0,0,0,0,0,32.0,1,-26.84628,26.84628,0.8010407,25.998,40.0017,81.2627,28.1823,48.92481,46397.365842517465,150000,150000,126753.0,-26.7509570350469,150001,149996,measure_failed=2;no_convergence=3,0,PSRR_worst_case_10Hz_10MHz,26.84628,40.63002,26.84628,40.63002,1,2.005,1.0,7.0,8.844999999999999,8.0,7.582151116977486,0.9000033857330252,2.005,1.0,7.0,8.844999999999999,8.0,7.582151116977486,0.9000033857330252,0.798,0.802,26.0,40.0,60.0,20.0,400.0
banba,SKY130-BGR-banba,7,22,334345,PSO,40,-56.51807,56.51807,0,1,0.8019804,15.74436,45.8939,66.664,20.0,99.03521,0,0,0,0,0,0,124.0,1,-56.51807,56.51807,0.8019804,15.74436,45.8939,66.664,20.0,99.03521,26611.10937773809,150000,150000,69013.0,-50.22613005423369,150001,149996,measure_failed=5,0,PSRR_worst_case_10Hz_10MHz,56.51807,56.51807,56.51807,56.51807,1,1.08,1.0,6.375,7.395,0.76,24.951471413096257,1.3852269131347326,1.08,1.0,6.375,7.395,0.76,24.951471413096257,1.3852269131347326,0.798,0.802,26.0,40.0,60.0,20.0,400.0
banba,SKY130-BGR-banba,7,23,335345,PSO,40,-26.8461,26.8461,0,1,0.8006587,25.9998,40.0167,80.5411,27.3836,50.10865,0,0,0,0,0,0,8.0,1,-26.8461,26.8461,0.8006587,25.9998,40.0167,80.5411,27.3836,50.10865,38376.857913229614,150000,150000,82603.0,-26.791574100180668,150001,149997,measure_failed=3;no_convergence=1,0,PSRR_worst_case_10Hz_10MHz,26.8461,41.09092,26.8461,41.09092,1,2.1500000000000004,1.0,7.0,8.225000000000001,8.0,7.998120052393275,0.9000942471762853,2.1500000000000004,1.0,7.0,8.225000000000001,8.0,7.998120052393275,0.9000942471762853,0.798,0.802,26.0,40.0,60.0,20.0,400.0
banba,SKY130-BGR-banba,7,24,336345,PSO,40,-55.0595,55.0595,0,1,0.8008234,19.85078,43.3,62.877,20.0004,142.3333,0,0,0,0,0,0,132.0,1,-55.0595,55.0595,0.8008234,19.85078,43.3,62.877,20.0004,142.3333,37548.21129201725,150000,150000,61828.0,-52.73326878732525,150001,150000,measure_failed=1,0,PSRR_worst_case_10Hz_10MHz,55.0595,55.0595,55.0595,55.0595,1,1.165,1.0,16.025,8.07,0.775,40.0,1.4810049525158306,1.165,1.0,16.025,8.07,0.775,40.0,1.4810049525158306,0.798,0.802,26.0,40.0,60.0,20.0,400.0
banba,SKY130-BGR-banba,7,25,337345,PSO,40,-26.81295,26.81295,0,1,0.8004903,25.99922,40.0061,80.2377,27.0627,50.62365,0,0,0,0,0,0,40.0,1,-26.81295,26.81295,0.8004903,25.99922,40.0061,80.2377,27.0627,50.62365,47752.4575441666,150000,150000,103400.0,-26.709956359342392,150001,149994,measure_failed=5;no_convergence=2,0,PSRR_worst_case_10Hz_10MHz,26.81295,41.2748,26.81295,41.2748,1,2.21,1.0,7.0200000000000005,7.98,8.0,8.179091723650462,0.9000338842488749,2.21,1.0,7.0200000000000005,7.98,8.0,8.179091723650462,0.9000338842488749,0.798,0.802,26.0,40.0,60.0,20.0,400.0
banba,SKY130-BGR-banba,7,26,338345,PSO,40,-26.8629,26.8629,0,1,0.8008508,25.99811,40.2434,80.4972,27.3383,50.54755,0,0,0,0,0,0,54.0,1,-26.8629,26.8629,0.8008508,25.99811,40.2434,80.4972,27.3383,50.54755,49530.537304047495,150000,150000,115057.0,-25.058782200714678,150001,150001,,0,PSRR_worst_case_10Hz_10MHz,26.8629,41.19381,26.8629,41.19381,1,2.085,1.0,7.0,8.219999999999999,7.760000000000001,8.148271489738729,0.9,2.085,1.0,7.0,8.219999999999999,7.760000000000001,8.148271489738729,0.9,0.798,0.802,26.0,40.0,60.0,20.0,400.0
banba,SKY130-BGR-banba,7,27,339345,PSO,40,-26.83064,26.83064,0,1,0.800587,25.99229,40.0021,80.4274,27.2661,50.30294,0,0,0,0,0,0,81.0,1,-26.83064,26.83064,0.800587,25.99229,40.0021,80.4274,27.2661,50.30294,40954.10580435395,150000,150000,143801.0,-25.09123604830032,150001,149996,measure_failed=5,0,PSRR_worst_case_10Hz_10MHz,26.83064,41.15552,26.83064,41.15552,1,2.17,1.0,7.005,8.120000000000001,8.0,8.066498183425903,0.9,2.17,1.0,7.005,8.120000000000001,8.0,8.066498183425903,0.9,0.798,0.802,26.0,40.0,60.0,20.0,400.0
banba,SKY130-BGR-banba,7,28,340345,PSO,40,-26.85069,26.85057,1,0,0.8008244,26.00124,40.0004,80.8883,27.7552,49.55956,0,1,0,0,0,0,857.0,1,-26.85069,26.85069,0.8008244,25.99972,40.0001,80.8888,27.7557,49.55956,32088.02165690809,150000,150000,30151.0,-21.715012200548003,150001,149998,measure_failed=3,0,PSRR_worst_case_10Hz_10MHz,26.85057,40.87581,26.85069,40.87558,1,2.08,1.0,7.0,8.495000000000001,8.0,7.805327189024791,0.9,2.08,1.0,7.0,8.495000000000001,8.0,7.805327188492013,0.9,0.798,0.802,26.0,40.0,60.0,20.0,400.0
banba,SKY130-BGR-banba,7,29,341345,PSO,40,-57.59146,57.59072,0,1,0.8019691,16.83357,44.8224,67.621,20.0,102.9564,0,0,0,0,0,0,132.0,1,-57.59146,57.59146,0.8019691,16.83357,44.8223,67.621,20.0,102.9564,41650.01545334607,150000,150000,33306.0,-55.50864387242581,150001,150001,,0,PSRR_worst_case_10Hz_10MHz,57.59072,57.59072,57.59146,57.59146,1,1.0,1.0,6.495,6.825,0.735,26.311907606849687,1.3943977911179537,1.0,1.0,6.495,6.825,0.735,26.311907600343336,1.394397787284172,0.798,0.802,26.0,40.0,60.0,20.0,400.0
