w_ndiff,w_pcasc,w_nmir,w_pass,l_all,iss,vbpv,PSRR_DB,VREF,TC,LOOP_GAIN_DB,PHASE_MARGIN_DEG,GAIN_MARGIN_DB,POWER_UW,PSRR_100HZ_DB,sim_ok,sim_failure
17.55731440004109,21.293527603398,8.66637754507623,93.29934424337326,2.8463627680014723,39.77106646499021,0.5184357528048917,-200.0,nan,nan,nan,nan,nan,nan,nan,0,no_convergence
33.41701863815014,12.34563859463226,8.391058929287214,47.778938408872726,0.30444222296375,7.456007726815756,0.2304713281282331,-200.0,nan,nan,nan,nan,nan,nan,nan,0,no_convergence
13.98566100142566,35.39102243628928,6.051331655134543,91.6190492686737,6.435600495494513,37.4090981124763,0.3050277846367158,-200.0,nan,nan,nan,nan,nan,nan,nan,0,no_convergence
33.94959610946646,13.030352217502847,37.99753121317364,50.45498489126185,4.592877636439327,36.409254404687694,0.7087539189503981,10.76239,1.218962,14.94068,72.3263,-150.695,-49.0959,112.362,54.2286,1,
26.982151107700776,28.65810726676008,19.740355951656294,26.974114949419995,6.074144748479658,7.830599323079154,0.7207166677626755,-200.0,nan,nan,nan,nan,nan,nan,nan,0,no_convergence
38.30780541674826,33.08009551566559,1.228952699258356,70.46957114195708,0.40487457468041343,5.988973227691705,0.640607860525444,-200.0,nan,nan,nan,nan,nan,nan,nan,0,no_convergence
1.8646493817619,38.0693159816556,36.690631354750934,94.29570602624706,1.8807227474334578,19.037897368703984,0.5122762788525591,7.55178,1.223058,27.10048,59.909,-136.0,-21.0664,62.39216,39.74219,1,
29.505292975782904,33.14898385670759,7.014476390755536,20.044598905674803,5.799321578970155,38.80819517644186,0.7005403117171308,-200.0,nan,nan,nan,nan,nan,nan,nan,0,no_convergence
33.59463970913551,20.711778609055504,37.04335323595162,90.85173527647578,6.61487758966773,32.3312954525225,0.5797041864882639,11.61543,1.218919,15.25445,72.7119,-166.488,-49.3707,100.6169,54.89592,1,
37.630540054026,37.48625100672848,29.99824926797957,99.31190208495825,7.080059214198233,12.687660325753768,0.32403595642878313,-200.0,nan,nan,nan,nan,nan,nan,nan,0,no_convergence
9.934594300580093,6.139606963913968,34.44009864198689,10.708541045481395,3.1186432289827626,39.92713800009258,0.7328481144951393,-200.0,nan,nan,nan,nan,nan,nan,nan,0,no_convergence
39.368467185524835,22.010387929228724,19.46000969291437,19.06102397416967,3.4521147521636526,13.668728032058347,0.43652933802558125,-200.0,nan,nan,nan,nan,nan,nan,nan,0,no_convergence
9.71528823324413,20.899193410280475,21.23309842113633,58.50635176600462,5.674585382023781,7.695189115810646,0.8062905116383607,-200.0,nan,nan,nan,nan,nan,nan,nan,0,no_convergence
13.138763261939758,16.49905798378679,10.997069280641577,43.461461865813106,4.391621442210146,38.61859953471285,0.5375691862663325,-200.0,nan,nan,nan,nan,nan,nan,nan,0,no_convergence
11.056937063923103,26.340511381472673,8.980606507611853,66.06564328389999,4.343701169810303,6.677966775900564,0.37529852898558613,-200.0,nan,nan,nan,nan,nan,nan,nan,0,no_convergence
10.879245990001337,31.00085675790862,20.679365901615945,17.032798312436697,6.149051548241133,12.995544805281769,0.5940463338562518,-200.0,nan,nan,nan,nan,nan,nan,nan,0,no_convergence
9.900291617320214,8.339757160039095,32.23503407439975,29.10448389297923,1.7399727897463684,32.1856906435556,0.3203879135927795,7.306959,1.220056,17.4905,65.7847,-137.93900000000002,-31.626,100.2139,46.71536,1,
8.44947702198193,22.55702806536958,39.94393132916045,11.449736607949516,6.554708313922273,32.40811557210006,0.7223302978681293,-200.0,nan,nan,nan,nan,nan,nan,nan,0,no_convergence
21.46721747900041,32.02457964027964,26.964109374598955,38.43065091229138,6.04644076610374,34.938062665847674,0.8616941731608826,-200.0,nan,nan,nan,nan,nan,nan,nan,0,no_convergence
30.302998237212247,1.8010656849294717,17.513419872191783,93.66227376119326,1.006804756243302,27.18433206816902,0.19136004657476208,-200.0,nan,nan,nan,nan,nan,nan,nan,0,no_convergence
13.202441811335285,13.749662741103636,16.65654967313091,60.10881886562153,7.692227193134848,12.813238683347207,0.3309431031440717,-200.0,nan,nan,nan,nan,nan,nan,nan,0,no_convergence
31.076941146450004,27.850965052738143,16.00863988357034,18.81237334678616,1.0902238792838332,21.163342154780487,0.29882561852373823,7.647372,1.219427,14.89522,70.1921,-103.15300000000002,-34.3258,68.46046,51.51883,1,
29.154356559420755,12.497569368667786,32.85799009112219,97.3751712787693,5.602074795183057,23.248263373343757,0.637240867287055,10.81169,1.219022,15.10898,72.6337,-158.98899999999998,-46.897,74.45923,54.64237,1,
9.602580132153594,34.027053514537,5.027663351699941,27.76517700081198,5.875230735814432,32.050309210023784,0.618319557487391,-200.0,nan,nan,nan,nan,nan,nan,nan,0,no_convergence
36.649961882826034,11.687710743065846,13.110687721353093,8.247062951593671,0.3283156821967309,38.67521589348003,0.48046353131900366,6.929672,1.22112,21.08348,62.3256,-46.81700000000001,-19.5168,118.919,44.52454,1,
35.643118433405604,14.849636169398199,38.744311396239844,29.968620988434573,6.3885686067789145,20.087386966976744,0.5789321159372768,12.38942,1.218873,15.19536,72.7284,-157.41000000000003,-49.9596,65.35377,54.89244,1,
35.18820233647015,15.720553329481996,33.041658073692126,60.6780457466307,6.600520207445713,19.80081770129139,0.25731744953395985,12.12596,1.218903,15.30437,73.1478,-163.087,-48.7497,64.52888,55.45055,1,
14.668117598604871,19.06045162884512,12.54973101682351,58.426930640768994,5.733137845213544,30.199371538628455,0.29187682745168,-200.0,nan,nan,nan,nan,nan,nan,nan,0,no_convergence
8.941091831512063,26.803623321831186,2.160854483897948,79.01957215202471,0.9448088877129374,12.160396970116278,0.7277906164076501,-200.0,nan,nan,nan,nan,nan,nan,nan,0,no_convergence
18.58291405666693,7.965225655112436,27.416877903633118,69.62549802172252,6.8218155045056825,31.363230876727545,0.5001117462752167,-200.0,nan,nan,nan,nan,nan,nan,nan,0,no_convergence
2.390926441818555,5.904278416121205,32.08055784143964,93.4309617510201,2.701969272120894,5.906287760579409,0.6190861466103417,-200.0,nan,nan,nan,nan,nan,nan,nan,0,no_convergence
36.403602627119476,21.550526335946355,7.27570526766121,86.54084700666847,6.979191410969699,37.51503526800023,0.8752154883728372,-200.0,nan,nan,nan,nan,nan,nan,nan,0,no_convergence
22.737119714910904,5.546202702921621,26.1722671513908,38.01570959037585,3.303443471356949,27.03668735372166,0.7613812155014016,9.050076,1.219121,14.39686,71.0727,-140.721,-42.2711,85.37119,52.66902,1,
8.105394345126196,37.884682320555484,39.664031630882874,21.70950720304766,3.941155994468573,27.520881390268116,0.10461853699356446,8.183986,1.21951,16.41991,66.6262,-167.007,-34.0874,86.77138,47.84419,1,
11.159792421637093,6.71959792962516,16.135805819223005,39.05260526585871,3.6541609137342004,15.38253994452493,0.8771669063383931,-200.0,nan,nan,nan,nan,nan,nan,nan,0,no_convergence
30.190019420799295,24.11320664936179,1.489664427836173,94.22994473723126,7.954964261390636,6.29080657163875,0.4307807634965819,-200.0,nan,nan,nan,nan,nan,nan,nan,0,no_convergence
24.977986908351973,38.43305708779878,17.769458566012773,73.31339239967423,1.9284201283680187,37.62113930574207,0.6349119530380298,8.264465,1.219402,14.95517,70.445,-141.26299999999998,-39.0686,115.8612,51.19664,1,
36.92723853890509,3.1303938307478383,22.12609336152792,40.50753297290003,7.535268820287305,29.115109624442535,0.15327445390880895,-200.0,nan,nan,nan,nan,nan,nan,nan,0,no_convergence
5.016058998154033,36.67230976545358,34.43250890902962,31.359574868213738,3.363275213696186,34.831711945057314,0.7540868542833667,7.776888,1.220056,18.95591,63.8148,-166.291,-29.9012,107.8344,44.877,1,
34.37375970504689,29.15245705400167,15.413232262336752,68.25778065837513,6.4879350505334585,36.95837180174235,0.7600394384363176,-200.0,nan,nan,nan,nan,nan,nan,nan,0,no_convergence
22.260638945760082,30.58658137093429,6.280235516380987,70.94371119384735,6.348435195062464,36.68569608068773,0.4695228380550326,-200.0,nan,nan,nan,nan,nan,nan,nan,0,no_convergence
11.51479604167064,33.23344206262811,19.22790064662463,80.99468216045952,3.7968148396323964,38.974342322878066,0.7799433105228596,8.635444,1.219218,14.95743,69.8192,-164.76999999999998,-39.6907,119.7532,51.01646,1,
7.657955286032697,35.56500017420321,13.536747139380683,26.512193535204386,0.7199565614096758,11.21470414802975,0.15869802715959985,-200.0,nan,nan,nan,nan,nan,nan,nan,0,no_convergence
31.98702221525614,33.729907103973254,3.0588899528406555,87.48116721728113,5.415356396170381,16.314730117791484,0.15546185627076262,10.89215,1.218504,16.25441,79.8944,-158.54199999999997,-47.3184,54.48323,63.71248,1,
25.5316465640864,25.836803809075313,7.763967905907365,36.96823272042657,7.87599516196166,25.962154003711255,0.6094668593310092,-200.0,nan,nan,nan,nan,nan,nan,nan,0,no_convergence
9.452287548757077,4.679768611107638,27.71566527861291,56.98815609391647,0.5627410465363456,34.254068686931184,0.8701917878420775,6.86598,1.220971,18.58431,66.5896,-119.59199999999998,-30.566,106.1839,46.2977,1,
29.754294378880402,38.219934648953284,35.63467186119033,91.50110304899842,7.5036909235456974,9.431003876432527,0.43791993127408224,-200.0,nan,nan,nan,nan,nan,nan,nan,0,no_convergence
16.02868860666739,9.518060648448078,38.37524528029386,56.031023689724414,5.4538423472495,1.914905686989484,0.8873425664905823,-200.0,nan,nan,nan,nan,nan,nan,nan,0,no_convergence
15.977413767194228,14.532247146983257,23.254749018483263,96.84720970730409,1.3499624405937904,25.37878354019007,0.3482051293460814,7.655291,1.219935,15.78326,69.6316,-135.93599999999998,-33.0858,80.60821,49.63275,1,
30.883229629530625,13.947596019733373,25.48021084023335,90.6865824370438,3.935744719458817,30.258786801181117,0.25600059188988633,10.21817,1.219019,14.92507,73.1881,-148.78699999999998,-47.4019,94.64949,54.7869,1,
1.0636423316910504,14.216214365971025,17.340712345512618,19.162991878268357,3.3121963967041474,14.908552103457748,0.7823088633754296,7.237134,1.221202,25.31535,59.2302,-118.64699999999999,-18.3105,50.47213,40.12031,1,
4.450847288505916,39.55954943297199,14.96104903258352,82.71529776537704,5.292406441549543,15.175545460441173,0.10958946205400431,8.552118,1.219545,15.92745,67.4803,-173.54899999999998,-32.1633,51.21729,48.90956,1,
34.892096169920976,32.14556313475322,36.6349083240175,15.213588194060915,0.23125552260911686,31.62561087480516,0.7880677720841351,6.684419,1.226352,37.14886,55.4521,-45.95099999999999,-15.7892,98.69123,37.9752,1,
16.767043581192603,4.215175169125052,2.5425309193431582,14.83042274724859,7.285563111858409,10.945980845186694,0.7369232707453632,-200.0,nan,nan,nan,nan,nan,nan,nan,0,no_convergence
3.066818757479654,10.786732605149432,9.517506984347929,10.201391701557716,0.29303107044038657,26.51245429433107,0.651963111261471,6.603833,1.223038,27.20994,58.4236,-73.654,-21.2117,83.91773,40.49065,1,
24.65688974655292,27.27021369190315,28.607621496010296,11.609792997059849,1.5694589023254675,34.38576738382596,0.8938006306852785,7.683273,1.219402,15.49195,68.3734,-111.27100000000002,-33.7891,106.543,49.77683,1,
18.86255725972237,36.79757619127864,37.63653075918972,92.30979784382005,6.089526315491442,14.444268257792885,0.5700209858429561,-200.0,nan,nan,nan,nan,nan,nan,nan,0,no_convergence
8.865728289558717,15.833356569079346,16.51437059730764,46.701762161595795,5.831981078420233,14.639221429160607,0.2504260082893794,-200.0,nan,nan,nan,nan,nan,nan,nan,0,no_convergence
19.572958588976956,26.949276397158552,21.80046881136414,16.247866401006846,2.3647924445709174,23.71935377191087,0.22235916468967631,8.029891,1.219233,14.96718,69.3369,-134.28199999999998,-36.2789,75.81901,50.80994,1,
33.466870213369134,34.93258403717516,24.12357728143224,25.126259115311644,1.1635462695522896,2.4027628283246916,0.7977401409650645,-200.0,nan,nan,nan,nan,nan,nan,nan,0,no_convergence
13.436633583755047,14.094348166172715,3.483993869735445,10.60351056903329,4.167123453961377,20.785182532218027,0.2706794265843766,-200.0,nan,nan,nan,nan,nan,nan,nan,0,no_convergence
4.046192011627645,16.68995575230705,25.91308302225533,87.17073898162707,5.114362948145376,28.186690648963477,0.5221254556613285,8.733144,1.219969,18.16738,64.5508,-162.666,-32.3374,88.69549,45.7531,1,
7.34847443359334,36.13630539559573,9.686467954443033,97.53225435632152,3.467368444672241,11.859738470820975,0.84020523875873,-200.0,nan,nan,nan,nan,nan,nan,nan,0,no_convergence
2.870405670040004,14.108044286797805,8.308393094024973,49.641068795765335,4.152321786115245,37.83443722901148,0.8806755965830665,-200.0,nan,nan,nan,nan,nan,nan,nan,0,no_convergence
32.87373942073201,7.655901164662088,11.207274558058808,37.5851897251491,5.6424960636371715,29.92955805401979,0.7658153265358515,-200.0,nan,nan,nan,nan,nan,nan,nan,0,no_convergence
17.72639382537827,6.027604000420831,18.499249572869964,14.34782522543232,3.8363639113702623,15.976270082783184,0.729480837858255,8.802176,1.218928,14.65272,71.8372,-135.06599999999997,-40.2265,53.51452,53.57951,1,
38.00429734515282,26.662986634051183,28.243536121387645,12.57988284482662,1.971644053292356,6.507368870796764,0.3183529860917753,-200.0,nan,nan,nan,nan,nan,nan,nan,0,no_convergence
32.33550200442298,27.47725343225852,23.432542011096352,16.75414208099518,5.34769050024444,28.82778078634944,0.8740249158500527,-200.0,nan,nan,nan,nan,nan,nan,nan,0,no_convergence
24.700931199556965,34.76849347654461,22.916115652846933,23.51536444633717,2.9651690327210773,10.885222415707256,0.8313475527642686,-200.0,nan,nan,nan,nan,nan,nan,nan,0,no_convergence
28.625034579743264,37.049762825279196,36.06283399107589,17.975558185537658,5.97253454657066,29.003382307471494,0.2962804612805354,-200.0,nan,nan,nan,nan,nan,nan,nan,0,no_convergence
32.68065287041654,31.333065748095766,4.867903118927165,33.15272094109531,3.769807116545399,4.910375208540717,0.7900757618651248,-200.0,nan,nan,nan,nan,nan,nan,nan,0,no_convergence
13.778795540727877,36.445402131094276,17.84821634984209,86.85090387680589,3.3330840593213145,24.03216677397247,0.3534706321186877,8.808405,1.219257,14.54438,70.9761,-161.74599999999998,-39.1133,76.72025,52.1711,1,
39.634127040222694,22.242106267883546,4.052320022325038,95.22842047493081,1.4375722314902863,22.703162212053343,0.22178416348418492,-200.0,nan,nan,nan,nan,nan,nan,nan,0,no_convergence
35.22837249266691,4.566046914035766,26.565513511063422,41.33297660309894,7.984785435821847,34.674842782980335,0.6918508425594069,-200.0,nan,nan,nan,nan,nan,nan,nan,0,no_convergence
33.73281730056829,6.412174749485324,19.5370787584781,61.381727524808596,2.669280173291825,15.69757368063348,0.5847456903950371,-200.0,nan,nan,nan,nan,nan,nan,nan,0,no_convergence
25.782930563010634,22.735487175919197,7.441578257380282,42.13970147627735,1.8923235547013333,29.09059024782659,0.45107532928226324,8.162047,1.219012,14.52244,72.1863,-130.601,-38.9784,91.2852,53.58049,1,
23.436566726742505,28.523417281233904,27.611341503086297,51.7997594089281,4.360786226045746,1.748570415819195,0.14218940880164277,-200.0,nan,nan,nan,nan,nan,nan,nan,0,no_convergence
29.693622290859732,3.5899793264455355,35.75976757087027,85.51765311203658,5.544901414827463,3.2250180146845593,0.7150257789701191,-200.0,nan,nan,nan,nan,nan,nan,nan,0,no_convergence
30.830408619347025,12.134123718049764,38.144677661186016,73.79588567048549,0.60250479524404,7.53662967300445,0.5359425830914751,-200.0,nan,nan,nan,nan,nan,nan,nan,0,no_convergence
36.839042038635775,21.391766601188753,26.29881906398878,53.68757419003903,5.22195322023677,6.825617428244538,0.882553103601763,-200.0,nan,nan,nan,nan,nan,nan,nan,0,no_convergence
2.954696045149067,33.61377560240155,20.496475209103544,8.992100629206064,7.839048981038942,39.29138812997094,0.5160321407988201,-200.0,nan,nan,nan,nan,nan,nan,nan,0,no_convergence
5.563689902822076,9.577490497576036,16.991720063628065,40.09816550167521,0.42814330522664623,34.19673693804212,0.7188905043842605,6.704324,1.221737,21.43496,63.6724,-109.399,-28.179,106.0298,43.90481,1,
4.325799486664749,25.512028128209913,31.104608498813715,79.35489105727508,7.015962886734998,28.36833103166433,0.4046550636133722,8.658802,1.219827,18.02541,64.0833,-174.47000000000003,-34.1201,89.21657,45.53637,1,
34.53054079665199,27.626346916984836,32.76770790006938,15.03814470306619,3.6967716331760534,23.54793081125993,0.40846382955084126,-200.0,nan,nan,nan,nan,nan,nan,nan,0,no_convergence
39.398251021300474,35.08140610172631,27.769821342675836,23.160146207613632,0.5471583660963556,36.5181261905247,0.5778958597277314,7.251945,1.220316,17.28315,67.3693,-85.80799999999999,-30.3402,112.6953,48.07031,1,
26.969666850239026,13.604476117784843,9.351186606618073,56.24477520667705,6.003078684166327,1.535147342847185,0.8782794563660619,8.980997,1.21956,14.40659,71.0466,-130.822,-32.7542,11.93318,53.17344,1,
4.100634311842847,29.7361021432235,5.8661222183205375,95.95618718829934,7.438236679785797,8.393200195978554,0.12560341334423858,-200.0,nan,nan,nan,nan,nan,nan,nan,0,no_convergence
27.517898651448263,33.82894878969029,14.069342999104624,19.478244634553327,5.688733852959776,17.51707806254319,0.676457340606825,-200.0,nan,nan,nan,nan,nan,nan,nan,0,no_convergence
28.792021047696586,20.049384115710456,19.90413080917066,90.42553089381795,6.337984386238609,20.48350836647989,0.6672785076985132,10.92884,1.218845,15.49902,74.0985,-164.50799999999998,-46.8582,66.4942,56.48666,1,
1.7880471854513316,6.9740303115159925,21.285103839407828,75.80684749347708,2.0364279922285204,35.60412186026027,0.22690406728122434,7.337459,1.222505,28.87266,58.849,-131.35199999999998,-22.2647,110.0941,38.95304,1,
19.855208791537223,30.804005428692285,32.958017185191,81.34818205051927,4.963986902283998,3.4177378746456544,0.5448096397724349,-200.0,nan,nan,nan,nan,nan,nan,nan,0,no_convergence
34.096873091222186,28.071432393998688,6.514029971130287,16.350777496946108,0.9089461182822095,26.04484364808394,0.5338129581872724,7.539013,1.21912,14.23779,71.7748,-95.38099999999997,-35.2393,82.51479,53.24672,1,
18.04513955629792,1.6999771887649504,12.751891265687712,78.79846776243213,2.9541417957041816,37.48595853358227,0.6308208874809794,8.663859,1.219054,14.55177,71.788,-138.49,-41.6128,115.4422,53.35376,1,
38.97696785693669,30.33717450992191,14.265506591070928,99.49868276527904,4.413851239242982,26.722510177714884,0.12457189480721811,11.0311,1.218788,15.46991,75.681,-152.538,-49.6411,84.46171,57.87622,1,
3.151847733184838,7.826781207231594,33.737549559695,22.782869753684125,3.4072943342924695,30.40636831577042,0.3285628003659089,7.51086,1.220431,21.32878,61.7101,-146.08499999999998,-25.9833,95.09477,42.69903,1,
25.268797861799236,17.157118271765526,38.58020257373834,68.96572163812505,7.398448285326297,27.634341884670004,0.4885408906085933,11.27443,1.218965,14.99533,71.5178,-170.24200000000002,-47.3216,87.09032,53.6203,1,
37.92467266100671,22.93467387249504,23.541439372138,10.471639313837402,0.6487334597945982,17.9509940673405,0.6944727934260173,-200.0,nan,nan,nan,nan,nan,nan,nan,0,no_convergence
11.971214234324734,22.85956850314571,4.269686769555563,41.64189901619725,1.5595753365887073,21.492333071684097,0.4961447450502423,7.449467,1.219079,14.3377,71.6381,-135.288,-33.0724,69.40298,52.80003,1,
14.194780419351174,7.866355358467855,28.57339534174855,91.78305998323869,7.177220309314621,26.647463906064264,0.8475042333210823,9.712549,1.219099,14.52638,70.0727,-164.96499999999997,-42.4346,84.24221,52.06666,1,
7.063078662263041,5.2671511658593495,35.46906566631013,27.946149926974982,4.11724074341382,22.018362237475372,0.16681208427437388,8.295382,1.219575,16.38922,66.7209,-150.91500000000002,-32.8461,70.92506,47.97245,1,
33.13710432700716,24.182344849022094,22.4752683823096,77.20814318403491,3.915985317895865,33.60165658176,0.44236282463815135,10.31264,1.218933,15.08025,73.6186,-150.39600000000002,-48.4543,104.2757,55.37098,1,
5.428034170338112,35.722573411525914,10.692837544298536,85.11512642802575,4.250466516491702,10.108546932995418,0.5503928613993929,-200.0,nan,nan,nan,nan,nan,nan,nan,0,no_convergence
36.7979323983974,14.756120759636602,2.422557734254882,44.8227168099514,3.9676249532769656,9.925447842829692,0.8084052438264142,-200.0,nan,nan,nan,nan,nan,nan,nan,0,no_convergence
6.194026427225838,7.181430551482887,35.68953498949149,23.080037846950326,6.131153381010866,14.370136138565421,0.1747882384440516,9.312885,1.219479,16.06747,66.5435,-151.748,-33.9369,48.89678,47.99565,1,
19.965907981995038,39.69162806407747,37.72115309220747,83.12287793776237,4.745096322472097,27.2889285079016,0.10025248452246611,9.868557,1.219208,14.39583,70.8302,-169.58999999999997,-44.3393,86.099,52.43556,1,
35.49479746706859,5.115811921922012,36.86126410194725,97.93809315407832,3.53679105011874,31.55401959635638,0.5195567036501881,-200.0,nan,nan,nan,nan,nan,nan,nan,0,no_convergence
34.305359398910554,30.75463341621578,8.705054851294694,74.91747951104819,3.192383602993817,5.153318291374104,0.10808568297779453,-200.0,nan,nan,nan,nan,nan,nan,nan,0,no_convergence
31.289978366091372,28.73175409546926,21.57247236679929,71.20942530777396,1.4197123123013131,31.075112364316485,0.4575380974261969,8.103622,1.219572,15.0475,70.7298,-128.74099999999999,-37.47,97.00844,51.24635,1,
12.216894129133442,29.195130286279742,39.0502810569462,35.97205641539826,3.6691964677105413,3.6845947660974416,0.7444360721320952,-200.0,nan,nan,nan,nan,nan,nan,nan,0,no_convergence
6.161367777397867,27.393516866324006,10.437653661266868,34.382480234438866,3.166426307501753,37.0856120086791,0.6243711276214421,-200.0,nan,nan,nan,nan,nan,nan,nan,0,no_convergence
39.03852662194982,10.248763266084815,33.23993860694757,17.377804809625474,1.974555475070438,1.4919641288671506,0.6599042042609093,-200.0,nan,nan,nan,nan,nan,nan,nan,0,no_convergence
12.533827574233234,37.58576120653739,31.399472663354846,62.01361208273168,5.502752556639545,23.025114361905512,0.8172974950241096,9.479191,1.21923,14.6988,69.5389,-177.25900000000001,-41.0819,73.81955,51.23464,1,
29.00132329058042,4.850748864241913,29.675164069454308,41.47658723209045,1.61039479341438,7.328084468705359,0.6255889309176241,-200.0,nan,nan,nan,nan,nan,nan,nan,0,no_convergence
34.145865243534764,10.159064000249659,26.47667577645766,65.87397325428175,3.007411169024964,20.315709429015847,0.3840387095931741,9.865301,1.219224,14.40559,71.8328,-138.28500000000003,-44.3452,66.01637,53.29848,1,
12.430843463028491,26.240046514420715,9.994757836148999,69.29957426837984,7.5884351157984575,13.7289843986998,0.3882930744901114,-200.0,nan,nan,nan,nan,nan,nan,nan,0,no_convergence
20.588877576088088,27.092020014953867,18.851885511876613,61.04616007264378,4.071131392977668,15.309877001076778,0.21257799060956986,9.915505,1.219057,14.80031,72.7031,-157.933,-42.5619,51.59718,54.47788,1,
18.06325096787279,35.82151053208882,8.325237002090896,12.271305280407763,3.595664391705811,9.374271813263274,0.38002212817703274,-200.0,nan,nan,nan,nan,nan,nan,nan,0,no_convergence
5.293930396084515,19.93400957247821,15.607245357267072,14.250575682362886,0.44460834343210687,8.542791658750229,0.7995440146161236,-200.0,nan,nan,nan,nan,nan,nan,nan,0,no_convergence
26.269975709988433,24.754846438102543,7.030573912308445,42.61038553471925,0.24950333983959927,15.511392668667657,0.5610687677301323,-200.0,nan,nan,nan,nan,nan,nan,nan,0,no_convergence
28.860831870897094,32.2401035635292,34.71452630092707,85.71263648570763,1.8531696414852588,20.556457733020267,0.3695509864655455,-200.0,nan,nan,nan,nan,nan,nan,nan,0,no_convergence
17.501466238905856,32.18745785210389,4.711213707294252,54.41024418166528,5.239846417057904,6.577575818952734,0.46688453338969016,-200.0,nan,nan,nan,nan,nan,nan,nan,0,no_convergence
25.21593640036546,13.565168579724306,20.265228607749368,83.29766762282999,0.7623012297432145,32.90784903314109,0.6049572215937229,-200.0,nan,nan,nan,nan,nan,nan,nan,0,no_convergence
9.784643987085333,37.677158897438055,33.13676881135183,46.285391061309866,6.037426312207671,22.531452363467867,0.23902565961162414,9.464869,1.219289,15.20012,68.2344,-179.90499999999997,-39.3994,72.39865,49.87747,1,
12.908777765976161,19.564819878682734,18.616776919820584,63.700767588080566,7.122925676303951,25.148472893325557,0.8307156999392042,9.721905,1.21891,14.79713,71.0691,-173.59699999999998,-42.3679,79.93013,53.09578,1,
20.749619008213752,26.506859070318033,7.166040718535102,99.06491782819162,3.444879217342922,13.20962055070596,0.24823453785534674,-200.0,nan,nan,nan,nan,nan,nan,nan,0,no_convergence
21.553676277479553,17.64942284692271,19.66530809795204,22.43858609773092,2.612901947214404,20.693693566234156,0.46416850636113716,8.405444,1.219166,14.53552,70.404,-135.71300000000002,-38.1917,67.10413,51.98337,1,
22.059921732248995,39.272287324394355,16.264744656839767,23.845430215144212,1.7622069705338559,10.505344444566678,0.10520367323635157,-200.0,nan,nan,nan,nan,nan,nan,nan,0,no_convergence
9.289845904683672,7.029490192768072,7.877815437253413,14.731051013355467,7.763224251062507,29.982106300727423,0.6669990480349588,-200.0,nan,nan,nan,nan,nan,nan,nan,0,no_convergence
25.971853579093114,2.6917297916462317,15.739147101192298,98.38148894960689,2.450740336554684,26.266822963921747,0.3955517029535015,8.944291,1.219265,14.36534,71.8334,-133.79000000000002,-41.6412,83.15617,52.77231,1,
26.54411566781168,18.39938892597927,10.891285202581056,87.63072125401865,4.524733510572129,24.00320241941166,0.2756009374388241,10.24479,1.218775,15.52975,75.2644,-152.317,-46.7882,76.62991,57.47035,1,
16.204754542146787,16.551109048481464,7.779817724688274,29.408433269131624,6.236116693138925,38.164461191421545,0.7173798140382955,-200.0,nan,nan,nan,nan,nan,nan,nan,0,no_convergence
5.743273530623122,32.6202301179318,21.50611647519543,49.77022833372292,1.2453081339965952,16.872094959236307,0.4329850141302889,7.116938,1.220365,17.27253,66.9023,-137.257,-27.5119,56.11514,47.24923,1,
30.75698047563824,1.3295524056811914,39.11718922585064,30.939150058362145,4.916810984181725,25.726358394338128,0.29034422124778503,10.82939,1.218966,14.84616,71.8706,-139.774,-47.9538,81.59479,53.80595,1,
27.14560329648915,36.354540300570136,27.26045199092523,26.750923883195938,7.848022888221903,22.141067753002226,0.6120806420544066,-200.0,nan,nan,nan,nan,nan,nan,nan,0,no_convergence
20.245207004476747,25.81132212112092,16.818193906705126,27.23835971373244,2.9015616982535226,2.7753296462065373,0.2580641055234262,-200.0,nan,nan,nan,nan,nan,nan,nan,0,no_convergence
38.8245373341252,8.596677244574481,13.789627657694544,83.70420391771015,2.262059838937201,37.692052158776534,0.12853270732350705,9.185359,1.219086,14.35253,72.7419,-129.848,-44.6571,116.0583,53.85302,1,
7.18225164919703,5.4442052813675295,24.55936746483042,53.150899427809755,0.703101775473248,15.8177993985348,0.5994521642031123,-200.0,nan,nan,nan,nan,nan,nan,nan,0,no_convergence
4.273278273402115,10.112696792582431,28.34867792990871,50.357870419804875,4.699559803971072,27.418242386217788,0.4685246147260711,8.592299,1.21989,18.1139,64.4901,-158.48899999999998,-30.9438,86.48122,45.72328,1,
13.877967839107667,17.567123140736392,14.165786328612105,27.50531927919508,4.187111630150166,8.954924640161426,0.7792913935810447,-200.0,nan,nan,nan,nan,nan,nan,nan,0,no_convergence
4.36106664364501,35.02131460973082,5.121918021755673,50.11209372777098,1.1923905721223467,4.389024548498629,0.6154421742428489,-200.0,nan,nan,nan,nan,nan,nan,nan,0,no_convergence
32.50465962768679,22.704457806805905,9.960386118164932,8.734336174800639,5.011742252980625,37.25645106250687,0.2625976817429111,-200.0,nan,nan,nan,nan,nan,nan,nan,0,no_convergence
14.430851449533279,32.38472572449976,23.94224464980272,39.70528229069163,1.5051460698137344,10.380732097004747,0.3228725867760534,-200.0,nan,nan,nan,nan,nan,nan,nan,0,no_convergence
20.182153446049373,29.896479692280153,21.369259170721694,58.309016814415784,4.574943532010177,24.648806456590787,0.2239877207893384,9.851824,1.218974,14.9107,72.3494,-163.118,-44.6304,78.49211,54.21435,1,
13.817859843408021,16.809428618275604,17.138041145159633,9.344721406947786,3.515207277345008,17.315655762962002,0.7546942383627435,-200.0,nan,nan,nan,nan,nan,nan,nan,0,no_convergence
8.076216015997613,19.84132065660531,31.17921599085147,69.8411750951799,4.794672744168362,8.8731571969258,0.434841216808342,-200.0,nan,nan,nan,nan,nan,nan,nan,0,no_convergence
25.097893272730754,3.313501390987045,15.477089028894484,96.60714326138817,3.419908073608704,12.290666245333155,0.6128760811683754,-200.0,nan,nan,nan,nan,nan,nan,nan,0,no_convergence
5.6066618813633795,39.85117227088535,6.015328762686354,61.61962849123793,4.720858366576903,7.165413733191265,0.23334665658146536,-200.0,nan,nan,nan,nan,nan,nan,nan,0,no_convergence
35.09772534657232,34.200077826004645,2.2524753903550647,60.292216021280375,2.773407869510346,36.7510355063816,0.8016504287026531,-200.0,nan,nan,nan,nan,nan,nan,nan,0,no_convergence
17.07787130473991,9.015782661671457,30.7331099914663,25.93436710918767,3.969228396324876,12.537845952183813,0.8112835846564934,9.25959,1.219194,14.35623,70.7698,-144.368,-39.7412,43.61569,52.41708,1,
6.423502898037997,8.4581433785387,15.329502101832645,45.73232408024227,5.901755454271551,1.3722191773574175,0.6957699941671336,8.08995,1.220022,15.51885,68.4377,-108.26999999999998,-26.4491,11.47057,50.20787,1,
14.159297663626859,18.787785954239943,15.8939303350306,17.671716044693675,6.582312249149227,4.635427074061377,0.16789729730798492,-200.0,nan,nan,nan,nan,nan,nan,nan,0,no_convergence
28.293042359755617,19.383554706329196,17.190529049603924,95.57933733072113,2.5319038196652257,22.28482916257868,0.2982665952601894,9.194735,1.219271,14.3255,71.9973,-140.19299999999998,-41.9206,71.68811,53.04067,1,
11.81305629677323,25.08634812884369,14.631148533288535,20.78178125517419,7.488228523867942,39.10941588516049,0.2090096137700328,-200.0,nan,nan,nan,nan,nan,nan,nan,0,no_convergence
8.792732169262724,9.414761166084054,30.846324221816367,68.81992224172404,2.0545685145992034,35.38142788591371,0.2284175462487105,7.600775,1.220282,17.98392,65.6627,-148.183,-31.8906,109.4208,46.12361,1,
17.964917153911138,31.802305428396743,35.33988591644573,20.68454736035155,1.6939128325717383,32.80617798701533,0.5886819960902344,7.592442,1.219706,16.28808,67.3048,-131.66199999999998,-33.7611,101.9965,48.50177,1,
23.814289761890944,5.576376777431407,39.270894969160466,71.63200093863634,0.8612833116655682,16.518765099727858,0.47597471834287564,-200.0,nan,nan,nan,nan,nan,nan,nan,0,no_convergence
32.984034084900394,18.30438123821952,27.487617203092057,85.82591776126654,6.893777969375512,13.369744469820894,0.8353433720793548,-200.0,nan,nan,nan,nan,nan,nan,nan,0,no_convergence
15.591972607955158,28.429313580718286,6.48069486049654,22.563683346345584,2.028225932142476,11.567149323486468,0.2598095981345795,-200.0,nan,nan,nan,nan,nan,nan,nan,0,no_convergence
2.452964241265161,37.95784978653941,5.310666275870493,64.85024313416537,7.631958787178338,26.764837097708885,0.5145137106579089,-200.0,nan,nan,nan,nan,nan,nan,nan,0,no_convergence
18.699220579344033,15.370618738378514,37.85872923631859,52.20129323251462,6.511708502225605,1.1811144599882955,0.3623464833171838,8.152636,1.220114,15.62199,68.5342,-117.78500000000003,-31.7438,10.92151,50.44241,1,
14.790737245650384,31.48650421342697,34.06726521955694,19.537484020727042,5.490807259173269,5.195260613187982,0.5953218297604275,-200.0,nan,nan,nan,nan,nan,nan,nan,0,no_convergence
28.1955966288156,6.614451644076848,24.892216106336875,18.705739030385697,0.2047851879959659,36.26388722474242,0.4583813801270631,6.435737,1.230267,72.3765,51.8525,-31.314999999999998,-9.70142,112.1057,34.7495,1,
34.712837034204384,12.823499569755962,1.172717850730751,32.76591695559519,0.6331670905051838,9.50792723571396,0.8417557854682313,-200.0,nan,nan,nan,nan,nan,nan,nan,0,no_convergence
26.204537342606642,33.37173794430911,14.696039437458278,60.22674676402661,1.026540454459136,17.694651172597602,0.15225186686846626,-200.0,nan,nan,nan,nan,nan,nan,nan,0,no_convergence
28.931930804223423,31.76330025209565,10.536015687954528,35.64164122194018,5.719278292683314,23.001480021303756,0.6896938830760524,-200.0,nan,nan,nan,nan,nan,nan,nan,0,no_convergence
16.556163311900214,24.547467808022663,23.196811500366806,9.530548371426114,2.1665642215202645,10.281247725660748,0.5742108054215638,-200.0,nan,nan,nan,nan,nan,nan,nan,0,no_convergence
20.374829629066536,5.056724096720611,3.3851467585432418,36.168454701606024,7.614300813186249,24.187558746049586,0.13687345622140587,-200.0,nan,nan,nan,nan,nan,nan,nan,0,no_convergence
9.656944027810654,35.21955077878472,10.32498946418228,86.01714687616085,5.140200672189159,39.476117658597765,0.2726598651546499,8.904452,1.21884,14.49466,70.9683,-171.163,-40.5868,121.1928,52.68161,1,
24.88411271521454,19.285535472331123,19.607060683901857,79.98745595339753,2.5130715713452427,4.9839494724822355,0.21199025159564172,-200.0,nan,nan,nan,nan,nan,nan,nan,0,no_convergence
26.880423715243555,34.486114980944485,35.388971242002924,52.77246431854007,1.9508076161651817,1.4038830411005752,0.4147011114904472,-200.0,nan,nan,nan,nan,nan,nan,nan,0,no_convergence
20.094961358444184,18.04182244490417,33.21021127789692,28.549539929884727,2.2883646030295344,12.102492243563058,0.5395961432861051,-200.0,nan,nan,nan,nan,nan,nan,nan,0,no_convergence
6.3100553161387145,13.131913403645681,4.365598306500244,30.677604056789967,5.70154158308871,19.529980384344324,0.8275026735503839,-200.0,nan,nan,nan,nan,nan,nan,nan,0,no_convergence
39.53008932771126,23.572785922617342,22.649949262483165,96.38677744608758,7.71148281111164,26.168464006555528,0.1355168896306588,12.27595,1.218741,15.71418,74.8891,-170.18,-49.7375,82.86538,57.55435,1,
28.54583272627694,4.464853094491914,2.6297759198883357,88.29459560846917,5.0503643533399325,2.5222795338532116,0.12061662907058424,-200.0,nan,nan,nan,nan,nan,nan,nan,0,no_convergence
12.879066399235905,7.343309026796878,39.81773051637521,60.89854312612981,0.898868312546767,17.107812434488846,0.3130222509615133,7.203085,1.220458,16.68524,68.3915,-120.959,-29.5586,56.79535,48.32782,1,
29.20244075480447,20.172580665711777,33.95343197406546,80.43412364804665,6.62676281281585,29.510051046556104,0.34068702754986024,11.31397,1.218923,15.19474,72.4688,-167.207,-48.3502,92.49176,54.63412,1,
23.603173022491355,34.602150057528846,4.30884091826378,78.2470115521458,3.229307356498855,10.709705118950108,0.8365024789006946,-200.0,nan,nan,nan,nan,nan,nan,nan,0,no_convergence
27.586068065812363,9.112750436449144,5.561088206366787,59.74333446871959,4.65881097874843,11.364342211117092,0.4791743111560628,-200.0,nan,nan,nan,nan,nan,nan,nan,0,no_convergence
38.72898244882646,2.8384062801169527,14.742493473025897,44.26698305963274,2.241738598444355,6.153014771528514,0.7917406060335778,-200.0,nan,nan,nan,nan,nan,nan,nan,0,no_convergence
20.015562511172515,3.485410085292681,6.384221709325241,48.060865980159406,6.997383143067165,11.683855163118453,0.7379511329393804,-200.0,nan,nan,nan,nan,nan,nan,nan,0,no_convergence
16.982228841945002,26.118895535744393,38.028894787272996,70.6614418113296,5.2533279363612255,7.859292021659485,0.7045177727090315,-200.0,nan,nan,nan,nan,nan,nan,nan,0,no_convergence
3.6532980416906615,29.580932847836333,20.552428866309292,43.25191286410528,4.8229516717050736,14.215960484591267,0.8197744336927344,-200.0,nan,nan,nan,nan,nan,nan,nan,0,no_convergence
31.88123304733523,6.376358370382143,29.91924170835131,76.12998847503054,1.4806901880845553,3.8745262235693767,0.8226287755334531,-200.0,nan,nan,nan,nan,nan,nan,nan,0,no_convergence
23.21061866097335,37.809642022859144,3.209853483178703,25.97353687572837,1.0125408354619858,25.86521070644869,0.4970792343709408,7.413611,1.219016,14.24398,72.3425,-113.87299999999999,-35.5103,81.99596,53.55784,1,
18.160651805757897,16.254093092916097,17.966036070617363,95.79131723671787,6.905377788432992,6.083270273201706,0.6996665675149824,-200.0,nan,nan,nan,nan,nan,nan,nan,0,no_convergence
19.182910970228214,11.88010790040457,36.502819025225435,79.84597058957738,2.490792895562817,9.630659624475198,0.5073164510558787,-200.0,nan,nan,nan,nan,nan,nan,nan,0,no_convergence
17.865929440336746,23.737433355822684,26.430213525724763,19.71418820489614,3.7232630737899357,39.79792525259329,0.7845726410307579,-200.0,nan,nan,nan,nan,nan,nan,nan,0,no_convergence
33.81827384997418,14.877099932912024,32.62083832644382,52.24143234989625,5.475089800351565,10.564046480199243,0.37854524576593995,-200.0,nan,nan,nan,nan,nan,nan,nan,0,no_convergence
10.280670280471103,25.409527403118112,17.54045180291357,74.18262562003872,4.770372725220584,21.69066496455572,0.11600135230265354,9.119284,1.219154,14.4611,70.4651,-167.841,-38.8339,69.97525,52.06533,1,
19.767958404614767,21.46979588808952,12.32973181408976,90.02890519932438,6.192022903795009,16.077799401039123,0.49512306032374775,9.979404,1.218833,15.49918,74.2507,-165.71300000000002,-43.3393,53.80558,56.64106,1,
19.425312640257467,26.43216331184267,21.984031191124515,33.16076734192544,3.82554113144562,22.73602121856183,0.3351328998576226,9.218835,1.219013,14.61689,71.7158,-155.46699999999998,-42.4958,72.98384,53.43503,1,
6.9813175841541835,28.024333542277255,36.12802453585956,88.33255043882896,6.290525626963074,14.165422177714804,0.5834165137732094,-200.0,nan,nan,nan,nan,nan,nan,nan,0,no_convergence
21.39579836728139,24.500941884314983,9.038630880225941,13.335882649980928,6.662011433023326,31.84825353741844,0.2872453411680933,-200.0,nan,nan,nan,nan,nan,nan,nan,0,no_convergence
11.273426406066825,17.063663503699555,26.865967743315874,64.33603448490481,0.22649022041811956,33.469594490727296,0.7171339946306702,6.600731,1.228469,40.93787,55.6928,-91.20999999999998,-21.2368,104.0323,36.83852,1,
1.208741693292215,11.807287323728971,32.31605472596888,94.90057518352846,3.6301127734381837,13.28817226553653,0.37426628847195087,9.344833,1.222513,26.72092,59.4726,-118.48000000000002,-20.2355,45.82427,39.95957,1,
23.302569643705368,37.344803897755625,2.7271849839808526,15.739028802944485,1.0690512551014402,35.99739633188987,0.35283403239050826,-200.0,nan,nan,nan,nan,nan,nan,nan,0,no_convergence
21.306914985491634,5.976723059550609,11.2043577798189,20.422401085920868,3.2778011172366472,5.430830507341062,0.8006400897004741,-200.0,nan,nan,nan,nan,nan,nan,nan,0,no_convergence
24.774729769631058,13.249608555307425,34.291440741902335,24.728458202681573,3.0275038334625464,24.502037704440184,0.201842818962231,8.877046,1.21921,14.60956,70.1938,-138.199,-40.5646,78.07279,51.75207,1,
33.862996274364036,2.4942492467588346,13.710816741700235,89.4773782663555,7.030841596726571,23.20803439715273,0.6926803952481217,11.43102,1.218705,15.91854,75.2559,-150.30399999999997,-48.067,74.16112,62.22496,1,
30.10963737611384,32.90043100818711,37.7089077244814,86.29255782431875,4.139036306765229,25.634650899898613,0.38546096205442637,10.39965,1.219147,14.70477,72.2173,-159.09699999999998,-46.6559,81.33383,53.79383,1,
2.827977091057464,37.174478400683626,17.6927016010254,12.331031967494274,1.2033549362681057,30.80111443759041,0.5025843611825145,6.713147,1.220503,20.38404,62.6995,-119.29000000000002,-26.4247,96.2327,43.66177,1,
36.42752000458645,19.608037898133997,11.69489000552696,49.95068139051657,0.8533009436359246,19.862946879069582,0.7576436419579404,7.66647,1.219621,14.97236,71.2286,-105.37099999999998,-34.4541,64.7181,51.60521,1,
10.547685628336453,11.601110988169433,38.258003982589756,21.40319192086132,1.7481857973622767,5.626994653192715,0.7357967994243433,-200.0,nan,nan,nan,nan,nan,nan,nan,0,no_convergence
26.66123498235788,6.29432962888525,11.62151110902995,45.47625172154745,7.778356931150832,27.868432296880865,0.3910508823392379,-200.0,nan,nan,nan,nan,nan,nan,nan,0,no_convergence
7.921537023662699,34.34638431983037,10.474840196066333,29.759520611364756,1.673606849244257,25.486820105106013,0.24444239884455635,7.23796,1.219524,15.9476,67.9697,-144.21499999999997,-31.3029,80.91347,49.0208,1,
3.4608077560307016,11.246978826496159,34.05617922072743,67.5059748652163,1.3781122304427558,23.35606572901854,0.42420094769875316,7.129148,1.221435,20.82498,63.5816,-135.18900000000002,-25.3972,74.80433,43.52572,1,
15.903807189994781,23.05425447077047,28.77485205728255,72.68244399746902,2.558103860532733,3.911944794478103,0.5896574321232088,-200.0,nan,nan,nan,nan,nan,nan,nan,0,no_convergence
8.643833889013994,38.91556449135111,12.907836051652968,81.56416229426806,2.432595581493788,36.05493227537279,0.6631746082715271,7.863266,1.219514,15.86325,68.4905,-158.05200000000002,-33.6707,111.3495,49.19092,1,
26.33741705240587,20.226653554868033,6.780544766060828,49.40374010694687,2.7319761969987644,29.745750715871853,0.3868982264253813,8.888301,1.218782,15.18655,74.1924,-138.442,-43.7891,93.16854,56.0478,1,
1.6681254269564851,6.674599648615111,34.95863618012355,33.41171534219808,5.772726878361536,3.0212026979499327,0.4253422325710611,-200.0,nan,nan,nan,nan,nan,nan,nan,0,no_convergence
37.5234662221184,11.11688743969443,29.392523165787683,26.28855828123063,6.970874131613527,38.054732039795894,0.47756926243705655,-200.0,nan,nan,nan,nan,nan,nan,nan,0,no_convergence
19.31823481031789,14.995013098947204,4.769643293088013,69.27015853041584,5.658685675157147,5.050944698426879,0.8511173456762806,-200.0,nan,nan,nan,nan,nan,nan,nan,0,no_convergence
35.97566456039216,16.110008371490206,30.150164264913155,49.246408361117254,1.1530974640633884,12.356916123583796,0.23170320876633568,-200.0,nan,nan,nan,nan,nan,nan,nan,0,no_convergence
16.500103654882984,1.2825630031047215,1.771538645721931,27.824598336365916,5.5500902633435105,21.782185665311363,0.6710745775087034,-200.0,nan,nan,nan,nan,nan,nan,nan,0,no_convergence
32.05240308161592,24.63005654402678,21.89132215572802,82.989504900637,4.12203779920681,19.967785118125907,0.627773985196524,10.62694,1.218995,15.06457,73.7069,-152.916,-46.6548,65.01107,55.53239,1,
27.37122566337429,2.42361928630981,37.33476419616357,37.165401247132735,6.398970143898957,31.952362558609952,0.5034703190889888,-200.0,nan,nan,nan,nan,nan,nan,nan,0,no_convergence
16.776966066192365,18.50162048132458,9.553213795633887,75.18243713817586,0.5300755881649329,32.936911808659445,0.5236022757030163,7.00639,1.220272,16.83182,68.9396,-118.74000000000001,-32.507,102.3806,48.54503,1,
19.001515275309718,17.791738080547944,24.39045128269684,80.26574405600748,4.403377536907354,17.626947010308427,0.7236686255216709,9.778244,1.21914,14.72474,72.0011,-158.11399999999998,-42.4386,58.27153,53.6809,1,
33.19057613601386,14.372686630316787,17.413945339571605,54.07318792202871,2.724130278070248,33.263412004340616,0.3039715881374422,9.251462,1.219031,14.67136,72.4161,-135.87099999999998,-44.5317,103.303,53.9647,1,
14.958578152920952,13.40268079864159,32.72539314132273,83.88139545974819,6.102889452492505,12.489400972717375,0.3361039161027284,-200.0,nan,nan,nan,nan,nan,nan,nan,0,no_convergence
3.0433209043369525,14.69969094211721,28.8195380977945,8.636198336516689,6.709863066731952,34.054277686836556,0.30920178204202436,-200.0,nan,nan,nan,nan,nan,nan,nan,0,no_convergence
25.427833959414144,11.180988991907514,11.292855920114041,93.7137988973048,2.9170496158457593,35.17378176351417,0.19730477690789983,9.111366,1.218951,14.87618,73.4932,-140.707,-44.5633,108.8037,54.84924,1,
13.690022173989776,19.740592933084425,38.95778965212674,38.22882229204116,1.2187833682762355,28.5102726268187,0.7068094476041372,7.284151,1.220101,16.60071,67.6288,-131.471,-32.1755,89.62931,48.26488,1,
37.256000683341256,34.82094585882506,9.193423977437496,83.50629193145947,0.737329670301744,6.208659310968801,0.8516891058973897,-200.0,nan,nan,nan,nan,nan,nan,nan,0,no_convergence
30.550939323482254,9.807754248280515,6.222104412653214,49.14142342072201,2.866674219951896,26.07065123837885,0.29468244311296987,-200.0,nan,nan,nan,nan,nan,nan,nan,0,no_convergence
35.402011888594565,22.264952046705805,26.27881713559506,46.589724332384556,3.676440945474484,8.300112250972472,0.5210496179389882,-200.0,nan,nan,nan,nan,nan,nan,nan,0,no_convergence
31.666577669014156,10.503960989215136,30.194735401060036,34.086245637877504,2.1788163059351207,32.60365332860715,0.14087517240355998,8.596539,1.219388,15.11439,69.4854,-128.039,-38.9237,101.408,50.79809,1,
26.50333190418856,20.52171988397363,23.92377173948399,29.258225592455315,1.5783946308882677,9.247329619759368,0.6441926908442852,-200.0,nan,nan,nan,nan,nan,nan,nan,0,no_convergence
11.736202775298992,15.590721589118372,5.195353871249622,33.78844115822338,5.0680295805127455,20.182357039942783,0.39884662633171664,-200.0,nan,nan,nan,nan,nan,nan,nan,0,no_convergence
19.668596311534145,29.32135438594368,5.757432326028176,45.07163683894766,6.683496716812962,32.10300446361478,0.6804073848270915,-200.0,nan,nan,nan,nan,nan,nan,nan,0,no_convergence
29.989049234938836,24.83172294793414,34.56735219897812,16.07444121770039,1.8122863161380143,21.831123754160817,0.7509033025108774,8.144049,1.219562,15.69863,68.2491,-116.25799999999998,-34.9814,70.39037,49.60345,1,
27.280120710355916,12.593357896921578,13.6125563174384,43.189909683123446,4.270879581174972,33.91514044385348,0.7965026900892987,-200.0,nan,nan,nan,nan,nan,nan,nan,0,no_convergence
15.795528279452764,18.164989163707222,2.8860872595846585,82.01488306076287,2.3976903505159415,24.394627084845872,0.2611541428611569,-200.0,nan,nan,nan,nan,nan,nan,nan,0,no_convergence
30.614217549315406,20.846370984192923,19.41437036550595,68.72527135859039,5.007960634606305,27.93408349712748,0.4225514225181276,10.86415,1.218822,15.40981,74.1308,-156.39,-48.7201,87.95151,56.34997,1,
4.7387351853673625,19.21424338054681,32.19811938486251,31.05946052480796,5.926978710488636,14.79000797039201,0.5934834516749897,9.336338,1.219686,16.87469,65.5203,-163.25799999999998,-32.0089,50.10898,46.93716,1,
8.322408579319228,22.075937478053675,31.990361736050872,53.41347096399882,1.4900811629823085,30.89718477191619,0.6087643706562071,7.276577,1.220348,17.68497,66.1979,-144.812,-30.7624,96.5072,46.61464,1,
8.246514097691513,16.3713644502243,30.66846813282186,65.20035483202949,4.597986924065544,20.857200867610256,0.7739743902644796,8.992412,1.219526,15.65934,68.0352,-164.252,-36.2972,67.58019,49.39973,1,
2.367371713694981,2.2529234420146715,22.720820092510383,34.85175418687612,7.893112668079152,19.49740817451529,0.4027022005368085,-200.0,nan,nan,nan,nan,nan,nan,nan,0,no_convergence
20.804860310372266,33.56928781560284,15.02027619345157,31.247428062387907,3.2349789543999723,30.77568600916105,0.6590833474210733,-200.0,nan,nan,nan,nan,nan,nan,nan,0,no_convergence
12.10570471095144,12.352498393771027,31.799258319267977,81.73073479385137,3.185044956739059,13.559660898529902,0.1727712080164967,-200.0,nan,nan,nan,nan,nan,nan,nan,0,no_convergence
20.486371438609574,1.8407111929647473,10.933805704719868,42.873667143060906,0.4737644135758513,5.702201521602156,0.46260121700629975,-200.0,nan,nan,nan,nan,nan,nan,nan,0,no_convergence
1.5822177119110217,1.5531777152818753,23.7953826127381,59.07395309025293,5.277129585933142,20.39767556911233,0.6335704840786318,9.622702,1.220937,19.56768,60.2469,-128.20100000000002,-23.881,66.22758,42.63306,1,
7.292026505548007,1.1276193168087607,8.588587099316285,92.79763467260113,7.329727036557094,23.11152972471936,0.8599552014182259,5.56297,1.225173,50.3726,51.5604,-53.224999999999994,-14.9426,61.25458,42.30797,1,
31.603050930944352,27.549676011719686,11.762854769333398,78.41436889553523,2.684325020462342,3.6400779896583972,0.6559490660643028,-200.0,nan,nan,nan,nan,nan,nan,nan,0,no_convergence
18.42615010392941,18.2523973185486,1.6734775256978551,76.44490907758758,6.4722694991100385,2.0115428673114666,0.30661904442219756,-200.0,nan,nan,nan,nan,nan,nan,nan,0,no_convergence
7.098702210117503,28.818864039542298,22.628299055411954,39.53435069516955,1.6664868661211705,36.31112778069941,0.8587041737778836,7.209758,1.22014,17.86184,65.5551,-147.76299999999998,-30.7961,112.1004,46.21782,1,
2.717095615841317,3.050121437525541,27.84513498159462,69.80387322861105,7.509511542240828,1.1076227539898873,0.7018590534870559,7.672404,1.220985,17.65589,65.1535,-74.112,-22.1528,10.72235,46.68715,1,
26.082448603625295,17.51613440175545,12.36871150353279,64.03775359798925,1.2962123154476939,14.783715160671672,0.6069292656978549,-200.0,nan,nan,nan,nan,nan,nan,nan,0,no_convergence
31.149940069163073,16.20801537673929,7.17906057822227,57.50038130715273,2.1120016903163834,4.1585191215294826,0.7756029461297476,-200.0,nan,nan,nan,nan,nan,nan,nan,0,no_convergence
38.088722258714334,10.660550766577947,12.436449135602436,46.94486263555335,4.282734195802865,17.793812615784454,0.20342908410385777,11.20658,1.218775,15.47008,75.3256,-140.62599999999998,-48.9017,58.74687,57.70853,1,
38.11611229495102,15.495721673323384,34.604544690576425,99.8473408698716,2.2201755615981726,32.64656332660995,0.29276343515938674,-200.0,nan,nan,nan,nan,nan,nan,nan,0,no_convergence
25.351173785894943,38.676703077126994,30.90979940433489,78.43848251785053,0.8279291737836457,23.637558232118746,0.3443098999262514,-200.0,nan,nan,nan,nan,nan,nan,nan,0,no_convergence
9.062166975257817,15.999406626991062,18.230189731108496,94.49551765777733,0.34430557039281007,27.4317774341102,0.25279447722922554,6.812562,1.222583,26.06999,63.4538,-112.79000000000002,-27.9904,86.55885,43.3255,1,
4.69538596830999,31.233014676712532,3.1603970696449717,46.23984844822754,5.935377694823316,15.701496085101358,0.3465665162434484,-200.0,nan,nan,nan,nan,nan,nan,nan,0,no_convergence
2.5782659203692795,18.107580191871374,13.375098881655163,48.69820266164221,0.6217981348805603,20.923695124184203,0.6532494345691227,6.713346,1.221318,20.24142,64.8498,-111.56700000000001,-26.1454,67.79743,44.57051,1,
37.46003363250193,31.5949942161455,4.168725965156254,40.20172430126706,0.6636501784536603,8.84542248130287,0.4158135965792218,-200.0,nan,nan,nan,nan,nan,nan,nan,0,no_convergence
15.698347062563565,32.6876821582637,12.670338304887432,21.854350445327867,4.308912823079279,28.893460732371956,0.4283501483470886,-200.0,nan,nan,nan,nan,nan,nan,nan,0,no_convergence
14.724697303541022,12.53279845661865,8.19455339417576,71.97016482818273,6.37299462442027,7.087483301879235,0.8535781001057478,-200.0,nan,nan,nan,nan,nan,nan,nan,0,no_convergence
30.70575970889968,29.846896171730133,31.3480290858691,77.86010527117882,4.932118811081364,35.92216977487645,0.5979078188721051,10.7236,1.21895,15.08501,72.7337,-160.82600000000002,-48.8562,110.959,54.6665,1,
10.717512382184122,23.512608029112666,18.819026590506418,47.03397947815681,7.800201444566842,4.467525792999048,0.826201071286439,-200.0,nan,nan,nan,nan,nan,nan,nan,0,no_convergence
34.443122922958544,27.955722800386688,15.274130285682906,55.05805288833923,6.452675063075067,24.81484906435484,0.8653319403435031,11.9363,1.218668,15.78972,75.5022,-165.303,-50.3697,78.96587,58.21968,1,
35.30230401318724,30.067926310897526,25.710636869271195,54.56539317099021,5.565666548893286,39.40536414116939,0.3550576864802232,-200.0,nan,nan,nan,nan,nan,nan,nan,0,no_convergence
27.721393083172448,7.542912511315502,5.6873979448786525,88.96969309859031,6.818746386947204,25.2800434562869,0.7931181678561092,-200.0,nan,nan,nan,nan,nan,nan,nan,0,no_convergence
15.275290468859636,28.353284433236755,37.26197699663848,82.77065768800693,5.039285461191385,29.802371400608973,0.1761100634290465,9.513324,1.219281,14.7628,69.6955,-169.33100000000002,-42.6488,93.33877,51.25027,1,
20.93956665919952,35.31619279169766,37.915805183369706,25.266765049505906,3.086598741665162,10.304544505822799,0.6388991797029149,-200.0,nan,nan,nan,nan,nan,nan,nan,0,no_convergence
22.80705341732048,9.320379870001409,2.06802678613088,80.949300707703,1.7921552002747214,34.60902487070276,0.17809230107452448,-200.0,nan,nan,nan,nan,nan,nan,nan,0,no_convergence
32.300617511672186,33.0529425382632,29.48624769134407,88.84726889093636,1.9348734809269073,36.827820212272556,0.6205427995654723,-200.0,nan,nan,nan,nan,nan,nan,nan,0,no_convergence
31.744697518873373,33.480731470147205,3.5382762626744335,99.66657648251041,2.979571934807849,29.68928109171612,0.769716220011852,9.606658,1.218599,15.78067,77.2709,-143.20800000000003,-47.3497,93.00328,59.34107,1,
4.623533852908352,5.8645315033258045,25.37655864547474,20.009488856942745,2.191776814514731,18.9538756884043,0.8936266174263315,7.191906,1.220239,18.74447,64.0235,-135.863,-27.3073,62.10875,45.04313,1,
12.758773101551435,2.584612470217599,1.10919560919004,47.2745354361123,5.1622033363634525,8.055140586048047,0.23992851712425078,-200.0,nan,nan,nan,nan,nan,nan,nan,0,no_convergence
17.78628766138044,1.6535421024393915,27.052936624221303,52.52703877079042,4.872189465078329,34.99742003122307,0.4736819420275503,-200.0,nan,nan,nan,nan,nan,nan,nan,0,no_convergence
19.506491507442917,15.230951726066106,15.204501649154722,21.649680671623834,6.941343350211583,35.45746164793267,0.5298698512354879,-200.0,nan,nan,nan,nan,nan,nan,nan,0,no_convergence
26.01318001646236,9.942182717371779,15.11518618994358,58.96154942857404,5.791957817728899,33.10148718648015,0.640986333208796,-200.0,nan,nan,nan,nan,nan,nan,nan,0,no_convergence
18.510743741521882,19.974661039649344,2.4690040543970135,30.49522790290443,3.872355482333733,11.074112772880245,0.8037811036342173,-200.0,nan,nan,nan,nan,nan,nan,nan,0,no_convergence
3.961818281439266,13.09970653103663,20.754513481608473,56.488193943190424,3.7408261729351997,24.719740450918973,0.8995741620218243,8.251376,1.219946,18.00875,65.0678,-155.69299999999998,-28.8194,78.71018,46.09308,1,
20.723753934958214,25.559568661623516,17.067493394741533,39.27924762530306,4.517646092321849,3.576396409482174,0.8336127543686774,-200.0,nan,nan,nan,nan,nan,nan,nan,0,no_convergence
21.824293208036558,8.654144999511917,22.50739651833802,68.45233511852629,4.884674348406072,2.842840670443517,0.1377679761774549,-200.0,nan,nan,nan,nan,nan,nan,nan,0,no_convergence
18.772755058143666,11.01103971068749,19.34463283769403,65.82283656821261,0.7758389517206135,16.15621186898104,0.21588416466818125,-200.0,nan,nan,nan,nan,nan,nan,nan,0,no_convergence
29.895612914082363,6.558064083330451,23.32643195155503,47.5297614946238,1.6368615900155283,11.923121691006584,0.35966705113709707,-200.0,nan,nan,nan,nan,nan,nan,nan,0,no_convergence
21.638994411801733,29.05428631565788,34.18854907204195,62.35962814027454,7.466190414772652,22.439382633822454,0.1219244305129088,10.86213,1.218981,14.9305,71.3898,-177.34699999999998,-45.8137,72.12906,53.4768,1,
12.417994220236848,18.577807593780072,13.281868131490453,57.27778217938652,7.926927883170561,5.528423652452605,0.8058325339990694,-200.0,nan,nan,nan,nan,nan,nan,nan,0,no_convergence
13.383383108007498,10.383146937878319,5.613136215487453,97.77276490760805,7.087394849489873,17.28359798555724,0.2141371100957538,9.409453,1.218662,15.69033,75.0674,-160.938,-40.7988,57.27582,57.69623,1,
29.308639006595072,36.50608425207961,24.26096988480695,15.685788340976746,2.760015611371027,33.855916565296596,0.4852450705559693,-200.0,nan,nan,nan,nan,nan,nan,nan,0,no_convergence
16.11123741725513,30.639473317190014,25.81951200363838,84.76850819605625,5.982439820907819,1.844511934241472,0.20004613020426484,-200.0,nan,nan,nan,nan,nan,nan,nan,0,no_convergence
10.979370486672984,24.966718262264838,18.977741412939405,38.80514644015764,3.4864527923054855,18.487652295215163,0.5317899851789456,8.494335,1.219244,14.75331,69.964,-160.06099999999998,-36.0974,60.75185,51.42971,1,
5.091359012965639,9.62239901109794,30.620434833743147,55.63898719297127,5.4352713920169045,17.015590014181903,0.8839072633988964,-200.0,nan,nan,nan,nan,nan,nan,nan,0,no_convergence
29.062121049770425,4.784304262764188,24.74709459451459,48.208389252912326,7.7290228152857585,18.382415107617035,0.5734259229787704,12.06127,1.218808,15.43982,73.4552,-158.149,-47.8764,60.44247,55.84365,1,
29.608280103837583,33.97911887449396,20.03048207329922,64.65120233853867,1.5931581645012485,17.207504090208687,0.1884417884061969,-200.0,nan,nan,nan,nan,nan,nan,nan,0,no_convergence
24.52143516504221,36.90242050404125,5.37457894579237,41.875120010935106,4.023532934609684,7.180929964655619,0.5865470400200338,-200.0,nan,nan,nan,nan,nan,nan,nan,0,no_convergence
39.23983605479185,34.10952504119457,32.546799983728704,17.291665178753117,3.203046991773525,7.984669736565437,0.8462837091765264,-200.0,nan,nan,nan,nan,nan,nan,nan,0,no_convergence
24.59308835808862,25.03194690085902,13.467345281143759,36.70746651137149,5.809339925844954,4.883651983464563,0.7135816827678173,-200.0,nan,nan,nan,nan,nan,nan,nan,0,no_convergence
31.19832452917609,18.9557221679161,27.316000812197476,42.41489603957837,2.890548067833618,11.502953670322839,0.4486288976390508,-200.0,nan,nan,nan,nan,nan,nan,nan,0,no_convergence
18.92997624439024,2.106531425991204,13.01560853153485,32.52794520680817,2.1143149034828728,16.922814345151835,0.21803811605220602,8.053561,1.219339,14.95097,69.8341,-124.68299999999999,-35.218,56.24647,51.19033,1,
23.737144848891276,23.933801937624686,20.957849809970433,92.03136830861047,1.828418156199885,35.35339179707483,0.7097005051670319,8.206804,1.219574,15.22141,70.1817,-139.39499999999998,-38.2237,109.3341,50.6226,1,
22.370321422807688,19.67601734906441,38.8732052982572,11.83263752935704,4.558451354539565,11.321432567925013,0.6019116473765596,-200.0,nan,nan,nan,nan,nan,nan,nan,0,no_convergence
13.518677434149028,3.568602926655549,37.171583752659714,67.18204367482618,6.301838692333812,16.56737219573447,0.7524269748836546,9.888574,1.219286,14.51421,69.5535,-155.69600000000003,-40.6429,55.21995,51.39095,1,
10.010200212248968,9.21582462318996,30.97432770049321,89.21244994859634,6.450082662388508,35.705338065432606,0.5430130719049391,9.253954,1.219288,15.38901,67.9507,-164.8,-40.4693,110.3394,49.58131,1,
39.58101954454487,31.66132872858529,10.795009883200118,93.00857880029764,6.536899254489764,25.774778214401575,0.5711481228729589,-200.0,nan,nan,nan,nan,nan,nan,nan,0,no_convergence
1.34610482465279,3.2211378379689144,2.3332199820925785,42.185407222204134,7.633460332596856,25.317812143354022,0.48153752654154036,-200.0,nan,nan,nan,nan,nan,nan,nan,0,no_convergence
10.599428037999608,13.818238328830054,32.43384151584971,26.430933644692658,2.006655805710853,30.362806748986806,0.857402499887489,7.459733,1.219945,17.34306,65.7994,-142.055,-32.1472,94.96235,46.83363,1,
18.27928888531033,8.065915096543357,3.7064560476267348,27.174770802441675,1.406307373910608,33.798498832152774,0.4907048674835438,-200.0,nan,nan,nan,nan,nan,nan,nan,0,no_convergence
13.022407383422994,1.2076642883030075,27.89286795589789,47.67374297226507,4.978442643944483,6.9960491354456575,0.4108263614985682,-200.0,nan,nan,nan,nan,nan,nan,nan,0,no_convergence
11.663997512782316,12.90665887654397,39.354573117942195,79.66203638811896,7.739894820727008,34.32703342942463,0.3403549071764901,-200.0,nan,nan,nan,nan,nan,nan,nan,0,no_convergence
15.36279832671643,35.995054013988046,32.502132049858545,65.39966937617018,0.5690851373479888,27.21192374311222,0.1870055260478837,-200.0,nan,nan,nan,nan,nan,nan,nan,0,no_convergence
35.91740529091881,30.305556541444467,7.597950245422742,23.36616943502915,7.162445532335297,38.46290819830827,0.6569296525062975,-200.0,nan,nan,nan,nan,nan,nan,nan,0,no_convergence
14.262093076787252,10.688216044216936,23.75131409421032,64.51788374892128,2.7904897851721397,14.046316434716728,0.23543772948840877,8.65153,1.219557,15.16199,69.6723,-145.291,-35.2409,47.96528,50.83115,1,
25.754643945232903,27.312814894005037,22.96068260134111,95.47903418236217,4.80366043416274,24.551016247782,0.8130167816569364,10.22095,1.218976,15.13938,73.2097,-161.20999999999998,-46.2174,78.2105,55.10907,1,
36.043723192120666,17.921719776528082,36.361549903262045,94.69656039259506,1.328604065566564,7.2605619089120585,0.14968892055047187,-200.0,nan,nan,nan,nan,nan,nan,nan,0,no_convergence
39.855328040262876,10.004970005196784,9.432060069772374,75.64407299977536,4.236816325662409,34.11525994410978,0.15657584061100627,-200.0,nan,nan,nan,nan,nan,nan,nan,0,no_convergence
7.949109932422296,11.54681321599616,23.6120057012558,66.96791260002524,1.8428573054721342,30.1320022700402,0.8681388657739193,7.478044,1.220229,17.55259,66.2734,-146.24900000000002,-30.8839,94.31462,46.60156,1,
7.812835192043203,39.342399414787266,33.86996575554405,88.63192319986541,7.368797811000754,19.91573358320427,0.266532171740769,8.700026,1.21951,15.79373,67.1473,-183.43599999999998,-37.4711,64.86854,48.79949,1,
8.474130017105605,7.420661080386685,36.25072920733733,74.08149108572235,7.13819996748053,30.56246914562487,0.2458471239902937,9.353159,1.219417,15.96888,66.7556,-164.43599999999998,-38.9729,95.5298,48.37859,1,
34.99175453820407,10.543961087383918,28.088790177493237,48.47831324008214,2.823871910499089,17.999205798555437,0.11355970328581003,9.6681,1.219278,14.41986,71.1683,-134.30900000000003,-43.1037,59.3456,52.6853,1,
19.237170828435936,36.0745188295325,13.937809735169894,66.30696217019498,6.259199459635253,31.39605755950232,0.8919385222025547,-200.0,nan,nan,nan,nan,nan,nan,nan,0,no_convergence
8.567723629221957,25.25981201659313,8.816310579494825,39.123601256105204,7.886801356220127,22.861806413295238,0.3712205846902965,-200.0,nan,nan,nan,nan,nan,nan,nan,0,no_convergence
10.089070300360019,1.036427589407931,7.492375825332518,55.239387168408555,3.0330470020226676,34.7635358112162,0.7830441939926568,-200.0,nan,nan,nan,nan,nan,nan,nan,0,no_convergence
5.9204524038237105,23.42253895996165,29.8168027168953,33.66121457011941,1.0771440001271173,28.468381429109048,0.405939128027336,6.944225,1.220453,17.86222,65.9484,-131.3,-29.1882,89.51371,46.41195,1,
2.1645888337607646,15.892237800467926,3.9745955311318157,11.313588881390793,1.3709165664285479,14.615516020145277,0.45439838147830924,-200.0,nan,nan,nan,nan,nan,nan,nan,0,no_convergence
14.050244496286547,24.253470694476547,25.112556711490694,36.81444887445379,7.265923886959209,35.85386510450654,0.4411281579902687,-200.0,nan,nan,nan,nan,nan,nan,nan,0,no_convergence
17.626176914865663,29.395023337186394,16.84472489077548,13.464081298593225,4.050476106344553,18.69099662924886,0.8667456704647821,8.893065,1.218841,14.8278,72.2709,-151.44099999999997,-41.6029,61.33171,54.06672,1,
28.115332962910728,2.3534772124816716,18.941568451333804,16.480774778565184,7.908827819564864,5.3304553831698716,0.6831260880017884,-200.0,nan,nan,nan,nan,nan,nan,nan,0,no_convergence
14.389553877186241,14.42642220205469,25.243590040686147,28.18462224030532,7.234399778267811,2.160299267392679,0.6979522240367018,-200.0,nan,nan,nan,nan,nan,nan,nan,0,no_convergence
33.04674768306892,7.312286746053935,38.42607422783842,23.66082327974798,5.893421174926688,28.633782837944068,0.6653749886225078,11.46577,1.218828,15.14122,72.4456,-148.459,-49.8302,89.96665,54.49867,1,
35.539560486565236,3.8558931237816427,22.23218922724689,77.99086019215045,7.098670421381595,19.139368182571932,0.28395670016931374,12.03423,1.218809,15.57904,74.3643,-154.762,-48.2022,62.62254,56.9075,1,
33.2307584721881,39.70256840339796,13.997041498165988,91.20509626937978,4.544808734214852,6.385544300288696,0.33135792006130954,-200.0,nan,nan,nan,nan,nan,nan,nan,0,no_convergence
24.28276728804576,7.105023503595561,6.156402313807264,89.29899016000462,6.918745719428254,25.107276949741696,0.7635155570505802,-200.0,nan,nan,nan,nan,nan,nan,nan,0,no_convergence
22.15601035155673,26.152387937268646,18.423778196847444,51.426838842234694,2.3050336327050025,28.25393014782498,0.764139671590219,8.395914,1.219305,14.77245,70.3967,-142.471,-38.8318,88.87961,51.61375,1,
37.857119626200074,29.991593149456072,6.92441727516661,48.9409942756524,2.933728537755922,23.465974951209315,0.45497897117348685,9.812524,1.218754,15.38084,75.2652,-136.89,-47.1647,75.08239,57.397,1,
2.0498698813374734,19.015842767181855,35.11890160366711,80.64774615014045,3.38238235576189,38.396838430081715,0.46036812007646843,8.146692,1.22181,26.5726,59.4482,-149.233,-24.6183,118.1271,40.00107,1,
15.048641407230187,33.877841696308764,31.72708546856858,52.6663781613584,4.331088026085846,38.30107997729755,0.11776912743664741,-200.0,nan,nan,nan,nan,nan,nan,nan,0,no_convergence
3.5714062062840872,30.48234310855856,5.909664989467815,71.8420463593878,0.5151320444653849,16.426178365420295,0.5266597269367929,6.800049,1.220714,18.10168,67.434,-111.786,-26.714,54.83603,46.96537,1,
32.127759706238635,15.06829629221725,18.539971614830897,17.81030251039629,4.443774694366415,39.59676146534872,0.6460656964494154,-200.0,nan,nan,nan,nan,nan,nan,nan,0,no_convergence
18.301429135034493,12.072716550391107,11.075987642667751,40.786276019600756,2.3866777119625175,10.039802319911352,0.3941838193502921,-200.0,nan,nan,nan,nan,nan,nan,nan,0,no_convergence
23.934460236636447,38.77016643246006,31.539208814361636,84.6335195865716,6.314672167650801,28.676198884452894,0.146983893259311,10.64213,1.218975,15.0151,71.972,-174.642,-46.752,90.09101,54.02066,1,
3.3135788200448153,9.880536881883456,15.695915818327991,28.854783023741792,5.839864726817383,35.80892968706675,0.6787879104291554,-200.0,nan,nan,nan,nan,nan,nan,nan,0,no_convergence
36.243313929018605,39.96596922432549,20.056982794957566,55.826174366689955,4.09981834774954,15.929106452948975,0.7471767682014798,11.09423,1.218952,15.08996,73.8797,-154.824,-47.2564,53.37905,55.91147,1,
28.14670328526632,37.73073084778178,23.08203306280807,48.30952492732445,2.63813510922091,4.311346973002481,0.73927757137398,-200.0,nan,nan,nan,nan,nan,nan,nan,0,no_convergence
5.191161944162038,28.939501108213598,29.062235446316418,35.47692249580498,5.092384813692759,1.0079056555956944,0.8857947354669963,7.529432,1.220513,16.6249,67.0786,-103.11399999999998,-28.5729,10.4284,48.68234,1,
8.74936302095835,30.15356013625201,22.04484320890857,65.0697869186323,2.129668335797656,33.751640029439315,0.38931109600734215,7.640842,1.219961,17.11928,66.6333,-154.574,-32.2901,104.7224,47.24123,1,
19.114482613485976,8.254001604646422,31.082530366188386,96.43444484973583,5.404177386634753,11.748280244423075,0.3644655987959403,-200.0,nan,nan,nan,nan,nan,nan,nan,0,no_convergence
16.339911880622132,8.69724405788426,3.7910362915410807,92.9073149065697,6.952132594358232,22.03241668665618,0.33858580971881114,-200.0,nan,nan,nan,nan,nan,nan,nan,0,no_convergence
30.05022179439202,29.45562208122243,14.938727255157575,84.11767331521447,4.208072285204701,3.1345144090710932,0.17140957728096257,-200.0,nan,nan,nan,nan,nan,nan,nan,0,no_convergence
25.510454413095704,10.937083111858822,8.510388175198772,98.472391901995,7.222482247519224,8.510671815844582,0.7255446676764175,-200.0,nan,nan,nan,nan,nan,nan,nan,0,no_convergence
35.78896711847346,4.619886975376737,30.387648979077373,53.60065032976228,6.672539691730558,9.0154699177628,0.47336538064501565,-200.0,nan,nan,nan,nan,nan,nan,nan,0,no_convergence
34.75311723550437,2.203582698535283,2.0200559556314825,45.28078449654768,3.1016932775396,19.366950445411227,0.31474346528800634,-200.0,nan,nan,nan,nan,nan,nan,nan,0,no_convergence
22.52668855411583,31.440690010801212,5.057103935147263,24.600083257482595,3.5579697976983207,13.914458613542351,0.535581547071432,-200.0,nan,nan,nan,nan,nan,nan,nan,0,no_convergence
8.205564845658804,12.249539338330166,27.96670356310857,56.67670219366889,6.18184312591103,29.43085458685561,0.8703516255770853,-200.0,nan,nan,nan,nan,nan,nan,nan,0,no_convergence
11.39890514094569,38.273598371542406,4.535460966931528,98.07060889951177,6.563588155372783,12.601593798668835,0.7681333944316486,-200.0,nan,nan,nan,nan,nan,nan,nan,0,no_convergence
34.00568029406077,22.400355234341397,39.41434774562958,9.898858287369471,4.759309316749613,8.659972738016958,0.333276992846852,-200.0,nan,nan,nan,nan,nan,nan,nan,0,no_convergence
3.411242540819661,34.431037823257604,39.743593654526585,92.20650294250319,6.221464714844176,11.154127988723777,0.4120845950526436,-200.0,nan,nan,nan,nan,nan,nan,nan,0,no_convergence
27.255420133814166,2.796187972214552,17.294044499791614,18.32885009081481,7.192519243604808,36.93836292880834,0.41947183674484867,-200.0,nan,nan,nan,nan,nan,nan,nan,0,no_convergence
35.883811227894725,31.04897201989675,34.82683533566273,70.85046648681401,3.8930585018880284,25.067100517412985,0.5125816802751916,10.66251,1.219089,14.77507,72.6497,-153.618,-47.6666,79.69844,54.32391,1,
21.010790878246627,20.36883784977086,19.86923173791913,50.9858082570397,1.1137455807523342,13.048055885199567,0.1405243864022845,-200.0,nan,nan,nan,nan,nan,nan,nan,0,no_convergence
5.959812877308405,9.715375851412084,9.644344351604898,98.73439565927511,2.00459330912323,6.911933795413776,0.4447230928174718,-200.0,nan,nan,nan,nan,nan,nan,nan,0,no_convergence
31.829427272534605,30.407298464410978,17.61575826015824,55.42301950771083,1.1234956084816634,35.5741457380422,0.5103732566400839,7.798627,1.219465,14.73075,71.4146,-121.23700000000002,-36.8539,109.9641,51.943,1,
24.33253774446635,4.078167062085978,26.606298045227884,54.76654161009218,4.440011210281816,31.754145088636164,0.5047299923445018,10.00549,1.218974,14.86595,72.167,-146.454,-46.3909,98.95545,53.98588,1,
24.017077777776866,38.16017114202366,33.41195866395606,21.064602645491647,7.8254536464338305,19.32192587437449,0.5091371918562347,11.94004,1.218819,15.12144,71.9856,-176.29500000000002,-48.4419,63.14846,54.03891,1,
9.106367794229781,17.248153595730972,26.11345906991949,96.05747180549872,7.0528789151896945,20.95998947810419,0.2655977995906277,8.956359,1.219302,15.0409,68.6373,-171.25099999999998,-38.4741,67.87301,50.37365,1,
16.397106810302123,31.886152673257158,20.593044170120812,70.25714058923279,2.5889559121412375,12.025151558070187,0.793942664963103,-200.0,nan,nan,nan,nan,nan,nan,nan,0,no_convergence
28.66488243389324,21.65230329828499,32.01494857543755,24.026465307990538,0.41723743984772177,31.112456634153805,0.6719230186288583,6.979767,1.22126,19.87019,64.6921,-82.93200000000002,-27.9086,97.14022,45.64091,1,
23.910146697986633,8.811210389729787,19.140510984661407,95.05303972987973,3.2599816319173263,18.287306433666643,0.7455704700907381,9.609685,1.219192,14.59486,72.4306,-143.176,-42.2871,60.17411,53.77351,1,
36.17576394622315,3.4179627504088566,39.20986583189899,18.231078178584237,5.206863809685869,32.49573986237621,0.13144807787661966,-200.0,nan,nan,nan,nan,nan,nan,nan,0,no_convergence
39.99024524797568,14.566100180880602,16.372445236352345,35.02283567645806,1.7858958899044097,3.9990161575683287,0.1998231031045731,-200.0,nan,nan,nan,nan,nan,nan,nan,0,no_convergence
34.65404526973135,11.410960631180897,12.866608907404716,76.55585842947377,3.6436495121146346,37.98745907982218,0.6170169104018064,-200.0,nan,nan,nan,nan,nan,nan,nan,0,no_convergence
28.43649474818625,25.99502259735965,25.528906830326484,21.139711606593593,1.2663563188718816,39.01507661546415,0.28899517175878464,7.661323,1.219456,15.22288,69.398,-112.86599999999999,-34.8567,119.8739,50.65021,1,
12.685687848522994,4.018588313363349,16.706185285784642,25.72915972593545,3.761417057617931,30.655435102825155,0.28175442390469374,-200.0,nan,nan,nan,nan,nan,nan,nan,0,no_convergence
36.30737274050574,6.252305455749,13.259446033253889,51.30078346819978,0.8178769926962035,36.58427039740696,0.11453143859787841,-200.0,nan,nan,nan,nan,nan,nan,nan,0,no_convergence
38.360415860412154,21.60610521230071,6.620846267749558,80.1185948211798,0.3702171784175038,39.87846538562243,0.1468315839994576,7.119621,1.220787,23.11475,66.1799,-94.92700000000002,-28.896,122.3795,46.2907,1,
1.2567724158837401,22.47490992242281,11.937922269404824,8.099272277895317,4.853390853677238,22.84799977590681,0.47170481645565754,-200.0,nan,nan,nan,nan,nan,nan,nan,0,no_convergence
22.669598174386344,21.746816261563055,22.34131119911443,50.67643481045123,2.626780148517562,4.566666173798638,0.39720924800542345,-200.0,nan,nan,nan,nan,nan,nan,nan,0,no_convergence
27.817614397355936,36.82564452321711,10.281326738604754,36.437740471199135,5.618818181831452,3.7711398675461303,0.41361696521602553,-200.0,nan,nan,nan,nan,nan,nan,nan,0,no_convergence
18.600584856418283,20.64650765482345,28.92998719024966,24.322296873689847,4.488257934405285,25.533319141481844,0.11903782538982267,-200.0,nan,nan,nan,nan,nan,nan,nan,0,no_convergence
1.523003798818878,18.61320949981523,20.363685777830156,77.14511793573014,6.282217128930292,17.38094841311234,0.3637174197481312,8.675567,1.220734,21.92918,60.895,-144.373,-25.792,57.58592,42.12429,1,
37.277239393588296,31.27580756217016,26.044093671543408,87.3856739382291,6.064760050989154,1.6535580645426706,0.18245594437804458,-200.0,nan,nan,nan,nan,nan,nan,nan,0,no_convergence
13.066337704788692,21.109799291645057,7.649076049271974,73.59981989334229,6.169339511502105,31.854260736493337,0.4620664514123123,-200.0,nan,nan,nan,nan,nan,nan,nan,0,no_convergence
37.058676892640726,12.794483972921013,28.97240529563011,28.777597799053027,6.517452101125044,16.26691441110796,0.16375200117157118,12.7501,1.218817,15.36015,73.5845,-154.87599999999998,-50.0097,54.35001,55.89114,1,
26.440267439547988,23.29718532185468,33.508451543642614,12.830151787102393,6.843961858490396,17.878974075420977,0.8891846804116791,11.41476,1.218789,15.1616,72.2594,-158.05700000000002,-48.811,58.99226,54.32611,1,
7.7573558422293205,17.84783836011968,30.042906153447213,57.840735855629376,5.186999552421623,10.647560881953055,0.2684783118581378,-200.0,nan,nan,nan,nan,nan,nan,nan,0,no_convergence
6.502129419995448,18.878348676669518,25.210094225660423,37.32647860385721,2.6538948559330438,8.763280957776104,0.277441309637648,-200.0,nan,nan,nan,nan,nan,nan,nan,0,no_convergence
34.9202451513183,32.792929626488025,38.66224788104482,10.148188988079315,7.662223931765987,3.4821681661755446,0.20767985195678007,11.40861,1.219119,14.45654,71.0772,-150.67200000000003,-47.2704,17.53426,53.19296,1,
37.375419336182844,34.24775779614702,39.494599927747394,59.29368539656662,5.749234857489685,13.154569962262647,0.6868353911224928,-200.0,nan,nan,nan,nan,nan,nan,nan,0,no_convergence
22.45130745622574,19.45258499584673,10.175474013328618,75.42381994450157,1.2807688128419152,5.7745328100655415,0.5515833554562263,-200.0,nan,nan,nan,nan,nan,nan,nan,0,no_convergence
24.443244935457628,23.835617274685536,1.9072232906782989,74.49948845928164,3.8494011423220162,3.3261251370426193,0.6041700635442341,-200.0,nan,nan,nan,nan,nan,nan,nan,0,no_convergence
11.877207113384234,27.72198475549174,22.28658444225796,76.64293383396372,3.8840441928375187,24.89998955276975,0.8636965525064683,8.884655,1.219285,14.77269,70.2244,-164.64999999999998,-39.0235,79.21996,51.51176,1,
5.689368414308919,22.15553533707146,3.6546287991474573,25.463093157070045,6.243130919301104,21.428720339559202,0.8107701781552953,-200.0,nan,nan,nan,nan,nan,nan,nan,0,no_convergence
24.194030835288487,30.187191988833874,8.110100649058557,79.20293785834498,5.467867127840555,28.777727258414608,0.6324103382062847,10.36193,1.218618,15.82021,76.0262,-162.611,-47.6597,90.37829,58.67755,1,
38.22114893848292,24.874856271443594,21.48904547768381,72.50681796946348,0.8746655597890279,23.81735200479796,0.36808182382326504,7.806289,1.219853,15.3173,70.8283,-112.51499999999999,-34.849,76.11012,50.78106,1,
15.50465977039648,13.439202437930675,24.187719281347956,45.93736843053856,3.5842888908258645,4.734186374847953,0.5545257792452981,-200.0,nan,nan,nan,nan,nan,nan,nan,0,no_convergence
30.436967397110763,6.798881259431195,10.102089612724463,89.87597044926508,2.2120268221111616,31.258537720420286,0.48385906926057387,8.844254,1.219081,14.61608,72.8927,-131.423,-42.6475,97.52967,53.93269,1,
9.1815196150557,10.303645150646783,28.7170489763342,66.74210253960865,1.3132719001164783,26.895699385625434,0.7312665582939618,7.287342,1.220266,16.97096,67.4858,-138.25400000000002,-30.6895,84.98171,47.65031,1,
24.09364893876966,39.23142878190598,7.3568423885231224,13.164516737077795,7.312184278548738,24.936389576086743,0.6745421841332077,-200.0,nan,nan,nan,nan,nan,nan,nan,0,no_convergence
25.835628850234944,25.672200253513324,24.515317210208774,34.56849504743559,0.9263243322200064,15.568900180558668,0.23608504852046883,-200.0,nan,nan,nan,nan,nan,nan,nan,0,no_convergence
33.62671866860484,15.138744092914042,24.821309926935832,75.27903520696249,1.4548287717494617,30.083037402815865,0.19608950423954366,8.236184,1.219635,15.17096,70.5136,-126.00999999999999,-37.7278,94.15217,50.98651,1,
23.051520876507276,16.927840601636404,5.475208868630423,43.910121327062384,7.263625569211168,13.805321764482349,0.4865712216123249,11.0597,1.218571,16.01478,77.0205,-163.392,-45.9537,47.25707,60.13522,1,
32.540377073744935,20.447769789666697,12.03747697783159,60.49115717662171,6.794183903726631,2.2746177908038447,0.555843496785681,-200.0,nan,nan,nan,nan,nan,nan,nan,0,no_convergence
38.57421101542669,38.8419123949373,11.862212544526699,71.45225384206373,7.672064047267543,2.5919579123786454,0.7873964929079448,-200.0,nan,nan,nan,nan,nan,nan,nan,0,no_convergence
10.452482006805543,23.344267347482752,26.71965516140004,81.16503011002614,5.306140658810877,9.577322631046046,0.1124321493241672,-200.0,nan,nan,nan,nan,nan,nan,nan,0,no_convergence
1.9669321570111746,8.992794112209356,23.677838186130142,13.597871950184768,0.1533998999890257,22.587233552869673,0.1693332954880049,5.179781,1.259686,1515.385,36.2871,5.010999999999996,1.16103,73.14084,21.92611,1,
13.30951044619808,25.360815595268086,24.32429888077548,8.418046467999256,0.7797047589759563,29.611026699878586,0.41769019874860513,6.928507,1.219829,16.51498,67.0443,-94.31900000000002,-30.1712,92.79556,48.39098,1,
27.05331271450465,3.728376830774528,3.873361564586633,45.82053371143515,3.3535725276341726,36.176503892764316,0.3005131350295347,-200.0,nan,nan,nan,nan,nan,nan,nan,0,no_convergence
14.875538055477975,39.126658954222236,3.346220560048975,51.645950240280875,0.9786328967461867,14.280490203262618,0.8452561190711628,-200.0,nan,nan,nan,nan,nan,nan,nan,0,no_convergence
23.48998461994409,23.66458025979351,21.72828078100808,77.38162793284495,3.599954388363026,21.29357310547477,0.24302719223788008,9.671435,1.219118,14.67529,72.4009,-152.938,-43.6066,68.8311,53.93124,1,
10.204197662554824,38.97142546078025,35.203754631597434,86.46150452871315,1.334254982506929,2.9427747629537793,0.3275930225468565,-200.0,nan,nan,nan,nan,nan,nan,nan,0,no_convergence
17.318525943474214,11.465159968942741,29.216757979550945,84.47949201151575,7.458204811833302,26.42931219622659,0.35681106604156143,10.17898,1.219011,14.78596,70.859,-167.827,-44.0745,83.62049,52.8742,1,
12.338358069732926,13.307217817982474,30.294610750246985,78.77969098507049,6.120902995734235,27.975525494248743,0.8979587488079995,9.478394,1.219203,14.70906,69.3255,-167.22500000000002,-41.4979,88.07501,51.06386,1,
21.052794780401964,34.67370228297346,9.290072563331222,63.87599601526034,4.369726890965585,30.49191650639159,0.8721693490488804,-200.0,nan,nan,nan,nan,nan,nan,nan,0,no_convergence
22.99497070926621,35.140846274839014,39.61101882281213,67.31139493275194,0.18668817919306066,7.755831681577145,0.4402798744849282,-200.0,nan,nan,nan,nan,nan,nan,nan,0,no_convergence
14.602561853321891,5.24745428779561,13.116785239341295,90.58194502443808,4.494844233031291,9.122073414812025,0.6233285582631485,-200.0,nan,nan,nan,nan,nan,nan,nan,0,no_convergence
31.426495472864314,2.00406465825526,20.813708538518632,88.1286925481023,4.641334668784042,2.642899162393686,0.16011369173268444,-200.0,nan,nan,nan,nan,nan,nan,nan,0,no_convergence
5.172243905067286,25.710323024722914,36.79534048703821,32.118245567365804,0.9475890294330432,14.505036548212933,0.5641861148966733,-200.0,nan,nan,nan,nan,nan,nan,nan,0,no_convergence
15.77573875447114,21.10176304989354,34.25579685098838,32.28709737273486,1.5244181606360758,38.73926155474304,0.8965856071186441,7.450968,1.219853,16.47988,67.3601,-135.03300000000002,-33.7791,119.0869,48.27253,1,
1.0794225607022718,31.158950801871494,19.097851885901186,61.21808012699256,3.270098163204967,18.63219044769981,0.8240256273390102,8.281885,1.222007,27.21306,58.9477,-130.019,-18.9588,61.20778,39.59642,1,
14.556210506803495,9.245023615355528,16.174463251991057,73.54012706114715,7.301107491217668,21.905949879678406,0.7496200943050969,9.89051,1.218865,15.10596,72.1322,-164.882,-42.603,70.59092,54.31018,1,
31.382285706304724,11.969059808686765,28.120179741263733,44.57402504914747,4.618050629739455,31.537933523399637,0.39358269813904745,-200.0,nan,nan,nan,nan,nan,nan,nan,0,no_convergence
9.516509286033036,26.738884000929776,8.065021517111866,33.99733728104475,6.758278190996762,16.771956272056485,0.21047965803634364,9.541011,1.218728,15.16733,72.6422,-176.175,-39.7382,55.80324,54.80185,1,
27.798619396604323,35.88876152413785,24.03088106436205,89.68278109052699,2.342175243823224,19.092095013072356,0.6283722815034752,9.077153,1.219521,14.92389,70.6446,-144.45999999999998,-39.9731,62.49663,51.53231,1,
15.451847299436578,20.296457548819248,4.4533133459171585,77.67411140664197,7.347248805081814,13.57972504415271,0.24870139184274218,-200.0,nan,nan,nan,nan,nan,nan,nan,0,no_convergence
3.802574121085835,4.885634115605974,9.805961263864079,38.61548105575011,7.145184818184188,2.3369076301832985,0.17887434813224418,-200.0,nan,nan,nan,nan,nan,nan,nan,0,no_convergence
15.2288060909242,23.11502134113433,34.8113505872768,57.99165599832574,7.550705659250852,6.743380062043848,0.7774712130416418,-200.0,nan,nan,nan,nan,nan,nan,nan,0,no_convergence
21.684364487572275,36.26626791132918,37.46699288054475,16.976150937058886,5.584592939027069,34.56822522552529,0.8487011145543794,-200.0,nan,nan,nan,nan,nan,nan,nan,0,no_convergence
27.915047796033598,28.172767463899902,6.679763380605339,40.54904861687166,3.5446083316728045,39.336161305848634,0.3118859274490709,-200.0,nan,nan,nan,nan,nan,nan,nan,0,no_convergence
30.999940208275085,37.18884052247244,38.80060650436458,31.93744531076779,1.1402498758231705,30.995131670769418,0.4989128825706245,-200.0,nan,nan,nan,nan,nan,nan,nan,0,no_convergence
21.885793040779156,39.510858718409835,35.196929908469585,15.40132137565493,4.464842125749861,15.090928397970389,0.566165498385034,9.704554,1.219021,14.55216,71.2721,-155.60399999999998,-43.6631,50.96608,53.02312,1,
16.236734588651373,7.729785642130142,13.803114154953464,90.213486377687,7.382865241911143,29.273873398066918,0.2546153206959859,-200.0,nan,nan,nan,nan,nan,nan,nan,0,no_convergence
35.726624562119,35.789192635352144,18.029258177370085,30.312588008047847,2.4101515968856275,35.20545622336688,0.32562323708063,-200.0,nan,nan,nan,nan,nan,nan,nan,0,no_convergence
4.882556388654559,17.13006775052503,14.527411022684396,67.71307971565881,2.4446219486954424,16.64782517352306,0.5595330153457495,-200.0,nan,nan,nan,nan,nan,nan,nan,0,no_convergence
21.213639740209075,32.49738106672996,2.80573567433468,70.0960292702784,6.6401536159664,37.26583857493083,0.4068700822778427,-200.0,nan,nan,nan,nan,nan,nan,nan,0,no_convergence
29.836309355164428,27.145934932547746,25.31888660304025,12.08621227513789,0.6829726384925842,21.071270661731646,0.7584271665460535,7.243841,1.219965,16.44856,67.7525,-84.75599999999997,-30.7147,68.20303,49.00997,1,
38.8784052545128,16.05425869539371,1.3908190617922185,57.068091071932216,0.9710541359267215,34.50638904628915,0.3514690692216781,-200.0,nan,nan,nan,nan,nan,nan,nan,0,no_convergence
6.829640581463093,32.608592069304166,15.844916591565738,34.6875040037683,3.5074176111845614,8.177223960439704,0.49332064890717275,-200.0,nan,nan,nan,nan,nan,nan,nan,0,no_convergence
37.11828861713876,36.319679603784714,20.130369232287812,53.053900321264706,5.952619352877995,4.26682247851169,0.10173686009062158,-200.0,nan,nan,nan,nan,nan,nan,nan,0,no_convergence
23.322789336965997,24.454398328694637,27.55792853653793,30.131421467450032,1.901834659393028,1.2773745721882848,0.591964937593483,-200.0,nan,nan,nan,nan,nan,nan,nan,0,no_convergence
13.635007602952365,5.371335882611703,18.21297752611725,12.996016147539635,1.4481097831420409,22.347468887293534,0.647925664694612,7.24862,1.219512,15.71915,68.0583,-114.24000000000001,-32.2321,71.87382,49.40233,1,
17.389490201935082,29.544883086830186,28.321476737645533,24.479343271127604,3.074395011604579,20.638075660546832,0.7424634050118123,8.494368,1.219248,14.77314,69.8062,-150.82,-38.2157,66.94513,51.32214,1,
20.501220263328108,7.574370572295577,38.51061379111838,59.516130769900926,6.015943462977352,16.713744258805985,0.4003094053028363,10.62273,1.21914,14.69988,70.9777,-158.171,-43.9441,55.64151,52.91659,1,
5.355811516447069,32.35632420472038,4.89255513033595,54.186260230200105,2.5854177809110794,32.744247448641964,0.529194464037565,-200.0,nan,nan,nan,nan,nan,nan,nan,0,no_convergence
19.622781970190964,13.980291479955362,21.104674842057378,53.84139587609034,4.83070452166556,22.20399518803671,0.37207418728274066,9.977987,1.218963,14.96056,72.343,-157.01299999999998,-44.3371,71.45089,54.28355,1,
32.213614263831786,31.977931731441625,37.496582202107916,9.795914711032532,4.705862050180925,9.892595181629112,0.1503204466663633,-200.0,nan,nan,nan,nan,nan,nan,nan,0,no_convergence
28.036836417337053,14.292385706706234,11.383136412953888,11.170642270645871,0.8012492585493987,27.798873528983084,0.1310122453438873,-200.0,nan,nan,nan,nan,nan,nan,nan,0,no_convergence
39.12093974617016,8.522314055036523,3.9460383439809243,82.16642555055421,3.0592845831874587,11.021278115463625,0.35862120425514654,-200.0,nan,nan,nan,nan,nan,nan,nan,0,no_convergence
10.930126413492403,30.89625781849228,26.788234571205933,66.54138939790684,4.985229352566219,18.293985870125834,0.3167090650392382,9.273529,1.219295,14.74772,69.6919,-172.228,-38.94,60.19483,51.29731,1,
32.81917813582001,15.462197075197011,31.25755273801035,64.15726461463807,7.702012182283436,29.20317324188932,0.5581580276197553,12.19601,1.218806,15.41001,73.1587,-167.91699999999997,-49.7193,91.60627,55.51436,1,
7.433386357468895,3.810270676922157,29.143147250426804,97.04348023978554,0.2612511507865321,27.692928742826197,0.24167679780951754,6.655958,1.225068,40.4826,58.4556,-100.84100000000001,-23.6751,87.34666,38.97886,1,
4.900674698651004,36.62147102799421,31.663755920206093,62.916301689851885,0.4666078796776377,18.197147725992878,0.1074771284578679,6.775896,1.222189,25.88004,64.0714,-106.59199999999998,-25.6478,59.95746,43.74008,1,
6.656433747826925,13.720484393979051,14.449229558452886,20.297851520413666,2.317920107786608,39.67220330172423,0.13281671693415248,-200.0,nan,nan,nan,nan,nan,nan,nan,0,no_convergence
37.77785553100025,26.520783333330005,36.30398285347038,99.15981681101611,2.468050814571764,27.107641434043366,0.7418605625594873,9.575967,1.219501,14.83965,70.8211,-141.29700000000003,-43.5509,85.58111,51.69023,1,
4.571890554344917,23.21029643244472,36.941639195459786,44.94252969960469,6.864501787582015,4.679240233258092,0.5566663437660774,-200.0,nan,nan,nan,nan,nan,nan,nan,0,no_convergence
26.813441781680414,25.19430615803991,35.952771699265845,68.06947967387322,3.7184348838130865,24.238029947404115,0.44835299232696435,9.927517,1.219204,14.48536,71.5783,-154.67399999999998,-44.8862,77.31236,53.09183,1,
22.242036245603312,16.919106785537355,1.5823701578370941,42.81706393016064,0.3498397129612261,9.213859005840561,0.4275840929154969,-200.0,nan,nan,nan,nan,nan,nan,nan,0,no_convergence
7.474856818202093,38.502967407580186,6.825484139259531,84.9837391648569,5.075111230330514,31.186861749021386,0.6431443962112023,-200.0,nan,nan,nan,nan,nan,nan,nan,0,no_convergence
36.960793716761074,29.68309220402262,25.87377953865051,51.98147245674625,7.409629246432552,9.684046211300405,0.27972330228785003,-200.0,nan,nan,nan,nan,nan,nan,nan,0,no_convergence
16.891791588553076,8.09372545882893,36.037642489365815,61.73385565670556,3.001246067812299,21.578107576616446,0.6767745272403587,8.747056,1.21954,15.24668,69.3503,-147.61900000000003,-38.38,69.6566,50.53694,1,
10.406613180310725,28.3259545684858,16.60997688625458,92.49212652814272,6.418641655137845,37.741999164956425,0.7724700578717764,-200.0,nan,nan,nan,nan,nan,nan,nan,0,no_convergence
32.39136233889144,18.702334619744157,27.021529693773108,55.517242489960154,5.255600196935597,9.768587800952112,0.5685802342521359,-200.0,nan,nan,nan,nan,nan,nan,nan,0,no_convergence
22.016410365378736,17.323420263441243,10.65597001708767,37.91378934861392,6.8706235117481755,18.84748544693788,0.20608333859013306,11.09929,1.218646,15.72535,75.0987,-164.19,-46.9849,61.77958,57.71503,1,
6.74184746669257,15.264601334688303,37.02119436584988,71.27709003392619,0.6911699497552415,2.1074541347649953,0.4323935435308618,-200.0,nan,nan,nan,nan,nan,nan,nan,0,no_convergence
9.378622463471315,5.765607210283862,18.67694638953878,93.92933878100952,5.375519213583922,17.53456804233804,0.5819693013955621,-200.0,nan,nan,nan,nan,nan,nan,nan,0,no_convergence
11.51085542888712,17.423992884260276,12.0866499373843,63.27414609725034,1.5371563989327357,28.050831327957184,0.6620105544077846,7.48243,1.219586,15.47967,69.5471,-139.337,-32.8333,88.2988,50.1045,1,
1.7230613501453553,25.952193935950078,18.109027330316003,98.87709630115639,0.5926151394729035,8.106777077071111,0.22012443628980471,-200.0,nan,nan,nan,nan,nan,nan,nan,0,no_convergence
6.615300618553984,39.78508174514836,29.556852900211457,43.6173940844527,4.029299603334691,14.0032630328146,0.575756723243897,-200.0,nan,nan,nan,nan,nan,nan,nan,0,no_convergence
16.68759973746535,11.962552292983288,25.64927467689161,97.20213827239913,3.395588654262193,33.5383116295772,0.7303926786128375,8.883345,1.21931,14.72765,70.5853,-151.98200000000003,-41.4207,104.0987,51.67059,1,
36.566926819809794,21.865300306155493,7.935825557737567,39.835473987687934,2.2724307046992362,37.1692543692148,0.30205234721939,-200.0,nan,nan,nan,nan,nan,nan,nan,0,no_convergence
7.5641048443972485,21.88688241581666,31.576531508821642,73.08993759477147,6.738817558435811,18.533339871748275,0.37690030474378433,8.959767,1.219485,15.68968,67.3793,-173.18599999999998,-36.9616,60.88689,49.01052,1,
4.138106438089235,2.6537149580862893,29.585685713171483,31.597808388153073,6.7191338222507735,19.228117406979706,0.16173525731653882,9.410723,1.219655,17.46147,64.5256,-147.377,-31.4374,62.89029,45.92727,1,
17.18555759864862,17.740326126600397,8.907500947832002,44.02439407944803,5.517857028655021,15.429109473236329,0.1897856456943186,10.21036,1.218744,15.50528,74.5075,-160.15499999999997,-43.3732,51.93608,56.92307,1,
3.708810548770468,29.012518098548043,9.905298046108816,56.807381456747045,7.211025703771365,39.21633218344602,0.18331211949036938,-200.0,nan,nan,nan,nan,nan,nan,nan,0,no_convergence
23.689074911216284,24.35855276902206,22.78642862313883,66.90877324200048,1.726515206673283,38.20237514752766,0.6000224518208072,8.01877,1.219563,15.33585,69.7521,-137.12599999999998,-37.5098,117.5356,50.41992,1,
28.348709835896972,39.04397042303363,25.05831553785578,13.836655271928013,1.7096714184922976,10.785077289623182,0.5498965625175971,-200.0,nan,nan,nan,nan,nan,nan,nan,0,no_convergence
21.160634356734942,32.94801420598919,27.19517432543598,91.17878419400012,3.800506092902159,13.430193109884355,0.3198683623381243,-200.0,nan,nan,nan,nan,nan,nan,nan,0,no_convergence
22.613713871112072,27.75060567160205,15.934557054102715,40.95752719061733,4.682836126366734,18.097478203001028,0.6827908815059578,10.20095,1.21886,15.21044,73.5305,-159.53500000000003,-45.2876,59.62264,55.66612,1,
12.175693024645268,1.9796341302439218,1.0718937191365128,28.370595902360137,0.1674482462244234,35.09298972020833,0.7120159194553656,6.349842,1.229491,77.29239,48.806,-44.494,-10.9332,108.7224,33.68243,1,
39.707378145168775,10.887956206184699,11.52392340170971,62.13094434520876,0.491725551529531,24.353825963464953,0.7051571100999764,-200.0,nan,nan,nan,nan,nan,nan,nan,0,no_convergence
11.358820506726067,1.5039690829535939,38.18427472960869,84.26406015499997,4.226187855107473,32.284730928004215,0.4455770666704294,8.938319,1.219548,15.42549,68.2345,-150.19099999999997,-39.2453,100.4812,49.62882,1,
20.339929602080225,38.38847758696688,21.69133637529763,74.83957823176978,2.149965090180037,7.5511397853203945,0.3826701846422087,-200.0,nan,nan,nan,nan,nan,nan,nan,0,no_convergence
29.349631175721232,3.911491038185835,12.221936987201326,10.943399749111581,2.50894584271237,24.127174324734817,0.16531651174159717,-200.0,nan,nan,nan,nan,nan,nan,nan,0,no_convergence
29.46034171552003,16.736697298548048,29.265375198083188,9.133281998856638,0.38317315736012536,23.897780892838846,0.18519871441802813,6.918291,1.221302,20.9662,63.0121,-63.196,-24.442,76.36257,44.84802,1,
22.93326350688466,39.43279499475566,30.47743473450949,37.75253327346991,4.083064340950664,33.05098054726727,0.6688870699135168,-200.0,nan,nan,nan,nan,nan,nan,nan,0,no_convergence
5.823718483230939,35.49230400056637,37.20112771196401,22.342532569769585,7.982954741429165,14.958953483851163,0.2691581098343742,9.052716,1.219442,16.35124,65.796,-176.68200000000002,-35.7593,50.59204,47.26865,1,
38.45363188396877,19.17683894412853,35.88290596732115,62.60825250787642,6.74309529373774,20.2618532988941,0.8380645407642584,12.41126,1.218903,15.31929,73.1941,-165.61900000000003,-49.3343,65.85662,55.51923,1,
30.363905739974186,22.51646388844568,2.914352206117912,22.186496783978555,2.3460899410841223,10.142979621909396,0.1799419122018434,-200.0,nan,nan,nan,nan,nan,nan,nan,0,no_convergence
31.532055713069262,36.99535804801335,18.32439581861861,35.69422367494796,3.135946466911897,19.725623791752042,0.2264212382093038,9.597491,1.219009,14.70146,72.5205,-144.54199999999997,-44.3495,64.31384,54.33636,1,
21.745828413258003,4.324217394495373,16.435492564029943,65.5241581255552,2.86266407015001,38.528928406872545,0.6853828911690235,8.741316,1.219082,14.49675,71.6145,-138.957,-42.3699,118.4682,52.95491,1,
6.932093831190316,3.1692752840345455,28.435682092693767,29.643374268397466,3.1534832691118897,16.19792199349197,0.42161023565659816,7.92636,1.219707,16.37751,66.9628,-142.81799999999998,-30.3868,54.16407,48.18239,1,
25.023946196036704,28.638448671431934,9.088578330925925,72.8241758850136,0.2768533204157398,3.063003026842128,0.3495485131673704,-200.0,nan,nan,nan,nan,nan,nan,nan,0,no_convergence
10.362339122567837,37.50587826192574,30.530014224097823,62.64671056639563,7.569768446529423,5.363131543910544,0.5477784412941753,-200.0,nan,nan,nan,nan,nan,nan,nan,0,no_convergence
39.23292038832265,4.969670491422987,1.69917964678468,36.377808596682115,7.947512095230441,21.383526381302428,0.19306360692174862,-200.0,nan,nan,nan,nan,nan,nan,nan,0,no_convergence
2.641383299933101,24.063939753671026,24.683418135618826,76.03665898506071,1.6497511195947332,8.329070565335233,0.5629491390022078,-200.0,nan,nan,nan,nan,nan,nan,nan,0,no_convergence
38.684293146704945,21.260248471177192,33.82682134416822,82.34211149781844,2.0769470994548564,26.942696220042844,0.8553342271257788,9.117919,1.219635,15.29519,69.9522,-134.409,-41.1579,85.108,50.71891,1,
11.915084405273307,5.692501851843748,14.180293916762604,32.86648066218196,7.584506923416334,1.8368160241111757,0.6879681257338456,-200.0,nan,nan,nan,nan,nan,nan,nan,0,no_convergence
26.675812595136605,37.3303048962076,35.02247845233119,63.02886872743855,7.045080700050494,5.8054100718145145,0.815943554868697,-200.0,nan,nan,nan,nan,nan,nan,nan,0,no_convergence
25.637992616815094,16.43423742262364,35.579722683458805,44.33773642403651,7.808342507894205,2.6885375020935482,0.5460444091433869,-200.0,nan,nan,nan,nan,nan,nan,nan,0,no_convergence
27.459825525102957,26.99946745410944,33.63753792587436,13.943560872901873,3.98383263200706,12.772331450945625,0.19417679118593642,9.820579,1.219029,14.49738,71.6884,-140.551,-43.9418,44.28864,53.44103,1,
23.153047248664205,8.222335606315646,4.626785495307662,63.42314547247742,5.1197028598344065,29.39392681752439,0.6487618300025156,-200.0,nan,nan,nan,nan,nan,nan,nan,0,no_convergence
10.794771754228059,35.61744529285131,1.3665065368724794,59.77677687772595,4.301866478308912,6.478422188467659,0.8434314525588047,-200.0,nan,nan,nan,nan,nan,nan,nan,0,no_convergence
6.339557598855831,23.909558644444054,31.850701820600847,50.78889134231114,1.2282556592343534,11.628525304040693,0.3103630742963691,-200.0,nan,nan,nan,nan,nan,nan,nan,0,no_convergence
3.8892585842016185,2.934099698467513,1.9800773407053895,82.42366480350942,2.553364487271315,28.316268438906306,0.4894533063604444,7.821717,1.218754,14.77416,69.6959,-135.757,-27.7947,89.05124,50.56727,1,
34.260421925933734,6.881871118544539,33.330245978993595,85.27848828833656,2.08536298463518,33.424866490265515,0.8288208027815623,8.865295,1.219615,15.31531,69.8535,-132.90300000000002,-40.9479,103.7763,50.55461,1,
17.287602060101268,20.973341399771552,12.18708223333909,35.26774551241,5.325000582526055,37.88032456309483,0.3426620881490934,-200.0,nan,nan,nan,nan,nan,nan,nan,0,no_convergence
1.4167144889850727,20.794703477116855,14.372065571996814,25.006810313781095,1.049926735563057,38.882067698960526,0.36648546926717007,6.614591,1.221651,25.36061,60.2658,-112.79199999999997,-23.7095,119.5223,40.60442,1,
6.061114220420048,34.5188261047723,14.819182547312463,72.90104429703915,5.632962269197609,23.49421497775113,0.5265595213874497,8.796112,1.219226,15.2357,68.4015,-176.579,-35.7465,75.1705,49.99635,1,
38.48413317202646,38.57382175024742,21.14688949531224,87.03620661479758,4.00229424147529,12.952670027069265,0.8212303001097503,-200.0,nan,nan,nan,nan,nan,nan,nan,0,no_convergence
3.2569749871329687,8.869216478500853,2.9951866337553295,87.94619885304138,7.4211668684532475,18.809980896023205,0.12760987370934976,-200.0,nan,nan,nan,nan,nan,nan,nan,0,no_convergence
36.572287769208145,28.22106017147723,11.499996521597561,14.54404336197096,5.858786919515346,12.259079722543982,0.14378673767752076,-200.0,nan,nan,nan,nan,nan,nan,nan,0,no_convergence
12.594690568514597,4.135574772684826,23.126002653003273,74.45983712389317,4.9003513283521665,26.574955004568377,0.2851718179516919,9.310702,1.219159,14.50081,70.2883,-153.22000000000003,-40.8588,84.04207,51.90391,1,
2.068323533656309,26.85150366681532,36.462271808415224,57.75867420556075,2.8165644528763094,36.42296612508335,0.8153596932819928,7.611561,1.222071,27.66789,58.8763,-149.20999999999998,-23.5158,112.4461,39.47123,1,
15.165571945246084,12.665546034697268,20.282989203749512,41.165985184978226,2.7445486786886844,33.342825946185954,0.45167194610418016,8.194696,1.219267,15.00156,69.5457,-146.243,-37.6293,103.5351,50.85872,1,
37.63975505427158,23.01018797976639,39.8668628010432,31.861715904806562,5.381546567622217,21.215519408415677,0.7713568870080624,11.80047,1.21892,15.08041,72.6645,-155.928,-49.6633,68.60347,54.76475,1,
32.73092310228064,1.4296914115338901,24.9497223389368,67.8796887083557,6.784814708212417,19.652999583614385,0.2786979915258816,11.94981,1.218853,15.41439,73.637,-149.92000000000002,-48.0547,64.10201,56.04629,1,
39.84571219044031,4.416333339101296,20.926819788422517,72.26640171632054,4.934608587991592,26.317122770341424,0.8885477194074508,11.60618,1.218825,15.49431,74.5556,-145.02300000000002,-50.1565,83.25151,57.41058,1,
2.288951804794152,33.414905938581626,33.5908388815064,18.588488029063207,4.655458311117837,4.053475399802782,0.6514531513859358,-200.0,nan,nan,nan,nan,nan,nan,nan,0,no_convergence
17.052626091447316,11.336127749803982,29.757721826379335,58.845559277327496,5.344162735016011,33.21400900481474,0.5407329281623928,-200.0,nan,nan,nan,nan,nan,nan,nan,0,no_convergence
33.343912144051835,15.664753875173979,12.623284339803833,76.85771991424662,5.175936929966302,15.136843362728136,0.27432875626290404,-200.0,nan,nan,nan,nan,nan,nan,nan,0,no_convergence
