case,case_name,dim,run,seed,algo,pop,best_fitness,GAIN_DB,penalty,is_feasible,UGB_MHZ,PHASE_MARGIN_DEG,PSRR_DB,POWER_UW,AREA_UM2,VOUT_V,viol_ugb,viol_phase_margin,viol_psrr,viol_power,viol_area,viol_vout,first_feasible_eval,best_feasible_found,best_feasible_fitness,best_feasible_GAIN_DB,best_feasible_UGB_MHZ,best_feasible_PHASE_MARGIN_DEG,best_feasible_PSRR_DB,best_feasible_POWER_UW,best_feasible_AREA_UM2,best_feasible_VOUT_V,runtime_sec,eval_budget,actual_evals,last_improvement_eval,convergence_auc,x_w1,x_w3,x_w5,x_m2,x_k,x_l_all,x_cc,deck_w6,deck_w7,sim_evals_worker_cum,sim_ok_worker_cum,sim_failures_worker_cum,sim_failure_kinds_worker_cum,server_restarts_worker_cum,evaluator_recovers_timeouts,objective_def,c_UGB_min,c_PhaseMargin_min,c_PSRR_min,c_Power_max,c_Area_max,c_Vout_min,c_Vout_max
opamp,SKY130-OPAMP,7,6,418345,ABC,40,-87.14673,87.14673,0,1,8.15057,57.0335,93.50528,58.4172,148.00295046000002,1.079871,0,0,0,0,0,0,408.0,1,-87.14673,87.14673,8.15057,57.0335,93.50528,58.4172,148.00295046000002,1.079871,733.5170473381877,2500,2500,2200.0,92.38461267707088,7.4327472349587635,19.446237204768348,1.935653243309229,3.095466332084618,0.8368526139843879,1.2323549106818388,1.6508567063582142,60.191343,2.506259,2501,2500,1,timeout=1,1,1,dc_open_loop_gain_db,1.8602,56.747,82.1639,60.064,148.1022,0.35,1.45
opamp,SKY130-OPAMP,7,1,413345,ABC,40,-84.20008,84.20008,0,1,3.86191,74.1491,89.16915,55.43838000000001,143.969177125,0.935059,0,0,0,0,0,0,175.0,1,-84.20008,84.20008,3.86191,74.1491,89.16915,55.43838000000001,143.969177125,0.935059,759.1749380677938,2500,2500,2440.0,-3.116416798719492,12.487814424675951,20.0,7.213122212599351,2.454188723168943,0.9001992196402034,1.053868348018355,4.7120724964115706,49.083774,7.969901,2501,2498,3,measure_failed=2;timeout=1,1,1,dc_open_loop_gain_db,1.8602,56.747,82.1639,60.064,148.1022,0.35,1.45
opamp,SKY130-OPAMP,7,3,415345,ABC,40,-87.86374,87.86374,0,1,4.60307,59.08099999999999,90.63052,42.1038,147.03895,1.07575,0,0,0,0,0,0,116.0,1,-87.86374,87.86374,4.60307,59.08099999999999,90.63052,42.1038,147.03895,1.07575,793.9996807724237,2500,2500,1880.0,-38.26248646058424,3.1589682123064646,17.785870544376763,1.8336187481168864,1.5105457592846414,0.7896666914860966,2.0,1.916789578157012,26.865056,1.094419,2501,2500,1,timeout=1,1,1,dc_open_loop_gain_db,1.8602,56.747,82.1639,60.064,148.1022,0.35,1.45
opamp,SKY130-OPAMP,7,21,433345,ABC,40,-87.17158,87.17158,0,1,6.4381,57.07769999999999,92.08445,51.90156,148.05681280000002,1.084859,0,0,0,0,0,0,564.0,1,-87.17158,87.17158,6.4381,57.07769999999999,92.08445,51.90156,148.05681280000002,1.084859,837.6973201707006,2500,2500,2120.0,153.90766709083633,11.335089203885406,20.0,1.0,2.499083675822917,0.8144670796779675,1.2798312938484808,2.333033581338889,49.981674,1.017711,2501,2499,2,measure_failed=1;timeout=1,1,1,dc_open_loop_gain_db,1.8602,56.747,82.1639,60.064,148.1022,0.35,1.45
opamp,SKY130-OPAMP,7,29,441345,ABC,40,-84.97799,84.97799,0,1,4.5561,61.53909999999999,89.72704,52.37406,145.80560370499998,0.9604241,0,0,0,0,0,0,298.0,1,-84.97799,84.97799,4.5561,61.53909999999999,89.72704,52.37406,145.80560370499998,0.9604241,915.7939618751408,2500,2500,2500.0,58.701646556622656,17.658939119830034,18.244007167053752,3.5876986535190847,2.1145649391918875,0.903737034001306,1.2067766321354374,4.5873986345830335,38.580237,3.430264,2501,2500,1,timeout=1,1,1,dc_open_loop_gain_db,1.8602,56.747,82.1639,60.064,148.1022,0.35,1.45
opamp,SKY130-OPAMP,7,15,427345,ABC,40,-88.18828,88.18828,0,1,4.66971,73.7235,90.7009,45.25092,147.99512104,1.154578,0,0,0,0,0,0,37.0,1,-88.18828,88.18828,4.66971,73.7235,90.7009,45.25092,147.99512104,1.154578,981.9077858775854,2500,2500,2281.0,-86.5628662044818,3.703835923252904,15.869456097134208,1.0,2.424335359781784,0.6665155365456636,1.8381981023053016,1.8341025053628133,38.474202,0.807929,2501,2500,1,timeout=1,1,1,dc_open_loop_gain_db,1.8602,56.747,82.1639,60.064,148.1022,0.35,1.45
opamp,SKY130-OPAMP,7,27,439345,ABC,40,-87.36558,87.36558,0,1,6.58342,57.137600000000006,93.17467,55.20402000000001,147.2440757,0.998261,0,0,0,0,0,0,54.0,1,-87.36558,87.36558,6.58342,57.137600000000006,93.17467,55.20402000000001,147.2440757,0.998261,1064.8415803462267,2500,2500,2440.0,-38.44433225090036,10.45010294949375,15.74131721802378,1.9910919385909935,2.6184875310234776,0.8641674979675955,1.4735101986078707,2.3458480588021504,41.214994,2.251498,2501,2500,1,timeout=1,1,1,dc_open_loop_gain_db,1.8602,56.747,82.1639,60.064,148.1022,0.35,1.45
opamp,SKY130-OPAMP,7,0,412345,ABC,40,-86.77236,86.77236,0,1,6.40074,57.511300000000006,92.11383,53.5032,147.700357,1.070858,0,0,0,0,0,0,85.0,1,-86.77236,86.77236,6.40074,57.511300000000006,92.11383,53.5032,147.700357,1.070858,1153.0898310244083,2500,2500,2440.0,-36.22030507002802,13.095221627583626,20.0,1.2401301684420645,2.52917646993292,0.8406348596883926,1.2242675380909054,2.522399574388124,50.583529,1.318191,2501,2497,4,measure_failed=3;timeout=1,1,1,dc_open_loop_gain_db,1.8602,56.747,82.1639,60.064,148.1022,0.35,1.45
opamp,SKY130-OPAMP,7,16,428345,ABC,40,-86.70076,86.70076,0,1,4.38026,77.47210000000001,90.00583,49.0338,146.27398689,1.119273,0,0,0,0,0,0,28.0,1,-86.70076,86.70076,4.38026,77.47210000000001,90.00583,49.0338,146.27398689,1.119273,1235.5918365120888,2500,2500,2500.0,-85.57513671068426,3.233969583415505,20.0,1.5975098105608103,2.3519083207135485,0.7771852272113187,1.488762894271792,2.1998587896225845,47.038166,1.462295,2501,2501,0,,0,1,dc_open_loop_gain_db,1.8602,56.747,82.1639,60.064,148.1022,0.35,1.45
opamp,SKY130-OPAMP,7,5,417345,ABC,40,-84.66558,84.66558,0,1,5.33288,57.0787,87.71172,41.96286,147.99858304,0.956821,0,0,0,0,0,0,440.0,1,-84.66558,84.66558,5.33288,57.0787,87.71172,41.96286,147.99858304,0.956821,1238.5941562652588,2500,2500,2280.0,92.65665162464988,1.0,18.180199820146484,4.04092133288383,2.0657762648046134,0.6726489973940205,1.7053241640947223,0.7512300247759618,37.555812,2.806876,2501,2501,0,,0,1,dc_open_loop_gain_db,1.8602,56.747,82.1639,60.064,148.1022,0.35,1.45
opamp,SKY130-OPAMP,7,13,425345,ABC,40,-87.31638,87.31638,0,1,8.18576,57.02799999999999,93.65815,58.74192,147.91714432,1.077467,0,0,0,0,0,0,47.0,1,-87.31638,87.31638,8.18576,57.02799999999999,93.65815,58.74192,147.91714432,1.077467,1244.210632443428,2500,2500,920.0,-38.369393217286905,7.434854172753369,18.34241245745568,1.9473002196220024,3.13887434907923,0.8364508968180009,1.2783658239986568,1.6312300844394811,57.566956,2.553313,2501,2501,0,,0,1,dc_open_loop_gain_db,1.8602,56.747,82.1639,60.064,148.1022,0.35,1.45
opamp,SKY130-OPAMP,7,18,430345,ABC,40,-86.81539,86.81539,0,1,8.23181,57.5326,93.53666,59.3298,147.89737924999997,1.061099,0,0,0,0,0,0,887.0,1,-86.81539,86.81539,8.23181,57.5326,93.53666,59.3298,147.89737924999997,1.061099,1260.6856199130416,2500,2500,1640.0,282.3672069487795,7.506337721368307,20.0,2.288469882079337,3.16108140612944,0.8450156946080178,1.1765772790912996,1.6624389011964378,63.221628,3.058482,2501,2501,0,,0,1,dc_open_loop_gain_db,1.8602,56.747,82.1639,60.064,148.1022,0.35,1.45
opamp,SKY130-OPAMP,7,10,422345,ABC,40,-85.77421,85.77421,0,1,4.31313,57.479600000000005,90.08122,43.37802000000001,147.26793073000002,0.9560157,0,0,0,0,0,0,888.0,1,-85.77421,85.77421,4.31313,57.479600000000005,90.08122,43.37802000000001,147.26793073000002,0.9560157,1290.653295993805,2500,2500,2440.0,330.4247903581432,2.266002224245684,20.0,4.325062347753818,1.326820473724104,0.8908874515481935,1.788821124306152,1.941592464963908,26.536409,2.556178,2501,2501,0,,0,1,dc_open_loop_gain_db,1.8602,56.747,82.1639,60.064,148.1022,0.35,1.45
opamp,SKY130-OPAMP,7,14,426345,ABC,40,-86.98925,86.98925,0,1,6.38655,56.77779999999999,93.09686,56.63718,145.47919398999997,0.9622917,0,0,0,0,0,0,1396.0,1,-86.98925,86.98925,6.38655,56.77779999999999,93.09686,56.63718,145.47919398999997,0.9622917,1294.0211394801736,2500,2500,2500.0,560.9558784953981,11.849792588848745,12.936392031827788,2.3840165322591296,2.7419855484073867,0.8729306156794268,1.5711820572771704,2.527558531889887,35.467583,2.854324,2501,2499,2,measure_failed=2,0,1,dc_open_loop_gain_db,1.8602,56.747,82.1639,60.064,148.1022,0.35,1.45
opamp,SKY130-OPAMP,7,28,440345,ABC,40,-86.9894,86.9894,0,1,8.18488,57.8758,93.39808,58.83192,148.0341072,1.077553,0,0,0,0,0,0,288.0,1,-86.9894,86.9894,8.18488,57.8758,93.39808,58.83192,148.0341072,1.077553,1301.3677257597446,2500,2500,1080.0,56.2761456582633,6.805098794825036,20.0,1.9866014859648653,3.158319417833748,0.8343461013885463,1.1998216421557326,1.6065454505698726,63.166388,2.615368,2501,2501,0,,0,1,dc_open_loop_gain_db,1.8602,56.747,82.1639,60.064,148.1022,0.35,1.45
opamp,SKY130-OPAMP,7,12,424345,ABC,40,-87.00973,87.00973,0,1,6.55822,56.9794,92.86104,53.90064,147.51284200999996,1.023252,0,0,0,0,0,0,219.0,1,-87.00973,87.00973,6.55822,56.9794,92.86104,53.90064,147.51284200999996,1.023252,1308.4012258201838,2500,2500,1960.0,26.888808457382964,9.876969284002742,20.0,1.929865292147982,2.4566281678719326,0.8661868425029192,1.283151408639579,2.36718182199096,49.132563,2.053423,2501,2501,0,,0,1,dc_open_loop_gain_db,1.8602,56.747,82.1639,60.064,148.1022,0.35,1.45
opamp,SKY130-OPAMP,7,9,421345,ABC,40,-87.47623,87.47623,0,1,8.21025,60.159400000000005,91.05853,55.11762,145.91549133,1.146018,0,0,0,0,0,0,961.0,1,-87.47623,87.47623,8.21025,60.159400000000005,91.05853,55.11762,145.91549133,1.146018,1309.4980539381504,2500,2500,2440.0,313.68258117847137,2.5271431937415376,14.811293462529797,1.0,4.138080373518464,0.6318239960704781,1.4697171549266992,0.8464067821516488,61.28497,1.307269,2501,2501,0,,0,1,dc_open_loop_gain_db,1.8602,56.747,82.1639,60.064,148.1022,0.35,1.45
opamp,SKY130-OPAMP,7,25,437345,ABC,40,-86.70596,86.70596,0,1,8.04891,57.20159999999999,93.51058,58.67568,145.65333513000002,1.042887,0,0,0,0,0,0,1310.0,1,-86.70596,86.70596,8.04891,57.20159999999999,93.51058,58.67568,145.65333513000002,1.042887,1311.061074435711,2500,2500,2280.0,445.3945603161265,8.075438383254923,20.0,2.291132305682697,3.0655802148853435,0.8497554499185269,1.1661729249970387,1.7445023979952583,61.311604,2.982718,2501,2501,0,,0,1,dc_open_loop_gain_db,1.8602,56.747,82.1639,60.064,148.1022,0.35,1.45
opamp,SKY130-OPAMP,7,8,420345,ABC,40,-87.92806,87.92806,0,1,7.10804,57.3172,92.99663,58.23846,141.017932,1.035193,0,0,0,0,0,0,919.0,1,-87.92806,87.92806,7.10804,57.3172,92.99663,58.23846,141.017932,1.035193,1322.778370000422,2500,2500,2440.0,281.49702370148054,5.565791589004117,9.765313489539071,1.9909796983971448,3.3990301663698386,0.7916642570116532,2.0,1.498360109159938,33.19153,2.677436,2501,2501,0,,0,1,dc_open_loop_gain_db,1.8602,56.747,82.1639,60.064,148.1022,0.35,1.45
opamp,SKY130-OPAMP,7,22,434345,ABC,40,-86.16094,86.16094,0,1,7.82912,58.598900000000015,93.32791,59.91426,145.78216117999995,0.9861628,0,0,0,0,0,0,541.0,1,-86.16094,86.16094,7.82912,58.598900000000015,93.32791,59.91426,145.78216117999995,0.9861628,1324.2675714194777,2500,2500,1960.0,156.0026558643457,10.512196944824598,20.0,2.813533862911222,3.1632610412018245,0.860204794099913,1.088094111011295,1.9383807196675933,63.265221,3.829881,2501,2501,0,,0,1,dc_open_loop_gain_db,1.8602,56.747,82.1639,60.064,148.1022,0.35,1.45
opamp,SKY130-OPAMP,7,11,423345,ABC,40,-87.15012,87.15012,0,1,5.503,62.08870000000002,91.63005,56.806740000000005,140.73540400000002,1.008445,0,0,0,0,0,0,117.0,1,-87.15012,87.15012,5.503,62.08870000000002,91.63005,56.806740000000005,140.73540400000002,1.008445,1324.085848145187,2500,2500,2440.0,-36.584772424969984,9.080267103694895,9.173742905127444,1.8137681046424956,3.047480156994677,0.8197430674871883,2.0,2.5409820787483004,27.96063,2.267072,2501,2501,0,,0,1,dc_open_loop_gain_db,1.8602,56.747,82.1639,60.064,148.1022,0.35,1.45
opamp,SKY130-OPAMP,7,19,431345,ABC,40,-85.96161,85.96161,0,1,7.03086,60.86609999999999,93.20218,59.33196,147.9571093,0.9278824,0,0,0,0,0,0,401.0,1,-85.96161,85.96161,7.03086,60.86609999999999,93.20218,59.33196,147.9571093,0.9278824,1336.9914749190211,2500,2500,2440.0,91.58858029411763,11.143519498134758,20.0,3.5694810655931444,3.0164077060033496,0.8818824198417569,1.101804242880272,2.248645808977608,60.328154,4.748309,2501,2501,0,,0,1,dc_open_loop_gain_db,1.8602,56.747,82.1639,60.064,148.1022,0.35,1.45
opamp,SKY130-OPAMP,7,20,432345,ABC,40,-87.73123,87.73123,0,1,7.18872,56.92829999999999,93.69381,57.38508000000001,147.94431593999997,1.021606,0,0,0,0,0,0,970.0,1,-87.73123,87.73123,7.18872,56.92829999999999,93.69381,57.38508000000001,147.94431593999997,1.021606,1338.0822077393532,2500,2500,2360.0,313.32516503001204,8.993496369707456,13.986377640829916,1.9642713021689888,2.952404340500656,0.8467736295350099,1.578232410908642,1.9503548988374488,41.289375,2.456268,2501,2501,0,,0,1,dc_open_loop_gain_db,1.8602,56.747,82.1639,60.064,148.1022,0.35,1.45
opamp,SKY130-OPAMP,7,24,436345,ABC,40,-86.36486,86.36486,0,1,7.01145,56.93209999999999,93.38807,54.84096,136.48771202,0.9539211,0,0,0,0,0,0,1460.0,1,-86.36486,86.36486,7.01145,56.93209999999999,93.38807,54.84096,136.48771202,0.9539211,1340.1082619130611,2500,2500,2360.0,506.4719042436975,6.275678329981509,20.0,3.057813935937503,2.5376903619170488,0.8694941053484888,1.2085056058869874,1.9490456845117647,50.753807,3.375955,2501,2501,0,,0,1,dc_open_loop_gain_db,1.8602,56.747,82.1639,60.064,148.1022,0.35,1.45
opamp,SKY130-OPAMP,7,17,429345,ABC,40,-86.07263,86.07263,0,1,4.91502,56.90439999999998,89.86825,52.58286,148.08766758499996,1.056954,0,0,0,0,0,0,513.0,1,-86.07263,86.07263,4.91502,56.90439999999998,89.86825,52.58286,148.08766758499996,1.056954,1343.5445945486426,2500,2500,1880.0,124.37143047018812,15.735283731307009,11.621603948208486,2.00320378474482,2.2506737628407603,0.878476929641453,1.7074317037838111,4.204245587249115,26.152829,1.982108,2501,2501,0,,0,1,dc_open_loop_gain_db,1.8602,56.747,82.1639,60.064,148.1022,0.35,1.45
opamp,SKY130-OPAMP,7,7,419345,ABC,40,-87.66216,87.66216,0,1,6.91741,57.36109999999999,93.10738,59.316840000000006,146.955568,1.032622,0,0,0,0,0,0,524.0,1,-87.66216,87.66216,6.91741,57.36109999999999,93.10738,59.316840000000006,146.955568,1.032622,1343.6390880942345,2500,2500,2200.0,156.23596428971587,6.667226517267872,9.838868685894209,2.1793339131125924,3.364526588306954,0.8182624826408968,2.0,1.7040545769851123,33.106942,3.000842,2501,2501,0,,0,1,dc_open_loop_gain_db,1.8602,56.747,82.1639,60.064,148.1022,0.35,1.45
opamp,SKY130-OPAMP,7,2,414345,ABC,40,-86.68084,86.68084,0,1,4.90829,61.47779999999999,91.21458,48.85398,148.08472067999998,1.034462,0,0,0,0,0,0,599.0,1,-86.68084,86.68084,4.90829,61.47779999999999,91.21458,48.85398,148.08472067999998,1.034462,1351.5611379817128,2500,2500,2440.0,156.7978105222089,4.768853645993336,20.0,3.338210119041954,1.8005563476379085,0.8962552309500411,1.5579786581805732,2.680733730701077,36.011127,2.694976,2501,2501,0,,0,1,dc_open_loop_gain_db,1.8602,56.747,82.1639,60.064,148.1022,0.35,1.45
opamp,SKY130-OPAMP,7,4,416345,ABC,40,-87.03624,87.03624,0,1,6.30034,64.27789999999999,92.94367,58.93236,134.63917362,1.02234,0,0,0,0,0,0,228.0,1,-87.03624,87.03624,6.30034,64.27789999999999,92.94367,58.93236,134.63917362,1.02234,1355.5368221998217,2500,2500,2440.0,25.947978397358952,6.470178886181662,12.0124838037002,2.537923895013262,3.141860359006097,0.8362711138073375,1.6197430285592591,2.0459426973664026,37.733743,3.336858,2501,2501,0,,0,1,dc_open_loop_gain_db,1.8602,56.747,82.1639,60.064,148.1022,0.35,1.45
opamp,SKY130-OPAMP,7,23,435345,ABC,40,-87.6335,87.6335,0,1,6.90075,56.77719999999999,92.55026,54.18449999999999,147.82656096,1.077796,0,0,0,0,0,0,274.0,1,-87.6335,87.6335,6.90075,56.77719999999999,92.55026,54.18449999999999,147.82656096,1.077796,1366.4825438782573,2500,2500,1720.0,25.27679288515405,12.71292326519767,15.262085496026083,1.0,2.855425519239615,0.7939559037251143,1.441171830793453,2.131422797378611,43.573793,1.133541,2501,2500,1,measure_failed=1,0,1,dc_open_loop_gain_db,1.8602,56.747,82.1639,60.064,148.1022,0.35,1.45
opamp,SKY130-OPAMP,7,26,438345,ABC,40,-87.53884,87.53884,0,1,7.06034,56.74780000000001,93.45647,59.45022,147.69567575000002,1.025554,0,0,0,0,0,0,596.0,1,-87.53884,87.53884,7.06034,56.74780000000001,93.45647,59.45022,147.69567575000002,1.025554,1381.9954752624035,2500,2500,2360.0,152.8965613165266,9.861882653679237,11.07233365306264,2.015080375728978,3.231506476403317,0.8399778434645272,1.7478354346231186,1.9984936718494009,35.772777,2.734752,2501,2501,0,,0,1,dc_open_loop_gain_db,1.8602,56.747,82.1639,60.064,148.1022,0.35,1.45
opamp,SKY130-OPAMP,7,9,421345,GWO,40,-87.86684,87.86684,0,1,6.36614,60.88879999999999,92.8303,53.20476,147.38241336000002,1.026133,0,0,0,0,0,0,93.0,1,-87.86684,87.86684,6.36614,60.88879999999999,92.8303,53.20476,147.38241336000002,1.026133,845.2696705237031,2500,2500,2360.0,-35.472666332533,3.936395412860668,14.082582919030989,2.3854167434345404,2.668434393500121,0.8121817419563196,1.8213538675423475,1.5257322422215596,37.584898,2.58445,2501,2500,1,timeout=1,1,1,dc_open_loop_gain_db,1.8602,56.747,82.1639,60.064,148.1022,0.35,1.45
opamp,SKY130-OPAMP,7,20,432345,GWO,40,910.36563,89.63437,1,0,20.3777,-19.595700000000026,95.4098,45.500220000000006,141.80502399999995,1.120621,0,1,0,0,0,0,,0,inf,,,,,,,,879.0050290618092,2500,2500,1840.0,911.9257525410164,8.504462988665987,12.990971363729097,1.1095306656681765,1.9149381616423324,0.7691686511695938,2.0,0.1,24.875047,0.817465,2501,2499,2,measure_failed=1;timeout=1,1,1,dc_open_loop_gain_db,1.8602,56.747,82.1639,60.064,148.1022,0.35,1.45
opamp,SKY130-OPAMP,7,7,419345,GWO,40,-88.18372,88.18372,0,1,5.07607,58.7414,91.25074,45.43758,147.88542978,1.079361,0,0,0,0,0,0,67.0,1,-88.18372,88.18372,5.07607,58.7414,91.25074,45.43758,147.88542978,1.079361,910.9410430472344,2500,2500,2500.0,-52.8170757262905,4.740022686403041,15.861082644169974,1.615218236318127,1.832965714890601,0.8031616305839547,1.978993798838238,2.17047366175593,29.070836,1.188775,2501,2500,1,timeout=1,1,1,dc_open_loop_gain_db,1.8602,56.747,82.1639,60.064,148.1022,0.35,1.45
opamp,SKY130-OPAMP,7,19,431345,GWO,40,-87.19226,87.19226,0,1,5.23419,69.66239999999999,91.61888,57.101220000000005,146.22331962,1.016505,0,0,0,0,0,0,175.0,1,-87.19226,87.19226,5.23419,69.66239999999999,91.61888,57.101220000000005,146.22331962,1.016505,979.3707635737956,2500,2500,2480.0,-6.329043503401354,10.584602981016316,12.492817588798689,1.6257052076399077,2.9974731392175404,0.8319330758286839,1.646318891449905,2.8837181045303684,37.453427,2.026129,2501,2500,1,timeout=1,1,1,dc_open_loop_gain_db,1.8602,56.747,82.1639,60.064,148.1022,0.35,1.45
opamp,SKY130-OPAMP,7,15,427345,GWO,40,-81.79977,81.79977,0,1,4.48547,62.3085,88.24557999999999,56.84562,146.84260461,1.12429,0,0,0,0,0,0,37.0,1,-81.79977,81.79977,4.48547,62.3085,88.24557999999999,56.84562,146.84260461,1.12429,1071.186256973073,2500,2500,40.0,-81.79977,28.126120387559133,17.44394093416201,9.93751385277396,2.65498849604822,0.8676070083626214,0.8711387329003174,4.467753386756429,46.316274,11.448329,2501,2500,1,timeout=1,1,1,dc_open_loop_gain_db,1.8602,56.747,82.1639,60.064,148.1022,0.35,1.45
opamp,SKY130-OPAMP,7,2,414345,GWO,40,-82.9204,82.9204,0,1,2.59884,83.29090000000002,85.81911,50.34582,104.28391866,0.8234108,0,0,0,0,0,0,80.0,1,-82.9204,82.9204,2.59884,83.29090000000002,85.81911,50.34582,104.28391866,0.8234108,1154.1839171927422,2500,2500,560.0,-50.19658175670267,5.002127233487281,13.039283211635365,4.459738925805868,1.9222408083735587,0.9084609174699776,1.4123870347015055,5.868307932635077,25.06602,3.894206,2501,2500,1,timeout=1,1,1,dc_open_loop_gain_db,1.8602,56.747,82.1639,60.064,148.1022,0.35,1.45
opamp,SKY130-OPAMP,7,0,412345,GWO,40,-80.21054,80.21054,0,1,3.13613,64.80980000000001,87.6233,52.30746,130.73118795000002,0.3856755,0,0,0,0,0,0,154.0,1,-80.21054,80.21054,3.13613,64.80980000000001,87.6233,52.30746,130.73118795000002,0.3856755,1244.9784293528646,2500,2500,160.0,-14.389944697879155,6.059728874946884,11.92802852436034,17.79582988917052,2.094704495280728,0.9451782352086316,1.1438027162360511,5.264480467262823,24.989825,17.615885,2501,2498,3,measure_failed=2;timeout=1,1,1,dc_open_loop_gain_db,1.8602,56.747,82.1639,60.064,148.1022,0.35,1.45
opamp,SKY130-OPAMP,7,3,415345,GWO,40,910.20268,89.79732,1,0,13.3972,-0.9821000000000026,95.27301,44.02116,147.777398,1.140872,0,1,0,0,0,0,,0,inf,,,,,,,,1350.7345447428524,2500,2500,2500.0,912.9119072609044,6.807504787722126,15.93109658557528,1.090416511721772,1.76909007372521,0.7540235815076816,1.9320140169883824,0.421878186668041,28.181605,0.726995,2501,2500,1,timeout=1,1,1,dc_open_loop_gain_db,1.8602,56.747,82.1639,60.064,148.1022,0.35,1.45
opamp,SKY130-OPAMP,7,24,436345,GWO,40,-76.8417,76.8417,0,1,3.07259,68.77159999999999,85.82555,59.364,106.89129594,0.4533142,0,0,0,0,0,0,97.0,1,-76.8417,76.8417,3.07259,68.77159999999999,85.82555,59.364,106.89129594,0.4533142,1478.5397768430412,2500,2500,120.0,-28.05633435374149,27.948144929391717,16.054090541600548,7.909045867574257,2.936864093207813,0.944888031335999,0.6609734007761334,6.22301950610052,47.151353,10.975156,2501,2500,1,timeout=1,1,1,dc_open_loop_gain_db,1.8602,56.747,82.1639,60.064,148.1022,0.35,1.45
opamp,SKY130-OPAMP,7,4,416345,GWO,40,-83.11804,83.11804,0,1,3.91919,71.0112,89.53836999999999,51.34518,84.89151527999998,0.6121012,0,0,0,0,0,0,240.0,1,-83.11804,83.11804,3.91919,71.0112,89.53836999999999,51.34518,84.89151527999998,0.6121012,1553.5568170510232,2500,2500,240.0,12.137745714285728,4.75791777924661,8.30664115048573,1.0,3.032625995503237,0.7265510372058879,1.5595560995388336,2.767142484539468,25.185959,1.101679,2501,2501,0,,0,1,dc_open_loop_gain_db,1.8602,56.747,82.1639,60.064,148.1022,0.35,1.45
opamp,SKY130-OPAMP,7,29,441345,GWO,40,-86.43848,86.43848,0,1,5.58438,61.434,92.0064,55.60074000000001,145.61630978999997,1.04211,0,0,0,0,0,0,171.0,1,-86.43848,86.43848,5.58438,61.434,92.0064,55.60074000000001,145.61630978999997,1.04211,1556.5598095729947,2500,2500,2500.0,-5.675492821128456,11.391944685467912,14.77901998677286,3.1861263506718798,2.5583349293001025,0.8732494627657369,1.4565885244127663,3.003389259044353,37.81219,3.557748,2501,2501,0,,0,1,dc_open_loop_gain_db,1.8602,56.747,82.1639,60.064,148.1022,0.35,1.45
opamp,SKY130-OPAMP,7,22,434345,GWO,40,-83.15192,83.15192,0,1,3.50085,65.6608,87.17215,51.19218,115.4094525,0.9622448,0,0,0,0,0,0,245.0,1,-83.15192,83.15192,3.50085,65.6608,87.17215,51.19218,115.4094525,0.9622448,1558.1778601724654,2500,2500,920.0,29.940517454981997,9.517044855583167,12.620393286954185,8.11337861270139,1.9576220511634752,0.8966795969377458,1.2519463262164148,5.934102908963044,24.70519,7.122372,2501,2500,1,measure_failed=1,0,1,dc_open_loop_gain_db,1.8602,56.747,82.1639,60.064,148.1022,0.35,1.45
opamp,SKY130-OPAMP,7,18,430345,GWO,40,-82.3845,82.3845,0,1,3.4238,62.10600000000001,85.175,47.52792,142.30777899999998,0.738082,0,0,0,0,0,0,515.0,1,-82.3845,82.3845,3.4238,62.10600000000001,85.175,47.52792,142.30777899999998,0.738082,1561.4847265556457,2500,2500,520.0,126.76267961184472,22.6733524335044,20.0,1.1201422462617607,1.685214231160143,0.9095016319298468,1.163954007686334,8.268361578701002,33.704285,0.858315,2501,2501,0,,0,1,dc_open_loop_gain_db,1.8602,56.747,82.1639,60.064,148.1022,0.35,1.45
opamp,SKY130-OPAMP,7,12,424345,GWO,40,-88.41376,88.41376,0,1,6.90253,61.7116,90.73309,49.97034,144.377342,1.073972,0,0,0,0,0,0,535.0,1,-88.41376,88.41376,6.90253,61.7116,90.73309,49.97034,144.377342,1.073972,1561.3764684256166,2500,2500,2500.0,136.17539366146457,1.7140183788085317,10.291768545710744,1.1199393770327832,4.337181355231017,0.538975369990473,1.997979993936528,0.6515881899080468,44.629596,1.309075,2501,2501,0,,0,1,dc_open_loop_gain_db,1.8602,56.747,82.1639,60.064,148.1022,0.35,1.45
opamp,SKY130-OPAMP,7,11,423345,GWO,40,-87.90016,87.90016,0,1,5.2127,59.682500000000005,91.27039,44.44848,146.60893933,1.116579,0,0,0,0,0,0,289.0,1,-87.90016,87.90016,5.2127,59.682500000000005,91.27039,44.44848,146.60893933,1.116579,1562.7855345550925,2500,2500,2480.0,43.488235394157655,3.467728674645853,19.52906843411036,1.494397354534369,1.814293093954314,0.7839040904586856,1.7172958682678894,1.7952117732114978,35.433144,1.063118,2501,2501,0,,0,1,dc_open_loop_gain_db,1.8602,56.747,82.1639,60.064,148.1022,0.35,1.45
opamp,SKY130-OPAMP,7,16,428345,GWO,40,-86.3996,86.3996,0,1,4.61434,62.142700000000005,90.07844,50.38056,145.12391580500002,1.101746,0,0,0,0,0,0,28.0,1,-86.3996,86.3996,4.61434,62.142700000000005,90.07844,50.38056,145.12391580500002,1.101746,1566.265642678365,2500,2500,2500.0,-82.97609639055621,8.099529574778343,15.606261136984122,2.894598497571247,1.9493300469671293,0.8887187299487281,1.6826184605911678,3.656531963559902,30.419295,2.507658,2501,2500,1,measure_failed=1,0,1,dc_open_loop_gain_db,1.8602,56.747,82.1639,60.064,148.1022,0.35,1.45
opamp,SKY130-OPAMP,7,27,439345,GWO,40,-87.2399,87.2399,0,1,4.70502,67.70780000000002,90.86034,50.80553999999999,147.87987707999997,1.047245,0,0,0,0,0,0,306.0,1,-87.2399,87.2399,4.70502,67.70780000000002,90.86034,50.80553999999999,147.87987707999997,1.047245,1568.5121990498155,2500,2500,2500.0,44.67557301520611,6.055119850420017,14.861683853864784,2.18286459935324,2.191781688902493,0.8514436134454163,1.82887052348418,2.817585320310647,32.569876,2.0388,2501,2499,2,measure_failed=2,0,1,dc_open_loop_gain_db,1.8602,56.747,82.1639,60.064,148.1022,0.35,1.45
opamp,SKY130-OPAMP,7,5,417345,GWO,40,-85.59901,85.59901,0,1,4.74326,57.10639999999998,90.91418,48.39246,145.21306824,1.055676,0,0,0,0,0,0,496.0,1,-85.59901,85.59901,4.74326,57.10639999999998,90.91418,48.39246,145.21306824,1.055676,1569.4016149677336,2500,2500,2500.0,127.33057671268509,4.10035761409662,17.154653399423836,5.663766645041766,1.689542199492827,0.9175304969815082,1.6645260618627642,2.650418595728788,28.984096,4.39096,2501,2501,0,,0,1,dc_open_loop_gain_db,1.8602,56.747,82.1639,60.064,148.1022,0.35,1.45
opamp,SKY130-OPAMP,7,10,422345,GWO,40,-86.57963,86.57963,0,1,5.73159,61.0116,92.84995,54.2268,147.38031824499998,0.9513728,0,0,0,0,0,0,100.0,1,-86.57963,86.57963,5.73159,61.0116,92.84995,54.2268,147.38031824499998,0.9513728,1571.3821716737002,2500,2500,2500.0,-3.299308601440597,5.670621987476541,15.295512918420728,4.04809260527831,2.414230137458779,0.8798681304293551,1.617187689896105,2.280649842794263,36.92565,4.301513,2501,2501,0,,0,1,dc_open_loop_gain_db,1.8602,56.747,82.1639,60.064,148.1022,0.35,1.45
opamp,SKY130-OPAMP,7,23,435345,GWO,40,-88.20601,88.20601,0,1,5.74251,65.9233,92.01191,51.0147,146.754702,1.030728,0,0,0,0,0,0,72.0,1,-88.20601,88.20601,5.74251,65.9233,92.01191,51.0147,146.754702,1.030728,1575.131936248392,2500,2500,2500.0,-54.31296580832333,3.2713660835354035,12.798496588293697,2.030808455004856,2.740792908149633,0.7531536232290219,2.0,1.425978479715079,35.082149,2.095202,2501,2501,0,,0,1,dc_open_loop_gain_db,1.8602,56.747,82.1639,60.064,148.1022,0.35,1.45
opamp,SKY130-OPAMP,7,26,438345,GWO,40,-87.86273,87.86273,0,1,5.28268,59.6575,91.51933,46.95444,146.64666234,1.081947,0,0,0,0,0,0,250.0,1,-87.86273,87.86273,5.28268,59.6575,91.51933,46.95444,146.64666234,1.081947,1575.0979281254113,2500,2500,2500.0,26.972053183273307,4.634220149208761,18.03109255625448,1.7653172718872945,1.888023192707207,0.8274211732025991,1.740487626891236,2.1686393095695387,34.041058,1.378633,2501,2501,0,,0,1,dc_open_loop_gain_db,1.8602,56.747,82.1639,60.064,148.1022,0.35,1.45
opamp,SKY130-OPAMP,7,6,418345,GWO,40,-85.01307,85.01307,0,1,5.81844,59.6335,91.7252,55.2294,100.38566855999998,0.9770967,0,0,0,0,0,0,135.0,1,-85.01307,85.01307,5.81844,59.6335,91.7252,55.2294,100.38566855999998,0.9770967,1583.2265865243971,2500,2500,480.0,-17.261454289715882,7.894083111163906,13.14093269040493,4.12292363448503,2.52442787933215,0.8770777531902268,1.1385714608033128,2.742176453519661,33.170982,4.566622,2501,2501,0,,0,1,dc_open_loop_gain_db,1.8602,56.747,82.1639,60.064,148.1022,0.35,1.45
opamp,SKY130-OPAMP,7,25,437345,GWO,40,-81.7801,81.7801,0,1,6.04247,58.1428,90.19418,54.93276000000001,66.623561515,0.6815147,0,0,0,0,0,0,281.0,1,-81.7801,81.7801,6.04247,58.1428,90.19418,54.93276000000001,66.623561515,0.6815147,1584.7271203715354,2500,2500,640.0,47.78648220488195,4.990076005584105,13.187737453210792,5.062808025670253,2.4868279131996744,0.8859344708799518,0.7869221593702114,2.412087536033184,32.80126,5.579519,2501,2501,0,,0,1,dc_open_loop_gain_db,1.8602,56.747,82.1639,60.064,148.1022,0.35,1.45
opamp,SKY130-OPAMP,7,14,426345,GWO,40,-87.2647,87.2647,0,1,6.07931,58.4451,92.86725,54.302400000000006,147.9259578,1.011369,0,0,0,0,0,0,141.0,1,-87.2647,87.2647,6.07931,58.4451,92.86725,54.302400000000006,147.9259578,1.011369,1585.5450472608209,2500,2500,2500.0,11.981621636654657,8.365188499812414,15.328697999377413,2.7107277117966557,2.452894890230612,0.8772829550689756,1.5874238991793987,2.449423192040637,37.602879,2.915801,2501,2501,0,,0,1,dc_open_loop_gain_db,1.8602,56.747,82.1639,60.064,148.1022,0.35,1.45
opamp,SKY130-OPAMP,7,1,413345,GWO,40,-88.1454,88.1454,0,1,4.89801,65.13919999999999,90.60581,41.22432,140.160684,1.120412,0,0,0,0,0,0,104.0,1,-88.1454,88.1454,4.89801,65.13919999999999,90.60581,41.22432,140.160684,1.120412,1585.57436128892,2500,2500,2480.0,-35.579823777510995,2.0117730368686506,15.165924259719384,1.2901315543156482,2.129322018815432,0.6255759280252707,2.0,1.1312987475941716,32.291168,0.859174,2501,2501,0,,0,1,dc_open_loop_gain_db,1.8602,56.747,82.1639,60.064,148.1022,0.35,1.45
opamp,SKY130-OPAMP,7,8,420345,GWO,40,-82.51391,82.51391,0,1,3.01,71.0085,85.98995,45.90738,85.783349635,0.8330562,0,0,0,0,0,0,201.0,1,-82.51391,82.51391,3.01,71.0085,85.98995,45.90738,85.783349635,0.8330562,1590.753795998171,2500,2500,280.0,12.93691877350941,6.393921079506988,20.0,1.0,1.7157882353630365,0.8389516028990723,0.9546830453481508,5.694639134918883,34.315765,0.719732,2501,2501,0,,0,1,dc_open_loop_gain_db,1.8602,56.747,82.1639,60.064,148.1022,0.35,1.45
opamp,SKY130-OPAMP,7,13,425345,GWO,40,-86.01686,86.01686,0,1,6.82175,58.0746,93.79358,57.04866,147.22908660000002,0.9303804,0,0,0,0,0,0,261.0,1,-86.01686,86.01686,6.82175,58.0746,93.79358,57.04866,147.22908660000002,0.9303804,1594.3140310682356,2500,2500,2480.0,27.976157815126054,6.618295757089958,16.78475380995329,5.718417175211254,2.699268204729216,0.8713502390977684,1.335888035446213,2.0500446550525218,45.307217,6.726743,2501,2501,0,,0,1,dc_open_loop_gain_db,1.8602,56.747,82.1639,60.064,148.1022,0.35,1.45
opamp,SKY130-OPAMP,7,28,440345,GWO,40,-82.31941,82.31941,0,1,4.09328,60.44239999999999,86.56873,36.86616,75.15451237999999,0.7945377,0,0,0,0,0,0,109.0,1,-82.31941,82.31941,4.09328,60.44239999999999,86.56873,36.86616,75.15451237999999,0.7945377,1595.2065928597003,2500,2500,760.0,-32.92977178471389,1.0,13.618216989448609,1.075052562372271,1.7738430640631018,0.5618743138421943,1.341260842759903,1.0824057117241086,24.159743,0.535714,2501,2501,0,,0,1,dc_open_loop_gain_db,1.8602,56.747,82.1639,60.064,148.1022,0.35,1.45
opamp,SKY130-OPAMP,7,17,429345,GWO,40,-83.96213,83.96213,0,1,2.70116,91.4926,86.10305,52.34976,117.44931610999998,1.317666,0,0,0,0,0,0,221.0,1,-83.96213,83.96213,2.70116,91.4926,86.10305,52.34976,117.44931610999998,1.317666,1598.7133581228554,2500,2500,600.0,11.929957242897157,6.487610142193376,16.590722379055155,1.6750941181900376,2.424369877118161,0.8224694469567728,1.2852430619256845,5.424292894123543,40.220296,1.66995,2501,2501,0,,0,1,dc_open_loop_gain_db,1.8602,56.747,82.1639,60.064,148.1022,0.35,1.45
opamp,SKY130-OPAMP,7,21,433345,GWO,40,-82.19877,82.19877,0,1,3.98318,77.8717,88.47489999999999,59.51160000000001,76.44112080000001,0.7896142,0,0,0,0,0,0,142.0,1,-82.19877,82.19877,3.98318,77.8717,88.47489999999999,59.51160000000001,76.44112080000001,0.7896142,1623.1197178550065,2500,2500,600.0,-16.25167119647858,6.951585898501072,14.437483738405,1.5649755768104276,3.29122318161415,0.8319518123268542,0.8005771240906426,3.727470679797309,47.508807,2.142594,2501,2501,0,,0,1,dc_open_loop_gain_db,1.8602,56.747,82.1639,60.064,148.1022,0.35,1.45
opamp,SKY130-OPAMP,7,25,437345,FA,40,-88.9402,88.9402,0,1,7.9834,57.26020000000001,93.24602,54.5913,145.87723688,0.9996167,0,0,0,0,0,0,280.0,1,-88.9402,88.9402,7.9834,57.26020000000001,93.24602,54.5913,145.87723688,0.9996167,815.2145693302155,2500,2500,1796.0,26.38848585034013,4.046988595135336,11.585051256852772,1.0452856381559783,3.8494292117230415,0.6639746615540617,1.8407926153212744,1.0055354783351975,44.595637,1.33547,2501,2500,1,timeout=1,1,1,dc_open_loop_gain_db,1.8602,56.747,82.1639,60.064,148.1022,0.35,1.45
opamp,SKY130-OPAMP,7,27,439345,FA,40,-87.02255,87.02255,0,1,6.42837,60.13640000000001,92.3753,56.19546,147.58872492999998,1.117494,0,0,0,0,0,0,42.0,1,-87.02255,87.02255,6.42837,60.13640000000001,92.3753,56.19546,147.58872492999998,1.117494,851.842875290662,2500,2500,2422.0,-69.12149524209684,12.314180905577972,16.69122323345477,1.7442203862239731,2.7670241648879426,0.8490334130226018,1.3430026016490375,2.48847877224012,46.181633,2.049761,2501,2500,1,timeout=1,1,1,dc_open_loop_gain_db,1.8602,56.747,82.1639,60.064,148.1022,0.35,1.45
opamp,SKY130-OPAMP,7,0,412345,FA,40,-87.49449,87.49449,0,1,7.14073,57.98179999999999,92.5606,55.7334,146.11942044,1.092904,0,0,0,0,0,0,51.0,1,-87.49449,87.49449,7.14073,57.98179999999999,92.5606,55.7334,146.11942044,1.092904,884.4223408848047,2500,2500,2476.0,-66.13948936574629,12.641815839637834,15.33210716384058,1.0,3.0490198667617108,0.7885571775566995,1.3805526132515418,2.038495947462283,46.741475,1.202163,2501,2499,2,measure_failed=1;timeout=1,1,1,dc_open_loop_gain_db,1.8602,56.747,82.1639,60.064,148.1022,0.35,1.45
opamp,SKY130-OPAMP,7,12,424345,FA,40,-87.31051,87.31051,0,1,6.45996,62.8297,93.00049,58.44924,145.13180136,1.022263,0,0,0,0,0,0,56.0,1,-87.31051,87.31051,6.45996,62.8297,93.00049,58.44924,145.13180136,1.022263,975.8902411162852,2500,2500,2458.0,-63.32406147859144,10.208007555998693,13.882378643300518,1.903005979057336,3.0701848462607866,0.8459865666987165,1.4959838580572438,2.3043197764671195,42.614166,2.473962,2501,2500,1,timeout=1,1,1,dc_open_loop_gain_db,1.8602,56.747,82.1639,60.064,148.1022,0.35,1.45
opamp,SKY130-OPAMP,7,24,436345,FA,40,-86.16522,86.16522,0,1,4.81027,66.2979,91.13835,55.82772,140.1362589,0.9382035,0,0,0,0,0,0,106.0,1,-86.16522,86.16522,4.81027,66.2979,91.13835,55.82772,140.1362589,0.9382035,1023.1294139139354,2500,2500,2442.0,-39.16642339735896,9.98150734262111,12.037543089395966,3.0176383176478656,2.610029886857704,0.8693681369590089,1.649119135948229,3.401708274689191,31.42476,3.426306,2501,2500,1,timeout=1,1,1,dc_open_loop_gain_db,1.8602,56.747,82.1639,60.064,148.1022,0.35,1.45
opamp,SKY130-OPAMP,7,13,425345,FA,40,-86.89616,86.89616,0,1,5.33422,66.30360000000002,90.98811,54.3465,141.53519805000002,1.170913,0,0,0,0,0,0,203.0,1,-86.89616,86.89616,5.33422,66.30360000000002,90.98811,54.3465,141.53519805000002,1.170913,1118.6388370208442,2500,2500,2492.0,-2.5728645518207385,11.570550662796824,15.421466328814155,1.371522103762448,2.6648246221220666,0.8279533139745108,1.424050165619044,2.9824663773909643,41.091596,1.51135,2501,2500,1,timeout=1,1,1,dc_open_loop_gain_db,1.8602,56.747,82.1639,60.064,148.1022,0.35,1.45
opamp,SKY130-OPAMP,7,16,428345,FA,40,-84.99175,84.99175,0,1,4.64652,66.8594,89.3419,54.6426,144.982857935,1.161137,0,0,0,0,0,0,28.0,1,-84.99175,84.99175,4.64652,66.8594,89.3419,54.6426,144.982857935,1.161137,1207.3590230308473,2500,2500,2484.0,-82.60135785314125,25.453263673029,16.29561676999278,1.0757282441694382,2.65079144639418,0.8315703219225109,1.1154783615563262,4.06957939029386,43.194647,1.184822,2501,2500,1,timeout=1,1,1,dc_open_loop_gain_db,1.8602,56.747,82.1639,60.064,148.1022,0.35,1.45
opamp,SKY130-OPAMP,7,26,438345,FA,40,-87.02098,87.02098,0,1,5.91811,63.51819999999999,92.20374,55.87632,146.58186537,0.9987605,0,0,0,0,0,0,486.0,1,-87.02098,87.02098,5.91811,63.51819999999999,92.20374,55.87632,146.58186537,0.9987605,1312.9540484957397,2500,2500,2482.0,111.20527209083632,13.172196968932012,15.426817696135824,1.3635055016876274,2.8229575802199527,0.8369292258219846,1.3961315146787805,2.7095493042068144,43.544121,1.612485,2501,2500,1,timeout=1,1,1,dc_open_loop_gain_db,1.8602,56.747,82.1639,60.064,148.1022,0.35,1.45
opamp,SKY130-OPAMP,7,9,421345,FA,40,-85.91035,85.91035,0,1,6.38901,61.0146,93.24748,56.484,147.23039026,0.9349626,0,0,0,0,0,0,283.0,1,-85.91035,85.91035,6.38901,61.0146,93.24748,56.484,147.23039026,0.9349626,1435.5459942147136,2500,2500,2434.0,27.12456593837534,6.342921854232471,18.839387380419414,5.532229113218,2.6289288497115177,0.8744039011752944,1.2529854133026106,2.197254879834845,49.52902,6.356032,2501,2500,1,timeout=1,1,1,dc_open_loop_gain_db,1.8602,56.747,82.1639,60.064,148.1022,0.35,1.45
opamp,SKY130-OPAMP,7,6,418345,FA,40,-87.90319,87.90319,0,1,6.7526,60.500000000000014,92.81302,54.064440000000005,147.06180282,1.036253,0,0,0,0,0,0,329.0,1,-87.90319,87.90319,6.7526,60.500000000000014,92.81302,54.064440000000005,147.06180282,1.036253,1469.3119959272444,2500,2500,2395.0,47.33204620848337,8.729762468047781,16.377962653676725,1.07678416258639,2.8985321680135545,0.7865707250951243,1.456294827969403,1.961378632622971,47.477957,1.225447,2501,2501,0,,0,1,dc_open_loop_gain_db,1.8602,56.747,82.1639,60.064,148.1022,0.35,1.45
opamp,SKY130-OPAMP,7,17,429345,FA,40,-86.02464,86.02464,0,1,7.21499,57.52929999999998,93.95592,58.47012,138.769243515,0.9281743,0,0,0,0,0,0,216.0,1,-86.02464,86.02464,7.21499,57.52929999999998,93.95592,58.47012,138.769243515,0.9281743,1473.2929552868009,2500,2500,2304.0,0.8935387655062014,7.525902896627204,15.468308151500809,5.144400604816616,2.877019517487927,0.8607095235005958,1.2957117446768172,2.002053154200722,44.507492,6.370225,2501,2501,0,,0,1,dc_open_loop_gain_db,1.8602,56.747,82.1639,60.064,148.1022,0.35,1.45
opamp,SKY130-OPAMP,7,15,427345,FA,40,-88.12555,88.12555,0,1,6.04303,62.22320000000002,92.34868,51.749100000000006,137.36770525999998,1.024708,0,0,0,0,0,0,37.0,1,-88.12555,88.12555,6.04303,62.22320000000002,92.34868,51.749100000000006,137.36770525999998,1.024708,1478.2570711188018,2500,2500,2258.0,-85.73387151060423,5.822969159336616,13.445266408507669,1.3569821305418104,2.681644497729206,0.779407293492941,1.7465036250400785,1.8929667422095204,36.05471,1.416038,2501,2501,0,,0,1,dc_open_loop_gain_db,1.8602,56.747,82.1639,60.064,148.1022,0.35,1.45
opamp,SKY130-OPAMP,7,8,420345,FA,40,-86.7803,86.7803,0,1,5.73813,66.5446,91.59569,56.31318000000001,142.92850509,1.135692,0,0,0,0,0,0,47.0,1,-86.7803,86.7803,5.73813,66.5446,91.59569,56.31318000000001,142.92850509,1.135692,1487.568434629589,2500,2500,2453.0,-66.8178393517407,11.253322218566188,17.116987760469673,1.5304938280293603,2.848476181124474,0.8342183861710126,1.2968903843593067,2.727376826333259,48.75167,1.817832,2501,2501,0,,0,1,dc_open_loop_gain_db,1.8602,56.747,82.1639,60.064,148.1022,0.35,1.45
opamp,SKY130-OPAMP,7,22,434345,FA,40,-87.98497,87.98497,0,1,7.01765,58.734099999999984,93.04318,56.14650000000001,147.54864285999997,1.027777,0,0,0,0,0,0,130.0,1,-87.98497,87.98497,7.01765,58.734099999999984,93.04318,56.14650000000001,147.54864285999997,1.027777,1494.6379827298224,2500,2500,2401.0,-33.27373407763105,10.4692466239474,13.41789007576419,1.1562013553739243,3.12009666564891,0.790029797773007,1.5791306334076527,1.9540577528087355,41.871697,1.42352,2501,2501,0,,0,1,dc_open_loop_gain_db,1.8602,56.747,82.1639,60.064,148.1022,0.35,1.45
opamp,SKY130-OPAMP,7,18,430345,FA,40,-87.1225,87.1225,0,1,6.3261,57.01089999999999,91.9756,55.72152,144.423803615,1.047604,0,0,0,0,0,0,615.0,1,-87.1225,87.1225,6.3261,57.01089999999999,91.9756,55.72152,144.423803615,1.047604,1496.732389789075,2500,2500,2455.0,161.09469857142858,16.280858755947797,11.048316593737482,1.1055855744245644,2.979839347168126,0.8029184712581541,1.583801866762307,2.547107843504968,32.927225,1.321894,2501,2501,0,,0,1,dc_open_loop_gain_db,1.8602,56.747,82.1639,60.064,148.1022,0.35,1.45
opamp,SKY130-OPAMP,7,10,422345,FA,40,-87.95332,87.95332,0,1,7.88981,59.458200000000005,92.41653,58.64904000000001,135.8478279,1.164015,0,0,0,0,0,0,208.0,1,-87.95332,87.95332,7.88981,59.458200000000005,92.41653,58.64904000000001,135.8478279,1.164015,1496.6826377660036,2500,2500,1975.0,21.64018812725089,8.064596188968396,12.077225963476362,1.0222231343075816,3.7323787671815136,0.7359843586843766,1.5285390924969435,1.5274357686866895,45.068474,1.400956,2501,2501,0,,0,1,dc_open_loop_gain_db,1.8602,56.747,82.1639,60.064,148.1022,0.35,1.45
opamp,SKY130-OPAMP,7,28,440345,FA,40,-86.95775,86.95775,0,1,4.37718,84.85749999999999,90.54121,58.563,146.993179675,1.025591,0,0,0,0,0,0,90.0,1,-86.95775,86.95775,4.37718,84.85749999999999,90.54121,58.563,146.993179675,1.025591,1501.924903459847,2500,2500,2463.0,-49.55611902961185,8.458784431766054,14.380221275270433,1.1609315856134388,3.4831585120055397,0.7764324322473634,1.476169861501584,3.076181312990005,50.087819,1.568574,2501,2501,0,,0,1,dc_open_loop_gain_db,1.8602,56.747,82.1639,60.064,148.1022,0.35,1.45
opamp,SKY130-OPAMP,7,29,441345,FA,40,-87.61069,87.61069,0,1,6.13104,64.8913,91.66406,55.760940000000005,137.514593475,1.140217,0,0,0,0,0,0,52.0,1,-87.61069,87.61069,6.13104,64.8913,91.66406,55.760940000000005,137.514593475,1.140217,1503.3228578194976,2500,2500,2300.0,-61.81849590836335,10.454936207473462,12.052963090957,1.0,3.2403558265396777,0.7581659154237105,1.5757465190111064,2.2300147833570114,39.062489,1.228364,2501,2501,0,,0,1,dc_open_loop_gain_db,1.8602,56.747,82.1639,60.064,148.1022,0.35,1.45
opamp,SKY130-OPAMP,7,14,426345,FA,40,-87.0538,87.0538,0,1,6.42788,61.7577,92.88624,55.66626,139.18915237499996,1.055909,0,0,0,0,0,0,96.0,1,-87.0538,87.0538,6.42788,61.7577,92.88624,55.66626,139.18915237499996,1.055909,1509.905296586454,2500,2500,2371.0,-28.11904702480993,6.9775373566060646,17.163164131606607,2.4193506138034744,2.683002985878478,0.858273673244965,1.366889727197214,2.1605360746481024,46.053746,2.786329,2501,2501,0,,0,1,dc_open_loop_gain_db,1.8602,56.747,82.1639,60.064,148.1022,0.35,1.45
opamp,SKY130-OPAMP,7,23,435345,FA,40,-87.98721,87.98721,0,1,7.02462,57.56449999999998,93.26904,55.41876,147.50385722999997,1.039555,0,0,0,0,0,0,108.0,1,-87.98721,87.98721,7.02462,57.56449999999998,93.26904,55.41876,147.50385722999997,1.039555,1512.4906934984028,2500,2500,2324.0,-44.34302721688675,8.92120545621317,14.887873418144943,1.4553582844918962,2.862224902176179,0.8208627557292976,1.5537364446579198,1.945078409593931,42.618529,1.709257,2501,2501,0,,0,1,dc_open_loop_gain_db,1.8602,56.747,82.1639,60.064,148.1022,0.35,1.45
opamp,SKY130-OPAMP,7,21,433345,FA,40,-86.82033,86.82033,0,1,5.58475,62.13569999999999,91.08281,53.98776,145.75165755499998,1.10591,0,0,0,0,0,0,84.0,1,-86.82033,86.82033,5.58475,62.13569999999999,91.08281,53.98776,145.75165755499998,1.10591,1516.7551549524069,2500,2500,2133.0,-51.98304205682272,16.93160962325807,13.427736357500844,1.0,2.757661806378582,0.8056107535892303,1.44707661841061,2.983326939829346,37.035398,1.110801,2501,2501,0,,0,1,dc_open_loop_gain_db,1.8602,56.747,82.1639,60.064,148.1022,0.35,1.45
opamp,SKY130-OPAMP,7,19,431345,FA,40,-84.14444,84.14444,0,1,4.66158,57.69150000000002,89.84305,51.23016,141.99271462000002,1.092313,0,0,0,0,0,0,71.0,1,-84.14444,84.14444,4.66158,57.69150000000002,89.84305,51.23016,141.99271462000002,1.092313,1518.0699828118086,2500,2500,2486.0,-54.47752152060824,8.766329685022678,18.17955147642858,10.754514045009598,1.958284197833274,0.8860974157046776,1.1779509740065657,3.9387718848329416,35.601607,9.331202,2501,2501,0,,0,1,dc_open_loop_gain_db,1.8602,56.747,82.1639,60.064,148.1022,0.35,1.45
opamp,SKY130-OPAMP,7,5,417345,FA,40,-85.90696,85.90696,0,1,5.80066,57.28989999999999,92.36241,54.25272,139.00966061,0.9827972,0,0,0,0,0,0,416.0,1,-85.90696,85.90696,5.80066,57.28989999999999,92.36241,54.25272,139.00966061,0.9827972,1517.7544798664749,2500,2500,2500.0,82.03934344337739,9.008365321822314,15.691870674989095,4.629953325195072,2.349064576368837,0.8920719586961967,1.386032284336398,2.8060323877867988,36.856823,4.851163,2501,2501,0,,0,1,dc_open_loop_gain_db,1.8602,56.747,82.1639,60.064,148.1022,0.35,1.45
opamp,SKY130-OPAMP,7,4,416345,FA,40,-87.17169,87.17169,0,1,6.17717,65.5273,92.17656,59.21478,146.27323495000002,0.9850681,0,0,0,0,0,0,45.0,1,-87.17169,87.17169,6.17717,65.5273,92.17656,59.21478,146.27323495000002,0.9850681,1519.9486272446811,2500,2500,2012.0,-67.17769240496197,14.58145041965678,11.067740070457983,1.0,3.585007958001345,0.7719875189480292,1.5521997803121943,2.401914862187164,39.686038,1.383791,2501,2501,0,,0,1,dc_open_loop_gain_db,1.8602,56.747,82.1639,60.064,148.1022,0.35,1.45
opamp,SKY130-OPAMP,7,20,432345,FA,40,-86.26689,86.26689,0,1,5.19733,61.2533,90.55012,52.35642,145.95188714999998,1.061047,0,0,0,0,0,0,74.0,1,-86.26689,86.26689,5.19733,61.2533,90.55012,52.35642,145.95188714999998,1.061047,1519.484848137945,2500,2500,2177.0,-56.37428209483793,19.17227531340541,14.95273041731438,1.0041245109310406,2.46231728644241,0.8312797293976015,1.347559422745761,3.497821104205919,36.823955,1.028554,2501,2501,0,,0,1,dc_open_loop_gain_db,1.8602,56.747,82.1639,60.064,148.1022,0.35,1.45
opamp,SKY130-OPAMP,7,11,423345,FA,40,-87.28786,87.28786,0,1,5.59802,60.24120000000002,91.66937,52.24914,147.70290745,1.096906,0,0,0,0,0,0,59.0,1,-87.28786,87.28786,5.59802,60.24120000000002,91.66937,52.24914,147.70290745,1.096906,1519.94879533723,2500,2500,2448.0,-63.37461668267307,10.51024607284625,16.65280137907496,1.6565106732231254,2.3136926290081807,0.8575995761832479,1.5124915065035451,2.873620132473559,38.534551,1.641944,2501,2501,0,,0,1,dc_open_loop_gain_db,1.8602,56.747,82.1639,60.064,148.1022,0.35,1.45
opamp,SKY130-OPAMP,7,7,419345,FA,40,-87.36646,87.36646,0,1,7.02342,59.30189999999999,93.37956,56.01798,141.04408632,0.9988864,0,0,0,0,0,0,112.0,1,-87.36646,87.36646,7.02342,59.30189999999999,93.37956,56.01798,141.04408632,0.9988864,1523.880544107407,2500,2500,2481.0,-38.68341251900759,7.809307063386456,17.113206764832075,1.741229464878052,2.8228219505251912,0.8413726606981655,1.3587565517832232,1.962226067554792,48.312598,2.066289,2501,2501,0,,0,1,dc_open_loop_gain_db,1.8602,56.747,82.1639,60.064,148.1022,0.35,1.45
opamp,SKY130-OPAMP,7,2,414345,FA,40,-86.3595,86.3595,0,1,5.9304,57.47129999999999,91.94452,56.51334000000001,129.617736425,1.053388,0,0,0,0,0,0,315.0,1,-86.3595,86.3595,5.9304,57.47129999999999,91.94452,56.51334000000001,129.617736425,1.053388,1530.9815957322717,2500,2500,2133.0,40.91212129651863,12.754803858291137,11.00233971712273,2.282924670510597,2.7462197061292986,0.8627159597260952,1.5265028051825946,2.881257215096244,30.208417,2.70682,2501,2501,0,,0,1,dc_open_loop_gain_db,1.8602,56.747,82.1639,60.064,148.1022,0.35,1.45
opamp,SKY130-OPAMP,7,1,413345,FA,40,-86.33625,86.33625,0,1,5.35714,58.1242,90.81295,52.36362,146.26702895999998,1.116891,0,0,0,0,0,0,113.0,1,-86.33625,86.33625,5.35714,58.1242,90.81295,52.36362,146.26702895999998,1.116891,1537.9798875153065,2500,2500,2418.0,-39.75926228091237,15.793428918579846,16.68551913971983,1.7870049724111057,2.234132826068236,0.8740282373645462,1.3597085183909057,3.5539778690340253,37.276506,1.74278,2501,2501,0,,0,1,dc_open_loop_gain_db,1.8602,56.747,82.1639,60.064,148.1022,0.35,1.45
opamp,SKY130-OPAMP,7,3,415345,FA,40,-87.11844,87.11844,0,1,6.8683,59.1593,92.98651,56.52414,136.32436349999998,1.0075,0,0,0,0,0,0,327.0,1,-87.11844,87.11844,6.8683,59.1593,92.98651,56.52414,136.32436349999998,1.0075,1540.7517577335238,2500,2500,2445.0,47.80552931772708,10.660359607961842,15.270466951650276,1.48581441778451,2.90449390359395,0.8343685336180234,1.348407942658498,2.185754179927402,44.351622,1.799388,2501,2501,0,,0,1,dc_open_loop_gain_db,1.8602,56.747,82.1639,60.064,148.1022,0.35,1.45
opamp,SKY130-OPAMP,7,11,423345,PSO,40,-87.65118,87.65118,0,1,6.54452,59.16379999999998,92.6166,52.2855,147.83465732999997,1.075404,0,0,0,0,0,0,95.0,1,-87.65118,87.65118,6.54452,59.16379999999998,92.6166,52.2855,147.83465732999997,1.075404,153.58175438269973,2500,2500,2123.0,-47.506936144457775,6.833555137093958,20.0,1.355100416218865,2.506736768776596,0.8206810917311674,1.3720894084799495,2.0007238913898604,50.134735,1.393774,2501,2501,0,,0,1,dc_open_loop_gain_db,1.8602,56.747,82.1639,60.064,148.1022,0.35,1.45
opamp,SKY130-OPAMP,7,10,422345,PSO,40,-88.46979,88.46979,0,1,7.11809,57.0752,92.76894,53.47098,145.25086968000002,1.10416,0,0,0,0,0,0,107.0,1,-88.46979,88.46979,7.11809,57.0752,92.76894,53.47098,145.25086968000002,1.10416,155.67963742092252,2500,2500,2471.0,-23.912190758303325,8.285856871750067,13.1905135310369,1.0,3.0602964594178284,0.7473399724664027,1.6796566268459252,1.6878348858824823,40.36531,1.143541,2501,2501,0,,0,1,dc_open_loop_gain_db,1.8602,56.747,82.1639,60.064,148.1022,0.35,1.45
opamp,SKY130-OPAMP,7,25,437345,PSO,40,-88.38628,88.38628,0,1,6.61774,57.11159999999998,92.99976,51.8787,147.06793199999998,1.043966,0,0,0,0,0,0,131.0,1,-88.38628,88.38628,6.61774,57.11159999999998,92.99976,51.8787,147.06793199999998,1.043966,155.8727019354701,2500,2500,2459.0,-34.625986520608244,5.832479493657615,14.946344196105272,1.5580573348732605,2.559176365544623,0.803999074515674,1.7405608660412006,1.737847691292228,38.246891,1.604909,2501,2501,0,,0,1,dc_open_loop_gain_db,1.8602,56.747,82.1639,60.064,148.1022,0.35,1.45
opamp,SKY130-OPAMP,7,4,416345,PSO,40,-88.35239,88.35239,0,1,7.82705,56.9965,93.24179,55.7091,146.21384008,1.089424,0,0,0,0,0,0,49.0,1,-88.35239,88.35239,7.82705,56.9965,93.24179,55.7091,146.21384008,1.089424,156.52169439941645,2500,2500,2255.0,-69.00236975790317,6.836242479300879,14.886361432945456,1.164160085890457,3.2074690978214235,0.7658485964275233,1.5408471934551768,1.4880946102719352,47.743178,1.430874,2501,2501,0,,0,1,dc_open_loop_gain_db,1.8602,56.747,82.1639,60.064,148.1022,0.35,1.45
opamp,SKY130-OPAMP,7,21,433345,PSO,40,-88.4654,88.4654,0,1,6.7663,59.39699999999999,92.52653,51.8922,145.35054581999998,1.124948,0,0,0,0,0,0,108.0,1,-88.4654,88.4654,6.7663,59.39699999999999,92.52653,51.8922,145.35054581999998,1.124948,156.91598976776004,2500,2500,2134.0,-44.782291544617856,6.79699283615269,14.828605239949871,1.0,2.889228801861908,0.7440401605009466,1.632457262326109,1.6913374922885167,42.847263,1.074851,2501,2501,0,,0,1,dc_open_loop_gain_db,1.8602,56.747,82.1639,60.064,148.1022,0.35,1.45
opamp,SKY130-OPAMP,7,26,438345,PSO,40,-88.2685,88.2685,0,1,7.13526,57.0775,93.06223,53.691660000000006,147.884448145,1.093772,0,0,0,0,0,0,131.0,1,-88.2685,88.2685,7.13526,57.0775,93.06223,53.691660000000006,147.884448145,1.093772,156.98705818504095,2500,2500,2359.0,-35.29776918767507,7.229952640329965,15.975115817501226,1.290442457796391,2.7966844079032325,0.7957959163303977,1.554891689492611,1.738706211528117,44.677033,1.435506,2501,2501,0,,0,1,dc_open_loop_gain_db,1.8602,56.747,82.1639,60.064,148.1022,0.35,1.45
opamp,SKY130-OPAMP,7,15,427345,PSO,40,-88.40259,88.40259,0,1,7.05766,57.33659999999999,92.75847,52.50834,145.07086607999997,1.128116,0,0,0,0,0,0,37.0,1,-88.40259,88.40259,7.05766,57.33659999999999,92.75847,52.50834,145.07086607999997,1.128116,156.9613859280944,2500,2500,2475.0,-86.7698544217687,6.1961442323388605,15.404644740854868,1.2067970248039108,2.803991948539786,0.7698755110681811,1.6094741188015165,1.6105456904937252,43.195496,1.300632,2501,2501,0,,0,1,dc_open_loop_gain_db,1.8602,56.747,82.1639,60.064,148.1022,0.35,1.45
opamp,SKY130-OPAMP,7,7,419345,PSO,40,-87.71434,87.71434,0,1,7.45354,56.7869,92.7315,52.96986,148.05627722999998,1.096184,0,0,0,0,0,0,179.0,1,-87.71434,87.71434,7.45354,56.7869,92.7315,52.96986,148.05627722999998,1.096184,157.74246976152062,2500,2500,2484.0,-12.860481106442585,6.753510582834268,20.0,1.0,2.8423109616915974,0.771813642211578,1.307287051044283,1.6252005496439417,56.846219,1.096867,2501,2501,0,,0,1,dc_open_loop_gain_db,1.8602,56.747,82.1639,60.064,148.1022,0.35,1.45
opamp,SKY130-OPAMP,7,1,413345,PSO,40,-88.70133,88.70133,0,1,5.97811,58.54780000000001,92.10903,48.17358,147.83817539999998,1.117812,0,0,0,0,0,0,120.0,1,-88.70133,88.70133,5.97811,58.54780000000001,92.10903,48.17358,147.83817539999998,1.117812,158.2934238538146,2500,2500,2030.0,-38.83572673469387,6.048985474081442,13.982139633882584,1.0730772359533935,2.4762045483095494,0.7379830825612252,1.9019594158759687,1.7982294092342452,34.61734,0.982226,2501,2501,0,,0,1,dc_open_loop_gain_db,1.8602,56.747,82.1639,60.064,148.1022,0.35,1.45
opamp,SKY130-OPAMP,7,5,417345,PSO,40,-87.75987,87.75987,0,1,6.17566,56.9464,92.90061,51.8049,145.48183496,1.008841,0,0,0,0,0,0,50.0,1,-87.75987,87.75987,6.17566,56.9464,92.90061,51.8049,145.48183496,1.008841,157.93171411380172,2500,2500,2470.0,-68.26729436374549,6.20831156716289,16.141799944594332,2.162884006158132,2.2775154336764025,0.8580044812109998,1.6555488211112286,2.1025168153034386,36.759099,2.115333,2501,2501,0,,0,1,dc_open_loop_gain_db,1.8602,56.747,82.1639,60.064,148.1022,0.35,1.45
opamp,SKY130-OPAMP,7,23,435345,PSO,40,-87.83583,87.83583,0,1,6.1107,58.07899999999999,92.56646,50.03046,147.323608425,1.053264,0,0,0,0,0,0,83.0,1,-87.83583,87.83583,6.1107,58.07899999999999,92.56646,50.03046,147.323608425,1.053264,158.85809871181846,2500,2500,2276.0,-54.55184949779912,4.948835321023362,18.69818513527445,1.8847815268757693,2.1791545257518097,0.8367730599375274,1.5735524993384535,1.913828557383816,40.75019,1.718609,2501,2501,0,,0,1,dc_open_loop_gain_db,1.8602,56.747,82.1639,60.064,148.1022,0.35,1.45
opamp,SKY130-OPAMP,7,20,432345,PSO,40,-87.50657,87.50657,0,1,5.03698,57.67260000000002,90.72085,45.24372,121.74761543999996,1.045714,0,0,0,0,0,0,2274.0,1,-87.50657,87.50657,5.03698,57.67260000000002,90.72085,45.24372,121.74761543999996,1.045714,159.23716063052416,2500,2500,2350.0,819.234638927571,5.70978262217688,13.322503196627071,1.150765380410539,1.940495821699136,0.7631122207067994,1.8163399842795835,2.424643112174236,25.857107,0.851469,2501,2501,0,,0,1,dc_open_loop_gain_db,1.8602,56.747,82.1639,60.064,148.1022,0.35,1.45
opamp,SKY130-OPAMP,7,18,430345,PSO,40,-87.94696,87.94696,0,1,6.28481,57.1764,92.60084,50.4333,147.940553355,1.055236,0,0,0,0,0,0,186.0,1,-87.94696,87.94696,6.28481,57.1764,92.60084,50.4333,147.940553355,1.055236,158.93846743926406,2500,2500,2283.0,-11.12051830132053,6.788602794563654,18.82033659937299,1.3874257779346824,2.2848610576741675,0.8268433435504844,1.5034610508677475,2.0718858663052555,43.001085,1.308286,2501,2501,0,,0,1,dc_open_loop_gain_db,1.8602,56.747,82.1639,60.064,148.1022,0.35,1.45
opamp,SKY130-OPAMP,7,28,440345,PSO,40,-88.03997,88.03997,0,1,7.12043,56.89720000000001,93.46465,54.3096,146.87627139000003,0.9828694,0,0,0,0,0,0,76.0,1,-88.03997,88.03997,7.12043,56.89720000000001,93.46465,54.3096,146.87627139000003,0.9828694,159.08845419809222,2500,2500,2465.0,-57.49280048019208,8.044642025723784,15.765518412077776,1.3205411486914416,2.805958715474634,0.8108413452434918,1.5275691622737717,1.8297416280170216,44.235939,1.501624,2501,2501,0,,0,1,dc_open_loop_gain_db,1.8602,56.747,82.1639,60.064,148.1022,0.35,1.45
opamp,SKY130-OPAMP,7,19,431345,PSO,40,-88.1508,88.1508,0,1,6.48988,57.7835,92.57757,51.04026,142.26658963,1.092866,0,0,0,0,0,0,74.0,1,-88.1508,88.1508,6.48988,57.7835,92.57757,51.04026,142.26658963,1.092866,159.27712791785598,2500,2500,2246.0,-57.79495141656663,6.158459303395932,16.26568785291869,1.3426981422083692,2.479097567360282,0.7994465445063409,1.5959876991236954,1.8512218843222945,40.322522,1.332832,2501,2501,0,,0,1,dc_open_loop_gain_db,1.8602,56.747,82.1639,60.064,148.1022,0.35,1.45
opamp,SKY130-OPAMP,7,16,428345,PSO,40,-88.11066,88.11066,0,1,6.48274,57.0632,92.24944,51.94782000000001,147.04372827,1.117817,0,0,0,0,0,0,28.0,1,-88.11066,88.11066,6.48274,57.0632,92.24944,51.94782000000001,147.04372827,1.117817,158.99021339043975,2500,2500,2410.0,-86.09566460584234,10.328762576162534,14.05629580484019,1.0,2.7117473683002946,0.775435664302528,1.636673246818208,2.1041092652300573,38.113609,1.051393,2501,2501,0,,0,1,dc_open_loop_gain_db,1.8602,56.747,82.1639,60.064,148.1022,0.35,1.45
opamp,SKY130-OPAMP,7,3,415345,PSO,40,-88.71071,88.71071,0,1,6.39728,58.70150000000001,92.08025,49.49208000000001,145.140512245,1.187671,0,0,0,0,0,0,47.0,1,-88.71071,88.71071,6.39728,58.70150000000001,92.08025,49.49208000000001,145.140512245,1.187671,159.43176628649235,2500,2500,2429.0,-68.33005103641456,5.575155763420261,13.693766612780992,1.051231253788221,2.7324983299084216,0.7208345782408916,1.837314807832612,1.586554977325866,37.421565,1.034082,2501,2501,0,,0,1,dc_open_loop_gain_db,1.8602,56.747,82.1639,60.064,148.1022,0.35,1.45
opamp,SKY130-OPAMP,7,14,426345,PSO,40,-88.40426,88.40426,0,1,7.21903,56.984300000000005,93.29175,54.011880000000005,146.658324435,1.037625,0,0,0,0,0,0,176.0,1,-88.40426,88.40426,7.21903,56.984300000000005,93.29175,54.011880000000005,146.658324435,1.037625,159.6904404014349,2500,2500,2302.0,0.4874246938775495,7.066468912992962,14.562084891134626,1.2507422503347625,2.920309999897578,0.7832412005731179,1.633003129569803,1.657416757819581,42.519714,1.429567,2501,2501,0,,0,1,dc_open_loop_gain_db,1.8602,56.747,82.1639,60.064,148.1022,0.35,1.45
opamp,SKY130-OPAMP,7,29,441345,PSO,40,-88.88081,88.88081,0,1,6.72685,57.41160000000001,92.73903,49.46652,144.93316086,1.087219,0,0,0,0,0,0,59.0,1,-88.88081,88.88081,6.72685,57.41160000000001,92.73903,49.46652,144.93316086,1.087219,159.78742861375213,2500,2500,2443.0,-65.23336034813926,5.370132686833068,13.997009905527197,1.0,2.7879295587269413,0.7142463930490306,1.793198310939909,1.4621213967658022,39.017074,0.995634,2501,2501,0,,0,1,dc_open_loop_gain_db,1.8602,56.747,82.1639,60.064,148.1022,0.35,1.45
opamp,SKY130-OPAMP,7,9,421345,PSO,40,-87.90961,87.90961,0,1,6.45088,56.93440000000001,92.52383,52.43076000000001,144.53269750999996,1.063457,0,0,0,0,0,0,86.0,1,-87.90961,87.90961,6.45088,56.93440000000001,92.52383,52.43076000000001,144.53269750999996,1.063457,159.1340743266046,2500,2500,2442.0,-51.600780248099234,9.818651823964828,15.015912955516132,1.2031887107599517,2.578682323417232,0.8110729194112148,1.5703653899902048,2.2030074149230647,38.718915,1.260128,2501,2501,0,,0,1,dc_open_loop_gain_db,1.8602,56.747,82.1639,60.064,148.1022,0.35,1.45
opamp,SKY130-OPAMP,7,6,418345,PSO,40,-88.32211,88.32211,0,1,6.72343,57.15640000000002,92.86059,51.19488,145.92894079999996,1.034454,0,0,0,0,0,0,106.0,1,-88.32211,88.32211,6.72343,57.15640000000002,92.86059,51.19488,145.92894079999996,1.034454,159.2707562483847,2500,2500,2344.0,-44.07334637254902,7.746492593974669,15.485554433072716,1.0,2.6937573850228653,0.7667764861606923,1.602155550960886,1.821454933544997,41.712833,1.032755,2501,2501,0,,0,1,dc_open_loop_gain_db,1.8602,56.747,82.1639,60.064,148.1022,0.35,1.45
opamp,SKY130-OPAMP,7,2,414345,PSO,40,-88.15941,88.15941,0,1,5.89455,57.757700000000014,91.7534,50.13072,147.69283847999998,1.103633,0,0,0,0,0,0,45.0,1,-88.15941,88.15941,5.89455,57.757700000000014,91.7534,50.13072,147.69283847999998,1.103633,159.7895295470953,2500,2500,2470.0,-67.69175042817128,9.793646924352997,12.591370953089228,1.0,2.582635933186839,0.7608206751991271,1.840088092532293,2.2610286305770457,32.515386,0.982461,2501,2501,0,,0,1,dc_open_loop_gain_db,1.8602,56.747,82.1639,60.064,148.1022,0.35,1.45
opamp,SKY130-OPAMP,7,17,429345,PSO,40,-87.92251,87.92251,0,1,6.58076,56.7912,92.97378,52.19334,147.91257095,1.052507,0,0,0,0,0,0,93.0,1,-87.92251,87.92251,6.58076,56.7912,92.97378,52.19334,147.91257095,1.052507,159.27664921060205,2500,2500,2257.0,-47.8920425910364,7.062837075959076,17.903711573240145,1.6135908946958162,2.410095676190327,0.8388767908521302,1.5079535170146752,2.022487745219388,43.152763,1.632582,2501,2501,0,,0,1,dc_open_loop_gain_db,1.8602,56.747,82.1639,60.064,148.1022,0.35,1.45
opamp,SKY130-OPAMP,7,27,439345,PSO,40,-87.64882,87.64882,0,1,7.63141,56.85850000000001,92.83199,53.78454,148.03640704,1.085074,0,0,0,0,0,0,49.0,1,-87.64882,87.64882,7.63141,56.85850000000001,92.83199,53.78454,148.03640704,1.085074,159.53835068643093,2500,2500,2488.0,-68.01352699079632,6.940705447343039,20.0,1.0,2.932072780897894,0.7721408808208203,1.281130667103218,1.6028237395925886,58.641456,1.131987,2501,2501,0,,0,1,dc_open_loop_gain_db,1.8602,56.747,82.1639,60.064,148.1022,0.35,1.45
opamp,SKY130-OPAMP,7,24,436345,PSO,40,-88.41718,88.41718,0,1,7.5302,63.12780000000001,92.66287,57.63294,146.18745564,1.11967,0,0,0,0,0,0,194.0,1,-88.41718,88.41718,7.5302,63.12780000000001,92.66287,57.63294,146.18745564,1.11967,161.19617898017168,2500,2500,2252.0,-6.415304503801513,5.98023623368691,13.19304118687641,1.0141267153581828,3.803341027023877,0.7132493950104161,1.588775230302643,1.4135574290918442,50.185085,1.376711,2501,2501,0,,0,1,dc_open_loop_gain_db,1.8602,56.747,82.1639,60.064,148.1022,0.35,1.45
opamp,SKY130-OPAMP,7,13,425345,PSO,40,910.19284,89.80716,1,0,6.89023,57.441100000000006,94.03373,56.31858,259.881312,1.104648,0,0,0,0,1,0,,0,inf,,,,,,,,160.46307595074177,2500,2500,2464.0,912.0640317967188,12.893765863535458,19.99935081280035,1.4972872602833844,2.966510461442054,0.8254674700462337,2.0,1.9794318297622728,59.330209,1.830447,2501,2501,0,,0,1,dc_open_loop_gain_db,1.8602,56.747,82.1639,60.064,148.1022,0.35,1.45
opamp,SKY130-OPAMP,7,0,412345,PSO,40,-88.45544,88.45544,0,1,6.54501,57.02739999999999,92.50273,52.19802000000001,147.561077235,1.103331,0,0,0,0,0,0,73.0,1,-88.45544,88.45544,6.54501,57.02739999999999,92.50273,52.19802000000001,147.561077235,1.103331,161.00961835309863,2500,2500,2434.0,-57.255494445778304,7.949609528749431,12.948282839526884,1.1778736645039207,2.7706766193180195,0.7711552245392987,1.8133939013410776,1.876141330615374,35.880262,1.260607,2501,2500,1,measure_failed=1,0,1,dc_open_loop_gain_db,1.8602,56.747,82.1639,60.064,148.1022,0.35,1.45
opamp,SKY130-OPAMP,7,8,420345,PSO,40,-88.29706,88.29706,0,1,6.6262,60.4187,92.66745,53.15238,147.07697599,1.086424,0,0,0,0,0,0,58.0,1,-88.29706,88.29706,6.6262,60.4187,92.66745,53.15238,147.07697599,1.086424,161.23116120696068,2500,2500,2398.0,-64.58187606642657,7.422119641346303,15.03330940504411,1.148566577095859,2.851329990323517,0.7760913299134635,1.6117808006218537,1.8607913417976572,42.869746,1.272413,2501,2501,0,,0,1,dc_open_loop_gain_db,1.8602,56.747,82.1639,60.064,148.1022,0.35,1.45
opamp,SKY130-OPAMP,7,22,434345,PSO,40,-87.82014,87.82014,0,1,6.25136,59.4846,92.9458,53.28558,146.775129875,0.9774433,0,0,0,0,0,0,42.0,1,-87.82014,87.82014,6.25136,59.4846,92.9458,53.28558,146.775129875,0.9774433,162.85049775987864,2500,2500,2423.0,-70.4066106042417,7.644922283336905,15.798534539005718,1.6844080412442743,2.529574326236781,0.8421451673625546,1.596050327089072,2.1781228894671143,39.967274,1.794751,2501,2501,0,,0,1,dc_open_loop_gain_db,1.8602,56.747,82.1639,60.064,148.1022,0.35,1.45
opamp,SKY130-OPAMP,7,12,424345,PSO,40,-88.08192,88.08192,0,1,6.50854,57.3509,92.68666,53.03358,144.09351640000003,1.09473,0,0,0,0,0,0,102.0,1,-88.08192,88.08192,6.50854,57.3509,92.68666,53.03358,144.09351640000003,1.09473,163.4467690065503,2500,2500,2408.0,-44.62284770108044,7.448827025084316,14.325750379873496,1.5523114201718562,2.5980315642722056,0.8188025267058374,1.6847914386546057,2.002307845259001,37.216802,1.648638,2501,2501,0,,0,1,dc_open_loop_gain_db,1.8602,56.747,82.1639,60.064,148.1022,0.35,1.45
opamp,SKY130-OPAMP,7,25,437345,GA,40,-87.92643,87.92643,0,1,7.90868,56.74880000000002,93.28657,56.79738,147.89206706,1.050915,0,0,0,0,0,0,47.0,1,-87.92643,87.92643,7.90868,56.74880000000002,93.28657,56.79738,147.89206706,1.050915,949.9619746124372,2500,2500,1680.0,-53.22684680872349,9.897846504302738,15.349976366481174,1.0213175483840011,3.277916196807712,0.7736438109148627,1.420070631375274,1.6645800856274318,50.316014,1.293329,2501,2501,0,,0,1,dc_open_loop_gain_db,1.8602,56.747,82.1639,60.064,148.1022,0.35,1.45
opamp,SKY130-OPAMP,7,19,431345,GA,40,-87.92715,87.92715,0,1,7.83625,57.23599999999999,94.05792,58.37796,146.57287251,0.9902245,0,0,0,0,0,0,204.0,1,-87.92715,87.92715,7.83625,57.23599999999999,94.05792,58.37796,146.57287251,0.9902245,1001.0292093260214,2500,2500,2480.0,9.155166620648243,6.827996570416805,14.348018680682134,1.8004150004380417,3.2002721037879382,0.8246440574381311,1.5547712294796896,1.58012092166868,45.923905,2.375177,2501,2501,0,,0,1,dc_open_loop_gain_db,1.8602,56.747,82.1639,60.064,148.1022,0.35,1.45
opamp,SKY130-OPAMP,7,2,414345,GA,40,-87.23291,87.23291,0,1,7.23853,56.793700000000015,93.5595,57.35466,147.813439725,1.053624,0,0,0,0,0,0,147.0,1,-87.23291,87.23291,7.23853,56.793700000000015,93.5595,57.35466,147.813439725,1.053624,1070.4440095671453,2500,2500,2480.0,-19.500006890756293,9.907578595790168,16.17596231521171,2.3600979419579944,2.854139887709501,0.862185550876395,1.3952094465876026,2.06572803024916,46.165713,2.903742,2501,2501,0,,0,1,dc_open_loop_gain_db,1.8602,56.747,82.1639,60.064,148.1022,0.35,1.45
opamp,SKY130-OPAMP,7,10,422345,GA,40,-87.68635,87.68635,0,1,5.65992,57.3032,91.50223,49.46274,148.03203345000003,1.066968,0,0,0,0,0,0,191.0,1,-87.68635,87.68635,5.65992,57.3032,91.50223,49.46274,148.03203345000003,1.066968,1112.9200194510631,2500,2500,2480.0,24.264173945578225,11.37991173236545,15.092911175989055,1.0181082380745377,2.2932004230377565,0.7982761276478663,1.635731348045937,2.690142828571239,34.61586,0.93361,2501,2501,0,,0,1,dc_open_loop_gain_db,1.8602,56.747,82.1639,60.064,148.1022,0.35,1.45
opamp,SKY130-OPAMP,7,3,415345,GA,40,910.73514,89.26486,1,0,6.71984,57.0692,94.44687,57.32621999999999,259.42277600000006,1.00937,0,0,0,0,1,0,,0,inf,,,,,,,,1126.8917818339542,2500,2500,2440.0,913.1102373029212,12.839875406826351,19.997676744739216,2.3097925297646693,2.8274194126144665,0.8766961101270937,1.9978315213856723,2.1691795568540746,56.548388,2.863,2501,2501,0,,0,1,dc_open_loop_gain_db,1.8602,56.747,82.1639,60.064,148.1022,0.35,1.45
opamp,SKY130-OPAMP,7,4,416345,GA,40,-87.36165,87.36165,0,1,6.02597,57.8874,91.82973,51.41286,145.134143085,1.169009,0,0,0,0,0,0,50.0,1,-87.36165,87.36165,6.02597,57.8874,91.82973,51.41286,145.134143085,1.169009,1137.5546187399889,2500,2500,2500.0,-54.12357395158064,8.45039562503111,18.9962337684474,1.546888730844155,2.2693737625773767,0.8451037865562318,1.4132526115887507,2.462502762078689,43.106755,1.481544,2501,2501,0,,0,1,dc_open_loop_gain_db,1.8602,56.747,82.1639,60.064,148.1022,0.35,1.45
opamp,SKY130-OPAMP,7,21,433345,GA,40,-88.11893,88.11893,0,1,7.47152,56.96690000000001,93.58463,58.14234,147.69514080000002,1.022454,0,0,0,0,0,0,270.0,1,-88.11893,88.11893,7.47152,56.96690000000001,93.58463,58.14234,147.69514080000002,1.022454,1149.010640106164,2500,2500,2500.0,27.03571749899959,6.516743236677936,11.941742241055769,1.8137116657477,3.275595341518418,0.8081293893376,1.7998721699170466,1.564847961797652,39.110608,2.402248,2501,2501,0,,0,1,dc_open_loop_gain_db,1.8602,56.747,82.1639,60.064,148.1022,0.35,1.45
opamp,SKY130-OPAMP,7,14,426345,GA,40,911.25141,88.74859,1,0,21.9692,-25.295600000000007,97.38862,44.37522,146.21538492000002,0.9875777,0,1,0,0,0,0,,0,inf,,,,,,,,1150.3156739948315,2500,2500,2500.0,944.631589519808,12.965457336495042,13.135370571995296,1.672701445272585,1.3155697149131618,0.9222690542126308,1.9776811562146293,0.1028717487374265,17.280008,1.016146,2501,2501,0,,0,1,dc_open_loop_gain_db,1.8602,56.747,82.1639,60.064,148.1022,0.35,1.45
opamp,SKY130-OPAMP,7,8,420345,GA,40,-86.92362,86.92362,0,1,5.62201,56.925,91.68863,52.54362,147.66398418,1.021457,0,0,0,0,0,0,94.0,1,-86.92362,86.92362,5.62201,56.925,91.68863,52.54362,147.66398418,1.021457,1162.599969664123,2500,2500,2360.0,-36.71164775110044,13.099435354130708,15.46525893006574,1.8885357956010715,2.263444120365662,0.8773233087538599,1.5091350636089018,3.16283618824734,35.004163,1.876555,2501,2501,0,,0,1,dc_open_loop_gain_db,1.8602,56.747,82.1639,60.064,148.1022,0.35,1.45
opamp,SKY130-OPAMP,7,15,427345,GA,40,-87.33073,87.33073,0,1,6.60468,56.90300000000002,92.92462,54.20268,147.35656532000002,1.047843,0,0,0,0,0,0,37.0,1,-87.33073,87.33073,6.60468,56.90300000000002,92.92462,54.20268,147.35656532000002,1.047843,1169.6681857882068,2500,2500,2500.0,-85.69098250300121,10.017540684080425,17.86269724450475,1.833280285409519,2.517145787544845,0.859856842322434,1.3864863578764346,2.324372449943092,44.968809,1.985823,2501,2501,0,,0,1,dc_open_loop_gain_db,1.8602,56.747,82.1639,60.064,148.1022,0.35,1.45
opamp,SKY130-OPAMP,7,0,412345,GA,40,910.92303,89.07697,1,0,20.1778,-25.983600000000024,97.88823,42.43536,147.56568395,1.037661,0,1,0,0,0,0,,0,inf,,,,,,,,1177.538189143408,2500,2500,2440.0,913.2334769827928,10.282079896505024,16.2495313398155,2.0045307765208067,1.02543134511141,0.9567586208851624,1.9761985956012225,0.1016936037182644,16.663259,0.983543,2501,2500,1,measure_failed=1,0,1,dc_open_loop_gain_db,1.8602,56.747,82.1639,60.064,148.1022,0.35,1.45
opamp,SKY130-OPAMP,7,27,439345,GA,40,910.62449,89.37551,1,0,19.9767,-20.2542,96.76367,43.8543,148.06791151999997,1.073646,0,1,0,0,0,0,,0,inf,,,,,,,,1178.0343338390812,2500,2500,2200.0,911.9203578231292,6.819439096269102,19.6234122909964,1.6162574304208703,1.3652401629369777,0.8874296467887903,1.766150282334578,0.1000235758142979,26.792838,0.97833,2501,2501,0,,0,1,dc_open_loop_gain_db,1.8602,56.747,82.1639,60.064,148.1022,0.35,1.45
opamp,SKY130-OPAMP,7,26,438345,GA,40,-88.30689,88.30689,0,1,6.8326,56.894300000000015,92.53047,54.0144,147.88131759,1.092665,0,0,0,0,0,0,87.0,1,-88.30689,88.30689,6.8326,56.894300000000015,92.53047,54.0144,147.88131759,1.092665,1187.0020921672694,2500,2500,2500.0,-38.13894015206083,10.139867814959102,11.804054821670745,1.0142007650151577,3.087447001834604,0.7540175941797163,1.7708632896301215,1.8866606131232484,36.447312,1.181455,2501,2501,0,,0,1,dc_open_loop_gain_db,1.8602,56.747,82.1639,60.064,148.1022,0.35,1.45
opamp,SKY130-OPAMP,7,1,413345,GA,40,-88.60357,88.60357,0,1,7.43339,56.87870000000001,92.91772,56.38049999999999,146.65231735000003,1.05414,0,0,0,0,0,0,43.0,1,-88.60357,88.60357,7.43339,56.87870000000001,92.91772,56.38049999999999,146.65231735000003,1.05414,1190.7474496071227,2500,2500,2360.0,-53.50216908363346,7.09108044977066,10.425980116938554,1.1320525314108787,3.5894507407327136,0.726315970310209,1.92431014999603,1.4506849414809722,37.420024,1.472998,2501,2501,0,,0,1,dc_open_loop_gain_db,1.8602,56.747,82.1639,60.064,148.1022,0.35,1.45
opamp,SKY130-OPAMP,7,9,421345,GA,40,-86.56963,86.56963,0,1,4.84646,56.87799999999999,91.05345,47.230920000000005,147.906516905,1.009608,0,0,0,0,0,0,243.0,1,-86.56963,86.56963,4.84646,56.87799999999999,91.05345,47.230920000000005,147.906516905,1.009608,1198.3045121920295,2500,2500,2480.0,26.42022329131653,4.199401365132509,18.63887184630452,3.925854730395801,1.5998207116972258,0.921188748238812,1.7129104463882605,2.590843032848737,29.820658,2.892209,2501,2501,0,,0,1,dc_open_loop_gain_db,1.8602,56.747,82.1639,60.064,148.1022,0.35,1.45
opamp,SKY130-OPAMP,7,24,436345,GA,40,-86.36615,86.36615,0,1,5.18055,59.59270000000001,90.59441,50.4999,148.00273587,1.065117,0,0,0,0,0,0,165.0,1,-86.36615,86.36615,5.18055,59.59270000000001,90.59441,50.4999,148.00273587,1.065117,1209.664022067096,2500,2500,2500.0,-4.655132801120453,15.051050116192664,19.570536463334676,1.1550006024805026,2.151975100892073,0.858287335575398,1.2887616622837863,3.5135559434131265,42.114153,1.06665,2501,2501,0,,0,1,dc_open_loop_gain_db,1.8602,56.747,82.1639,60.064,148.1022,0.35,1.45
opamp,SKY130-OPAMP,7,5,417345,GA,40,-86.91527,86.91527,0,1,5.6277,57.12239999999999,91.89083,52.59924,146.74466951999997,0.9845915,0,0,0,0,0,0,342.0,1,-86.91527,86.91527,5.6277,57.12239999999999,91.89083,52.59924,146.74466951999997,0.9845915,1228.6560540478677,2500,2500,2480.0,57.17541742897158,11.912643193804328,15.698666153873171,2.1225760940034357,2.2466431156276774,0.8834599948382044,1.5136853092812077,3.092008546607172,35.272297,2.108871,2501,2501,0,,0,1,dc_open_loop_gain_db,1.8602,56.747,82.1639,60.064,148.1022,0.35,1.45
opamp,SKY130-OPAMP,7,11,423345,GA,40,-85.76467,85.76467,0,1,4.63694,57.15539999999999,88.93343999999999,48.34458,147.56647488000002,0.9751373,0,0,0,0,0,0,96.0,1,-85.76467,85.76467,4.63694,57.15539999999999,88.93343999999999,48.34458,147.56647488000002,0.9751373,1231.6230298597366,2500,2500,2500.0,-35.920441984793925,13.817617057199548,18.33431922407857,1.5918636078135164,1.762652068309527,0.902515285280432,1.4576573358475695,4.788806507522227,32.318226,1.264702,2501,2501,0,,0,1,dc_open_loop_gain_db,1.8602,56.747,82.1639,60.064,148.1022,0.35,1.45
opamp,SKY130-OPAMP,7,18,430345,GA,40,910.85379,89.14621,1,0,17.4329,-19.309,97.33655,42.75198,147.18325072,1.053912,0,1,0,0,0,0,,0,inf,,,,,,,,1233.117425419856,2500,2500,2480.0,914.1197128111244,8.486126051951068,19.93021332255306,1.7406999552645843,1.1246686360536455,0.9220608732950932,1.7583494405998337,0.2151706369205545,22.414646,0.902201,2501,2501,0,,0,1,dc_open_loop_gain_db,1.8602,56.747,82.1639,60.064,148.1022,0.35,1.45
opamp,SKY130-OPAMP,7,6,418345,GA,40,-87.50965,87.50965,0,1,6.90558,58.1161,93.19162,54.25758,138.75783558999998,0.9933692,0,0,0,0,0,0,92.0,1,-87.50965,87.50965,6.90558,58.1161,93.19162,54.25758,138.75783558999998,0.9933692,1236.8217750620097,2500,2500,2480.0,-35.49751071228491,7.642339892705735,17.05555495074738,1.4856403763078676,2.685981504740013,0.8305327770462987,1.388295205050692,1.9635368974724088,45.809415,1.656366,2501,2501,0,,0,1,dc_open_loop_gain_db,1.8602,56.747,82.1639,60.064,148.1022,0.35,1.45
opamp,SKY130-OPAMP,7,20,432345,GA,40,911.52023,88.47977,1,0,17.4807,-23.398,98.96977,43.188840000000006,147.78504,1.017635,0,1,0,0,0,0,,0,inf,,,,,,,,1236.8275142479688,2500,2500,2500.0,912.4777930812324,8.990991797574726,15.73892006699612,3.4215415848467523,1.0105775051104773,0.9756622611564796,1.999958383756621,0.2058818600077153,15.90649,1.68603,2501,2501,0,,0,1,dc_open_loop_gain_db,1.8602,56.747,82.1639,60.064,148.1022,0.35,1.45
opamp,SKY130-OPAMP,7,16,428345,GA,40,-87.64003,87.64003,0,1,7.16861,57.87629999999999,93.5474,56.81934000000001,145.05782849999997,1.052164,0,0,0,0,0,0,28.0,1,-87.64003,87.64003,7.16861,57.87629999999999,93.5474,56.81934000000001,145.05782849999997,1.052164,1240.2862332961522,2500,2500,2500.0,-84.99767862545019,7.859206586505024,15.24776010518605,2.038632657306047,2.8798762540245217,0.8466819929273741,1.4994966616488623,1.9024979106570048,43.918113,2.487106,2501,2501,0,,0,1,dc_open_loop_gain_db,1.8602,56.747,82.1639,60.064,148.1022,0.35,1.45
opamp,SKY130-OPAMP,7,22,434345,GA,40,-87.71248,87.71248,0,1,6.89878,57.3194,92.95312,52.92738,147.73416048,1.077639,0,0,0,0,0,0,184.0,1,-87.71248,87.71248,6.89878,57.3194,92.95312,52.92738,147.73416048,1.077639,1246.010879192967,2500,2500,2500.0,-7.187983425370147,6.454511579773885,19.459621312094168,1.5447469094096773,2.536492993132756,0.8280269235045129,1.3954407072218606,1.8548758164677883,49.360154,1.62247,2501,2501,0,,0,1,dc_open_loop_gain_db,1.8602,56.747,82.1639,60.064,148.1022,0.35,1.45
opamp,SKY130-OPAMP,7,23,435345,GA,40,-87.32693,87.32693,0,1,5.95069,57.67819999999999,92.08589,52.71984,147.96021393,1.081598,0,0,0,0,0,0,65.0,1,-87.32693,87.32693,5.95069,57.67819999999999,92.08589,52.71984,147.96021393,1.081598,1251.2339714011175,2500,2500,2500.0,-54.15722988795519,11.09404239160244,16.548896008259433,1.69866962613643,2.3500134039665728,0.8607886897432855,1.4905231714668667,2.7320392517059564,38.892722,1.719435,2501,2501,0,,0,1,dc_open_loop_gain_db,1.8602,56.747,82.1639,60.064,148.1022,0.35,1.45
opamp,SKY130-OPAMP,7,13,425345,GA,40,-86.12665,86.12665,0,1,4.84704,58.85059999999999,90.0854,49.60854,147.49834031999998,0.9781348,0,0,0,0,0,0,128.0,1,-86.12665,86.12665,4.84704,58.85059999999999,90.0854,49.60854,147.49834031999998,0.9781348,1254.2644233857282,2500,2500,2480.0,-19.03746397959184,13.152557999874093,19.798680447049936,1.6700756559998635,1.9080187950138563,0.8949876070798596,1.3617979840471108,4.069410240298075,37.778772,1.42589,2501,2501,0,,0,1,dc_open_loop_gain_db,1.8602,56.747,82.1639,60.064,148.1022,0.35,1.45
opamp,SKY130-OPAMP,7,29,441345,GA,40,-87.5757,87.5757,0,1,7.40851,57.04509999999999,93.98513,58.35618,147.8285694,0.996395,0,0,0,0,0,0,49.0,1,-87.5757,87.5757,7.40851,57.04509999999999,93.98513,58.35618,147.8285694,0.996395,1257.211289759725,2500,2500,2500.0,-54.33872893957584,8.832110845649746,14.269170003614608,2.156497906031913,3.0356900148797963,0.8531704673313044,1.529735316716302,1.8937504402191023,43.319297,2.790683,2501,2501,0,,0,1,dc_open_loop_gain_db,1.8602,56.747,82.1639,60.064,148.1022,0.35,1.45
opamp,SKY130-OPAMP,7,28,440345,GA,40,-87.52813,87.52813,0,1,6.74739,57.5311,93.17004,53.83296,148.101239385,1.047314,0,0,0,0,0,0,47.0,1,-87.52813,87.52813,6.74739,57.5311,93.17004,53.83296,148.101239385,1.047314,1272.337853876874,2500,2500,2500.0,-53.23647522008803,7.357723443387655,18.981401248598544,1.9421192191856336,2.5041838399933867,0.8547978775792123,1.3935686155227462,2.0547365227021803,47.529409,2.076354,2501,2501,0,,0,1,dc_open_loop_gain_db,1.8602,56.747,82.1639,60.064,148.1022,0.35,1.45
opamp,SKY130-OPAMP,7,7,419345,GA,40,-86.9143,86.9143,0,1,6.11251,58.870900000000006,92.93917,53.24022,147.87290325499998,0.9158082,0,0,0,0,0,0,186.0,1,-86.9143,86.9143,6.11251,58.870900000000006,92.93917,53.24022,147.87290325499998,0.9158082,1291.349971047137,2500,2500,2480.0,-4.78001755902362,8.068938797583005,19.96134785095847,2.379883821696086,2.3381151282161143,0.8819505056477273,1.3425727690806912,2.4541271477666906,46.668778,2.453901,2501,2501,0,,0,1,dc_open_loop_gain_db,1.8602,56.747,82.1639,60.064,148.1022,0.35,1.45
opamp,SKY130-OPAMP,7,17,429345,GA,40,-86.90243,86.90243,0,1,6.72575,58.208100000000016,93.42662,56.40876,145.6953372,0.9499673,0,0,0,0,0,0,86.0,1,-86.90243,86.90243,6.72575,58.208100000000016,93.42662,56.40876,145.6953372,0.9499673,1313.2324643363245,2500,2500,2440.0,-36.36293471988795,10.344476280852197,16.86969483300847,2.4066366948933,2.7166236471466583,0.8733570969494092,1.3520223947814385,2.308641639003542,45.829441,2.853031,2501,2501,0,,0,1,dc_open_loop_gain_db,1.8602,56.747,82.1639,60.064,148.1022,0.35,1.45
opamp,SKY130-OPAMP,7,12,424345,GA,40,-86.98325,86.98325,0,1,7.228,57.15769999999999,92.80803,57.00132,146.42200205,1.104271,0,0,0,0,0,0,107.0,1,-86.98325,86.98325,7.228,57.15769999999999,92.80803,57.00132,146.42200205,1.104271,1313.0435244790278,2500,2500,2500.0,-34.919678405362134,12.509021595437003,17.38396370620565,1.6072916204612586,2.8955329801051777,0.8409448771584781,1.2702646273816507,2.1623833230764697,50.338841,1.954074,2501,2501,0,,0,1,dc_open_loop_gain_db,1.8602,56.747,82.1639,60.064,148.1022,0.35,1.45
opamp,SKY130-OPAMP,7,13,425345,ACO,40,-87.37434,87.37434,0,1,4.99744,69.1713,91.22312,50.35806,146.08184695,0.9824223,0,0,0,0,0,0,283.0,1,-87.37434,87.37434,4.99744,69.1713,91.22312,50.35806,146.08184695,0.9824223,807.3703120499849,2500,2500,2080.0,45.14062099639855,8.28455595150975,17.205821051771387,1.0,2.4866840452991075,0.7878333978268562,1.507614582942573,2.7169032177226486,42.783399,0.979546,2501,2497,4,measure_failed=3;timeout=1,1,1,dc_open_loop_gain_db,1.8602,56.747,82.1639,60.064,148.1022,0.35,1.45
opamp,SKY130-OPAMP,7,6,418345,ACO,40,-87.06866,87.06866,0,1,5.72288,57.7646,90.9936,50.28156,133.52866956,1.169336,0,0,0,0,0,0,495.0,1,-87.06866,87.06866,5.72288,57.7646,90.9936,50.28156,133.52866956,1.169336,831.5138453766704,2500,2500,2360.0,126.31772711284522,11.5396194243103,15.510382877537817,1.0,2.34288252150603,0.801221593478122,1.4292522193872197,2.740275837416875,36.338108,0.938584,2501,2496,5,measure_failed=4;timeout=1,1,1,dc_open_loop_gain_db,1.8602,56.747,82.1639,60.064,148.1022,0.35,1.45
opamp,SKY130-OPAMP,7,9,421345,ACO,40,-86.93015,86.93015,0,1,5.56486,59.66030000000001,91.70953,50.17716,129.16007631,0.935348,0,0,0,0,0,0,185.0,1,-86.93015,86.93015,5.56486,59.66030000000001,91.70953,50.17716,129.16007631,0.935348,858.1830756440759,2500,2500,2280.0,-5.838206774709884,8.813651144436506,16.54436171458737,1.1590735465582336,2.264773066017237,0.8314913912890227,1.408828895717737,2.67137882212823,37.47067,1.092221,2501,2500,1,timeout=1,1,1,dc_open_loop_gain_db,1.8602,56.747,82.1639,60.064,148.1022,0.35,1.45
opamp,SKY130-OPAMP,7,29,441345,ACO,40,-86.42963,86.42963,0,1,5.47896,68.976,91.11262,55.96002,133.65929808,1.079622,0,0,0,0,0,0,54.0,1,-86.42963,86.42963,5.47896,68.976,91.11262,55.96002,133.65929808,1.079622,896.1614076420665,2500,2500,2320.0,-52.1756643617447,12.833973508562726,15.897077875329552,1.0,3.020108909269507,0.7956433729182376,1.2311455701283454,2.8233499605652965,48.004631,1.201465,2501,2500,1,timeout=1,1,1,dc_open_loop_gain_db,1.8602,56.747,82.1639,60.064,148.1022,0.35,1.45
opamp,SKY130-OPAMP,7,5,417345,ACO,40,-86.22739,86.22739,0,1,4.51708,77.72029999999998,90.87967,56.66706,128.545605645,0.9445141,0,0,0,0,0,0,217.0,1,-86.22739,86.22739,4.51708,77.72029999999998,90.87967,56.66706,128.545605645,0.9445141,1000.257328428328,2500,2500,2040.0,12.2440486534614,7.336010118500528,15.30651469004393,1.9307213321500596,2.8801115271776467,0.8465539385852726,1.3459947714700322,3.168472108397707,44.080107,2.352834,2501,2500,1,timeout=1,1,1,dc_open_loop_gain_db,1.8602,56.747,82.1639,60.064,148.1022,0.35,1.45
opamp,SKY130-OPAMP,7,20,432345,ACO,40,-85.90997,85.90997,0,1,4.48666,76.99699999999999,90.66099,55.60038,133.90833694499997,0.8991571,0,0,0,0,0,0,982.0,1,-85.90997,85.90997,4.48666,76.99699999999999,90.66099,55.60038,133.90833694499997,0.8991571,1050.6549916639924,2500,2500,2080.0,316.22995315126053,9.1872646639088,18.02517995034603,1.2554068811236956,2.873445488218804,0.8256770155463774,1.2144140796418217,3.314357177927433,51.793855,1.488768,2501,2497,4,measure_failed=3;timeout=1,1,1,dc_open_loop_gain_db,1.8602,56.747,82.1639,60.064,148.1022,0.35,1.45
opamp,SKY130-OPAMP,7,18,430345,ACO,40,-86.61261,86.61261,0,1,5.63921,57.77119999999999,91.70577,49.87746,133.29981259,0.8981456,0,0,0,0,0,0,659.0,1,-86.61261,86.61261,5.63921,57.77119999999999,91.70577,49.87746,133.29981259,0.8981456,1148.1891815662384,2500,2500,2120.0,187.59549537414964,10.616476131222136,17.893641619243176,1.0,2.250856578809199,0.8231042566983328,1.3320951132011296,2.7542772285495167,40.279078,0.926345,2501,2499,2,measure_failed=1;timeout=1,1,1,dc_open_loop_gain_db,1.8602,56.747,82.1639,60.064,148.1022,0.35,1.45
opamp,SKY130-OPAMP,7,12,424345,ACO,40,-87.08896,87.08896,0,1,5.65959,66.01920000000001,91.37673,51.68052,140.3136429,1.119428,0,0,0,0,0,0,248.0,1,-87.08896,87.08896,5.65959,66.01920000000001,91.37673,51.68052,140.3136429,1.119428,1241.6658407747746,2500,2500,2480.0,27.44033042416968,7.449777776887986,20.0,1.0,2.606189481455814,0.7874533503419895,1.2727766191001195,2.358697426538641,52.12379,1.026126,2501,2499,2,measure_failed=1;timeout=1,1,1,dc_open_loop_gain_db,1.8602,56.747,82.1639,60.064,148.1022,0.35,1.45
opamp,SKY130-OPAMP,7,4,416345,ACO,40,-85.86913,85.86913,0,1,5.66378,58.44399999999999,91.55476,53.98848,135.972430485,1.11767,0,0,0,0,0,0,363.0,1,-85.86913,85.86913,5.66378,58.44399999999999,91.55476,53.98848,135.972430485,1.11767,1353.5197578445077,2500,2500,2440.0,74.91404334333734,10.606843105549167,16.836397788522916,3.7961173147320624,2.3422904778843505,0.8803383896332067,1.2841039224785276,3.0214669452809035,39.43246,3.912661,2501,2500,1,timeout=1,1,1,dc_open_loop_gain_db,1.8602,56.747,82.1639,60.064,148.1022,0.35,1.45
opamp,SKY130-OPAMP,7,7,419345,ACO,40,-86.83162,86.83162,0,1,4.70315,72.26570000000001,90.13662,52.38828,147.77346193,1.19023,0,0,0,0,0,0,481.0,1,-86.83162,86.83162,4.70315,72.26570000000001,90.13662,52.38828,147.77346193,1.19023,1488.3549899160862,2500,2500,2360.0,126.5186449979992,11.260937705319163,17.016584237147704,1.0,2.635151397695968,0.7942168645254064,1.413105149785514,3.23508201631332,44.837101,1.046441,2501,2499,2,measure_failed=1;timeout=1,1,1,dc_open_loop_gain_db,1.8602,56.747,82.1639,60.064,148.1022,0.35,1.45
opamp,SKY130-OPAMP,7,0,412345,ACO,40,-86.96012,86.96012,0,1,6.67297,57.773700000000005,93.64418,54.75402,137.16430226999998,0.8516884,0,0,0,0,0,0,84.0,1,-86.96012,86.96012,6.67297,57.773700000000005,93.64418,54.75402,137.16430226999998,0.8516884,1521.139049217105,2500,2500,2160.0,-34.30313851740696,7.230155328532292,16.59459821663419,2.1522197537333927,2.5860617867520825,0.8683230930093991,1.4114183450457627,2.084094351729775,42.915695,2.413952,2501,2498,3,measure_failed=3,0,1,dc_open_loop_gain_db,1.8602,56.747,82.1639,60.064,148.1022,0.35,1.45
opamp,SKY130-OPAMP,7,15,427345,ACO,40,-86.9834,86.9834,0,1,5.96322,57.4216,91.77575,51.49998,147.587825125,1.026639,0,0,0,0,0,0,37.0,1,-86.9834,86.9834,5.96322,57.4216,91.77575,51.49998,147.587825125,1.026639,1522.1253689676523,2500,2500,2200.0,-84.63969845338136,14.08743471017683,17.81765111670626,1.0,2.408816213884996,0.8266465029791523,1.3450386032054054,2.7379399298084546,42.925105,0.99562,2501,2500,1,measure_failed=1,0,1,dc_open_loop_gain_db,1.8602,56.747,82.1639,60.064,148.1022,0.35,1.45
opamp,SKY130-OPAMP,7,27,439345,ACO,40,-86.7494,86.7494,0,1,4.85966,71.32520000000002,91.16061,52.93008,142.785854365,1.060674,0,0,0,0,0,0,90.0,1,-86.7494,86.7494,4.85966,71.32520000000002,91.16061,52.93008,142.785854365,1.060674,1538.36442720145,2500,2500,2480.0,-35.94559276310524,5.926875200643245,18.747911458314764,2.2331739487598514,2.389406406827977,0.8566376002779923,1.4144752893939614,2.7897067553392083,44.80137,2.287361,2501,2500,1,measure_failed=1,0,1,dc_open_loop_gain_db,1.8602,56.747,82.1639,60.064,148.1022,0.35,1.45
opamp,SKY130-OPAMP,7,24,436345,ACO,40,-85.84368,85.84368,0,1,4.1059,78.57580000000002,90.10897,55.34496,139.450548,0.9701488,0,0,0,0,0,0,517.0,1,-85.84368,85.84368,4.1059,78.57580000000002,90.10897,55.34496,139.450548,0.9701488,1539.6793377250433,2500,2500,2040.0,127.08272444577828,8.595339420673948,18.08197962459338,2.4628857467394867,2.60110684573644,0.871274507673584,1.2909480811932776,3.810699638874629,47.028012,2.793188,2501,2501,0,,0,1,dc_open_loop_gain_db,1.8602,56.747,82.1639,60.064,148.1022,0.35,1.45
opamp,SKY130-OPAMP,7,3,415345,ACO,40,-87.40774,87.40774,0,1,6.05553,57.7046,91.7904,52.67717999999999,144.66504301,1.069877,0,0,0,0,0,0,75.0,1,-87.40774,87.40774,6.05553,57.7046,91.7904,52.67717999999999,144.66504301,1.069877,1538.8656470403075,2500,2500,2200.0,-53.74867708483394,13.871478222972074,13.376782698560492,1.028837737525655,2.6458523684417896,0.802800735672817,1.5570459688505376,2.5958383369337006,35.388275,1.093907,2501,2501,0,,0,1,dc_open_loop_gain_db,1.8602,56.747,82.1639,60.064,148.1022,0.35,1.45
opamp,SKY130-OPAMP,7,11,423345,ACO,40,-86.71469,86.71469,0,1,6.95174,57.41130000000001,93.06081,56.62566,140.35317282,1.013474,0,0,0,0,0,0,308.0,1,-86.71469,86.71469,6.95174,57.41130000000001,93.06081,56.62566,140.35317282,1.013474,1540.059922195971,2500,2500,2480.0,45.02730193677471,12.024276804616507,16.945867748976582,1.9500664236022467,2.786527389270054,0.8589683954838614,1.262099210757031,2.291247847569583,47.217707,2.3337,2501,2501,0,,0,1,dc_open_loop_gain_db,1.8602,56.747,82.1639,60.064,148.1022,0.35,1.45
opamp,SKY130-OPAMP,7,17,429345,ACO,40,-86.13695,86.13695,0,1,5.32676,67.2208,91.45361,56.27628,142.70868352000002,1.078632,0,0,0,0,0,0,580.0,1,-86.13695,86.13695,5.32676,67.2208,91.45361,56.27628,142.70868352000002,1.078632,1544.7887791246176,2500,2500,2480.0,155.89950469387753,11.1476611198839,17.90344777856808,2.839712303054945,2.6810395074094284,0.8651354507248239,1.2379084998583203,3.098086454142657,48.004012,3.293636,2501,2501,0,,0,1,dc_open_loop_gain_db,1.8602,56.747,82.1639,60.064,148.1022,0.35,1.45
opamp,SKY130-OPAMP,7,16,428345,ACO,40,-87.09369,87.09369,0,1,6.21214,61.42610000000002,92.17203,54.74286000000001,146.258798615,1.115063,0,0,0,0,0,0,28.0,1,-87.09369,87.09369,6.21214,61.42610000000002,92.17203,54.74286000000001,146.258798615,1.115063,1549.688766732812,2500,2500,2160.0,-84.22156637855142,10.340596164550584,18.449384836077783,1.5690256322297835,2.6425730596658044,0.8426200285630566,1.3129861015434074,2.4710705009699145,48.755473,1.747948,2501,2501,0,,0,1,dc_open_loop_gain_db,1.8602,56.747,82.1639,60.064,148.1022,0.35,1.45
opamp,SKY130-OPAMP,7,2,414345,ACO,40,-87.05495,87.05495,0,1,6.65796,59.5251,93.2963,57.213,143.692889175,0.9876082,0,0,0,0,0,0,97.0,1,-87.05495,87.05495,6.65796,59.5251,93.2963,57.213,143.692889175,0.9876082,1551.6232519298792,2500,2500,2320.0,-34.78823923169268,10.242367291541328,15.230252304258002,2.284428273342574,2.838740639627149,0.8650938789665371,1.4165862748283036,2.3012912372719208,43.23402,2.805725,2501,2501,0,,0,1,dc_open_loop_gain_db,1.8602,56.747,82.1639,60.064,148.1022,0.35,1.45
opamp,SKY130-OPAMP,7,28,440345,ACO,40,-87.44617,87.44617,0,1,5.85196,60.9237,91.96743,53.38368,148.04709835000003,1.019058,0,0,0,0,0,0,178.0,1,-87.44617,87.44617,5.85196,60.9237,91.96743,53.38368,148.04709835000003,1.019058,1552.1677514910698,2500,2500,2480.0,-5.22605811524611,12.685238382763645,14.289753511333734,1.1543210455240045,2.6591755440389946,0.8169953252112125,1.54846757615451,2.6622557837295022,37.999619,1.254638,2501,2501,0,,0,1,dc_open_loop_gain_db,1.8602,56.747,82.1639,60.064,148.1022,0.35,1.45
opamp,SKY130-OPAMP,7,8,420345,ACO,40,-86.41797,86.41797,0,1,6.31298,64.3845,92.60486,57.54276,141.921502485,1.022057,0,0,0,0,0,0,393.0,1,-86.41797,86.41797,6.31298,64.3845,92.60486,57.54276,141.921502485,1.022057,1556.719053670764,2500,2500,2200.0,74.69824244697878,8.948681002974489,19.17284514910284,2.5450490158801244,2.882493142023656,0.8596505801117336,1.1872652279991884,2.382823414307876,55.271806,3.153175,2501,2500,1,measure_failed=1,0,1,dc_open_loop_gain_db,1.8602,56.747,82.1639,60.064,148.1022,0.35,1.45
opamp,SKY130-OPAMP,7,25,437345,ACO,40,-86.72946,86.72946,0,1,5.48145,64.19579999999999,91.10033,52.99524,142.24704501,1.185718,0,0,0,0,0,0,804.0,1,-86.72946,86.72946,5.48145,64.19579999999999,91.10033,52.99524,142.24704501,1.185718,1558.339864462614,2500,2500,2240.0,253.6606146358544,9.5308359925001,19.39559724986123,1.537070696112901,2.4411480476078777,0.8418168023101923,1.2959358962010057,2.837019901557967,47.346066,1.577212,2501,2501,0,,0,1,dc_open_loop_gain_db,1.8602,56.747,82.1639,60.064,148.1022,0.35,1.45
opamp,SKY130-OPAMP,7,19,431345,ACO,40,-86.6251,86.6251,0,1,5.2427,62.2311,90.84436,50.74092,137.475930175,1.049115,0,0,0,0,0,0,535.0,1,-86.6251,86.6251,5.2427,62.2311,90.84436,50.74092,137.475930175,1.049115,1558.1557980924845,2500,2500,2500.0,138.3071340996399,12.683757277462504,17.4268654672244,1.0,2.328788469446122,0.8212680489506065,1.323486451818742,3.1435894656544887,40.579139,0.95628,2501,2500,1,measure_failed=1,0,1,dc_open_loop_gain_db,1.8602,56.747,82.1639,60.064,148.1022,0.35,1.45
opamp,SKY130-OPAMP,7,1,413345,ACO,40,-86.49595,86.49595,0,1,6.66338,61.0281,93.17681,56.68974,123.531053625,0.951272,0,0,0,0,0,0,288.0,1,-86.49595,86.49595,6.66338,61.0281,93.17681,56.68974,123.531053625,0.951272,1564.1113215759397,2500,2500,2400.0,45.50236703281314,6.8504500277249845,15.289883635731236,2.5459294449064966,2.808968676645688,0.8593424203292414,1.2927565863084078,2.0910017126742986,42.949131,3.071644,2501,2501,0,,0,1,dc_open_loop_gain_db,1.8602,56.747,82.1639,60.064,148.1022,0.35,1.45
opamp,SKY130-OPAMP,7,23,435345,ACO,40,-86.4976,86.4976,0,1,7.71074,59.29150000000001,93.49754,59.48928000000001,140.24318367499998,1.02147,0,0,0,0,0,0,111.0,1,-86.4976,86.4976,7.71074,59.29150000000001,93.49754,59.48928000000001,140.24318367499998,1.02147,1568.9019747823477,2500,2500,2120.0,-36.92133282513005,8.174095235628052,18.19283554369011,2.9561199419033866,3.120273839492674,0.8530029733283642,1.175904326441933,1.8608989764172448,56.773383,3.932518,2501,2501,0,,0,1,dc_open_loop_gain_db,1.8602,56.747,82.1639,60.064,148.1022,0.35,1.45
opamp,SKY130-OPAMP,7,22,434345,ACO,40,-86.83472,86.83472,0,1,5.43039,65.02860000000001,90.5394,51.96042,143.32595994,1.276435,0,0,0,0,0,0,477.0,1,-86.83472,86.83472,5.43039,65.02860000000001,90.5394,51.96042,143.32595994,1.276435,1571.9060314372182,2500,2500,2400.0,109.29758468387357,8.405728085090656,19.170000276470574,1.202101695761613,2.4936897831257085,0.807383753677694,1.3431092496656227,2.6475160708250223,47.804033,1.208019,2501,2498,3,measure_failed=3,0,1,dc_open_loop_gain_db,1.8602,56.747,82.1639,60.064,148.1022,0.35,1.45
opamp,SKY130-OPAMP,7,21,433345,ACO,40,-85.92792,85.92792,0,1,5.30401,62.333500000000015,91.34435,53.946000000000005,136.91277846,0.9958031,0,0,0,0,0,0,79.0,1,-85.92792,85.92792,5.30401,62.333500000000015,91.34435,53.946000000000005,136.91277846,0.9958031,1573.4594099670649,2500,2500,2360.0,-51.27581364745898,12.586146757070576,17.824278118785795,2.631998828797481,2.3825869907807773,0.8814233529984438,1.231988505309042,3.331524442611676,42.469613,2.761589,2501,2500,1,measure_failed=1,0,1,dc_open_loop_gain_db,1.8602,56.747,82.1639,60.064,148.1022,0.35,1.45
opamp,SKY130-OPAMP,7,14,426345,ACO,40,-87.21931,87.21931,0,1,6.32171,57.9289,92.58719,54.15588,140.741561205,1.084233,0,0,0,0,0,0,286.0,1,-87.21931,87.21931,6.32171,57.9289,92.58719,54.15588,140.741561205,1.084233,1584.811685591936,2500,2500,2400.0,76.69336214085635,9.41922371861005,16.23492084340511,2.025624827464633,2.497165770055348,0.8607314891138091,1.4355207527273235,2.4175482080832507,40.541486,2.176257,2501,2500,1,measure_failed=1,0,1,dc_open_loop_gain_db,1.8602,56.747,82.1639,60.064,148.1022,0.35,1.45
opamp,SKY130-OPAMP,7,26,438345,ACO,40,-86.27567,86.27567,0,1,4.88994,71.52640000000001,90.69226,54.8469,130.905209435,1.038914,0,0,0,0,0,0,166.0,1,-86.27567,86.27567,4.88994,71.52640000000001,90.69226,54.8469,130.905209435,1.038914,1590.9648457169533,2500,2500,2480.0,-4.562383551420571,11.963884149216344,15.82743878407375,1.1303689163147688,2.8025621466486053,0.8158356863332542,1.26611179603033,3.2368006329016814,44.350546,1.291833,2501,2501,0,,0,1,dc_open_loop_gain_db,1.8602,56.747,82.1639,60.064,148.1022,0.35,1.45
opamp,SKY130-OPAMP,7,10,422345,ACO,40,-86.61032,86.61032,0,1,5.40895,65.88340000000001,92.2322,52.97202,142.99814529,0.8122637,0,0,0,0,0,0,227.0,1,-86.61032,86.61032,5.40895,65.88340000000001,92.2322,52.97202,142.99814529,0.8122637,1601.2612278982997,2500,2500,2120.0,43.26780314925971,6.806345550221874,19.29333207391204,1.6725762339906731,2.458897289486853,0.8576218855510275,1.366838521974343,2.560820361635725,47.444423,1.766123,2501,2500,1,measure_failed=1,0,1,dc_open_loop_gain_db,1.8602,56.747,82.1639,60.064,148.1022,0.35,1.45
